model,dataset,k,cv,purity,nmi,td,seed,runtime_seconds,status,error,evaluation_protocol,top_n,cv_source,td_definition,assignment_source,topic_source
sbert_minilm,20ng,50,,0.5661148254271463,0.48014775775432594,0.12933333333333333,42,105.627,ok,,ecrtm_hicot,15,palmetto_wikipedia,dieng_unique_words_top15,kmeans_on_embeddings,cluster-derived
sbert_minilm,20ng,100,,0.5880292900350207,0.4617986544848813,0.14933333333333335,42,123.66,ok,,ecrtm_hicot,15,palmetto_wikipedia,dieng_unique_words_top15,kmeans_on_embeddings,cluster-derived
sbert_minilm,imdb,50,,,,,42,3.328,error,"imdb requires the `datasets` package: pip install datasets
Traceback (most recent call last):
  File ""/raid/brunoguilherme/DeepGenerativeTopicCluster/src/vaebm_benchmark/datasets/definitions/hf_benchmarks.py"", line 25, in _download_raw
    from datasets import load_dataset
ModuleNotFoundError: No module named 'datasets'

The above exception was the direct cause of the following exception:

Traceback (most recent call last):
  File ""/raid/brunoguilherme/DeepGenerativeTopicCluster/src/vaebm_benchmark/experiment/runner.py"", line 361, in run_single
    documents, labels, _num_classes = load_dataset(dataset_id)
                                      ^^^^^^^^^^^^^^^^^^^^^^^^
  File ""/raid/brunoguilherme/DeepGenerativeTopicCluster/src/vaebm_benchmark/datasets/simple_registry.py"", line 106, in load_dataset
    return LOADERS[resolved]()
           ^^^^^^^^^^^^^^^^^^^
  File ""/raid/brunoguilherme/DeepGenerativeTopicCluster/src/vaebm_benchmark/datasets/simple_registry.py"", line 37, in _imdb
    loaded = IMDBDataset().load()
             ^^^^^^^^^^^^^^^^^^^^
ImportError: imdb requires the `datasets` package: pip install datasets
",ecrtm_hicot,15,palmetto_wikipedia,dieng_unique_words_top15,,
sbert_minilm,imdb,50,,,,,42,4.625,error,"imdb requires the `datasets` package: pip install datasets
Traceback (most recent call last):
  File ""/raid/brunoguilherme/DeepGenerativeTopicCluster/src/vaebm_benchmark/datasets/definitions/hf_benchmarks.py"", line 25, in _download_raw
    from datasets import load_dataset
ModuleNotFoundError: No module named 'datasets'

The above exception was the direct cause of the following exception:

Traceback (most recent call last):
  File ""/raid/brunoguilherme/DeepGenerativeTopicCluster/src/vaebm_benchmark/experiment/runner.py"", line 361, in run_single
    documents, labels, _num_classes = load_dataset(dataset_id)
                                      ^^^^^^^^^^^^^^^^^^^^^^^^
  File ""/raid/brunoguilherme/DeepGenerativeTopicCluster/src/vaebm_benchmark/datasets/simple_registry.py"", line 106, in load_dataset
    return LOADERS[resolved]()
           ^^^^^^^^^^^^^^^^^^^
  File ""/raid/brunoguilherme/DeepGenerativeTopicCluster/src/vaebm_benchmark/datasets/simple_registry.py"", line 37, in _imdb
    loaded = IMDBDataset().load()
             ^^^^^^^^^^^^^^^^^^^^
ImportError: imdb requires the `datasets` package: pip install datasets
",ecrtm_hicot,15,palmetto_wikipedia,dieng_unique_words_top15,,
sbert_minilm,imdb,50,,,,,42,5.015,error,"imdb requires the `datasets` package: pip install datasets
Traceback (most recent call last):
  File ""/raid/brunoguilherme/DeepGenerativeTopicCluster/src/vaebm_benchmark/datasets/definitions/hf_benchmarks.py"", line 25, in _download_raw
    from datasets import load_dataset
ModuleNotFoundError: No module named 'datasets'

The above exception was the direct cause of the following exception:

Traceback (most recent call last):
  File ""/raid/brunoguilherme/DeepGenerativeTopicCluster/src/vaebm_benchmark/experiment/runner.py"", line 361, in run_single
    documents, labels, _num_classes = load_dataset(dataset_id)
                                      ^^^^^^^^^^^^^^^^^^^^^^^^
  File ""/raid/brunoguilherme/DeepGenerativeTopicCluster/src/vaebm_benchmark/datasets/simple_registry.py"", line 106, in load_dataset
    return LOADERS[resolved]()
           ^^^^^^^^^^^^^^^^^^^
  File ""/raid/brunoguilherme/DeepGenerativeTopicCluster/src/vaebm_benchmark/datasets/simple_registry.py"", line 37, in _imdb
    loaded = IMDBDataset().load()
             ^^^^^^^^^^^^^^^^^^^^
ImportError: imdb requires the `datasets` package: pip install datasets
",ecrtm_hicot,15,palmetto_wikipedia,dieng_unique_words_top15,,
sbert_minilm,imdb,100,,,,,42,3.178,error,"imdb requires the `datasets` package: pip install datasets
Traceback (most recent call last):
  File ""/raid/brunoguilherme/DeepGenerativeTopicCluster/src/vaebm_benchmark/datasets/definitions/hf_benchmarks.py"", line 25, in _download_raw
    from datasets import load_dataset
ModuleNotFoundError: No module named 'datasets'

The above exception was the direct cause of the following exception:

Traceback (most recent call last):
  File ""/raid/brunoguilherme/DeepGenerativeTopicCluster/src/vaebm_benchmark/experiment/runner.py"", line 361, in run_single
    documents, labels, _num_classes = load_dataset(dataset_id)
                                      ^^^^^^^^^^^^^^^^^^^^^^^^
  File ""/raid/brunoguilherme/DeepGenerativeTopicCluster/src/vaebm_benchmark/datasets/simple_registry.py"", line 106, in load_dataset
    return LOADERS[resolved]()
           ^^^^^^^^^^^^^^^^^^^
  File ""/raid/brunoguilherme/DeepGenerativeTopicCluster/src/vaebm_benchmark/datasets/simple_registry.py"", line 37, in _imdb
    loaded = IMDBDataset().load()
             ^^^^^^^^^^^^^^^^^^^^
ImportError: imdb requires the `datasets` package: pip install datasets
",ecrtm_hicot,15,palmetto_wikipedia,dieng_unique_words_top15,,
sbert_minilm,imdb,100,,,,,42,5.108,error,"imdb requires the `datasets` package: pip install datasets
Traceback (most recent call last):
  File ""/raid/brunoguilherme/DeepGenerativeTopicCluster/src/vaebm_benchmark/datasets/definitions/hf_benchmarks.py"", line 25, in _download_raw
    from datasets import load_dataset
ModuleNotFoundError: No module named 'datasets'

The above exception was the direct cause of the following exception:

Traceback (most recent call last):
  File ""/raid/brunoguilherme/DeepGenerativeTopicCluster/src/vaebm_benchmark/experiment/runner.py"", line 361, in run_single
    documents, labels, _num_classes = load_dataset(dataset_id)
                                      ^^^^^^^^^^^^^^^^^^^^^^^^
  File ""/raid/brunoguilherme/DeepGenerativeTopicCluster/src/vaebm_benchmark/datasets/simple_registry.py"", line 106, in load_dataset
    return LOADERS[resolved]()
           ^^^^^^^^^^^^^^^^^^^
  File ""/raid/brunoguilherme/DeepGenerativeTopicCluster/src/vaebm_benchmark/datasets/simple_registry.py"", line 37, in _imdb
    loaded = IMDBDataset().load()
             ^^^^^^^^^^^^^^^^^^^^
ImportError: imdb requires the `datasets` package: pip install datasets
",ecrtm_hicot,15,palmetto_wikipedia,dieng_unique_words_top15,,
sbert_minilm,imdb,100,,,,,42,5.238,error,"imdb requires the `datasets` package: pip install datasets
Traceback (most recent call last):
  File ""/raid/brunoguilherme/DeepGenerativeTopicCluster/src/vaebm_benchmark/datasets/definitions/hf_benchmarks.py"", line 25, in _download_raw
    from datasets import load_dataset
ModuleNotFoundError: No module named 'datasets'

The above exception was the direct cause of the following exception:

Traceback (most recent call last):
  File ""/raid/brunoguilherme/DeepGenerativeTopicCluster/src/vaebm_benchmark/experiment/runner.py"", line 361, in run_single
    documents, labels, _num_classes = load_dataset(dataset_id)
                                      ^^^^^^^^^^^^^^^^^^^^^^^^
  File ""/raid/brunoguilherme/DeepGenerativeTopicCluster/src/vaebm_benchmark/datasets/simple_registry.py"", line 106, in load_dataset
    return LOADERS[resolved]()
           ^^^^^^^^^^^^^^^^^^^
  File ""/raid/brunoguilherme/DeepGenerativeTopicCluster/src/vaebm_benchmark/datasets/simple_registry.py"", line 37, in _imdb
    loaded = IMDBDataset().load()
             ^^^^^^^^^^^^^^^^^^^^
ImportError: imdb requires the `datasets` package: pip install datasets
",ecrtm_hicot,15,palmetto_wikipedia,dieng_unique_words_top15,,
sbert_minilm,agnews_short,50,0.4673844,0.855375,0.35925728030308274,0.8453333333333334,42,84.051,ok,,ecrtm_hicot,15,palmetto_wikipedia,dieng_unique_words_top15,kmeans_on_embeddings,cluster-derived
sbert_minilm,agnews_short,100,0.4697019,0.85825,0.32937332581538914,0.7746666666666666,42,135.283,ok,,ecrtm_hicot,15,palmetto_wikipedia,dieng_unique_words_top15,kmeans_on_embeddings,cluster-derived
sbert_minilm,search_snippets,50,0.4538606,0.8397893030794166,0.4835034117670396,0.8413333333333334,42,94.166,ok,,ecrtm_hicot,15,palmetto_wikipedia,dieng_unique_words_top15,kmeans_on_embeddings,cluster-derived
sbert_minilm,search_snippets,100,0.4419637,0.863776337115073,0.46557463650650777,0.7893333333333333,42,154.258,ok,,ecrtm_hicot,15,palmetto_wikipedia,dieng_unique_words_top15,kmeans_on_embeddings,cluster-derived
sbert_minilm,stack_overflow,50,0.44669559999999997,0.743,0.6276654888976732,0.376,42,72.104,ok,,ecrtm_hicot,15,palmetto_wikipedia,dieng_unique_words_top15,kmeans_on_embeddings,cluster-derived
sbert_minilm,stack_overflow,100,0.4390864,0.7584,0.5836801640182575,0.404,42,129.912,ok,,ecrtm_hicot,15,palmetto_wikipedia,dieng_unique_words_top15,kmeans_on_embeddings,cluster-derived
sbert_minilm,biomedical,50,0.5516422,0.5507,0.4246414523939157,0.452,42,69.144,ok,,ecrtm_hicot,15,palmetto_wikipedia,dieng_unique_words_top15,kmeans_on_embeddings,cluster-derived
sbert_minilm,biomedical,100,0.5439849,0.54515,0.3976923383278887,0.4533333333333333,42,108.806,ok,,ecrtm_hicot,15,palmetto_wikipedia,dieng_unique_words_top15,kmeans_on_embeddings,cluster-derived
sbert_minilm,google_news_ts,50,0.4583532,0.6529840669727248,0.8565482789935146,0.9093333333333333,42,90.125,ok,,ecrtm_hicot,15,palmetto_wikipedia,dieng_unique_words_top15,kmeans_on_embeddings,cluster-derived
sbert_minilm,google_news_ts,100,0.45065449999999996,0.8392294535961833,0.9126910874604021,0.8133333333333334,42,167.679,ok,,ecrtm_hicot,15,palmetto_wikipedia,dieng_unique_words_top15,kmeans_on_embeddings,cluster-derived
sbert_minilm,google_news_t,50,0.42321640000000005,0.5761613251710479,0.7741459196327767,0.9013333333333333,42,95.444,ok,,ecrtm_hicot,15,palmetto_wikipedia,dieng_unique_words_top15,kmeans_on_embeddings,cluster-derived
sbert_minilm,google_news_t,100,0.4171216,0.7736766294562477,0.8495688832527547,0.808,42,186.578,ok,,ecrtm_hicot,15,palmetto_wikipedia,dieng_unique_words_top15,kmeans_on_embeddings,cluster-derived
sbert_minilm,google_news_s,50,0.46896160000000003,0.6167626935541952,0.821384213406533,0.9026666666666666,42,95.062,ok,,ecrtm_hicot,15,palmetto_wikipedia,dieng_unique_words_top15,kmeans_on_embeddings,cluster-derived
sbert_minilm,google_news_s,100,0.445903,0.7921317969031328,0.8700862242409452,0.8013333333333333,42,167.243,ok,,ecrtm_hicot,15,palmetto_wikipedia,dieng_unique_words_top15,kmeans_on_embeddings,cluster-derived
sbert_minilm,tweet,50,0.40223640000000005,0.81957928802589,0.8552634881688073,0.8746666666666667,42,97.6,ok,,ecrtm_hicot,15,palmetto_wikipedia,dieng_unique_words_top15,kmeans_on_embeddings,cluster-derived
sbert_minilm,tweet,100,,0.9219255663430421,0.8687839858005512,0.7773333333333333,42,168.291,ok,,ecrtm_hicot,15,palmetto_wikipedia,dieng_unique_words_top15,kmeans_on_embeddings,cluster-derived
sbert_minilm,hicot_20ng,50,0.43018500000000004,0.6093070147511408,0.5197334742157516,0.43333333333333335,42,201.409,ok,,ecrtm_hicot,15,palmetto_wikipedia,dieng_unique_words_top15,kmeans_on_embeddings,cluster-derived
sbert_minilm,hicot_20ng,100,0.4265246,0.6449113870317309,0.5074884147491167,0.4033333333333333,42,327.193,ok,,ecrtm_hicot,15,palmetto_wikipedia,dieng_unique_words_top15,kmeans_on_embeddings,cluster-derived
sbert_minilm,hicot_imdb,50,0.3234492,0.70294,0.05474813523173438,0.156,42,449.907,ok,,ecrtm_hicot,15,palmetto_wikipedia,dieng_unique_words_top15,kmeans_on_embeddings,cluster-derived
sbert_minilm,hicot_imdb,100,,0.71444,0.05257240803039988,0.15066666666666667,42,711.013,ok,,ecrtm_hicot,15,palmetto_wikipedia,dieng_unique_words_top15,kmeans_on_embeddings,cluster-derived
sbert_minilm,hicot_agnews,50,0.4491946,0.83672,0.34740170211424193,0.796,42,123.471,ok,,ecrtm_hicot,15,palmetto_wikipedia,dieng_unique_words_top15,kmeans_on_embeddings,cluster-derived
sbert_minilm,hicot_agnews,100,0.43796300000000005,0.83928,0.3136423912323638,0.7213333333333334,42,186.687,ok,,ecrtm_hicot,15,palmetto_wikipedia,dieng_unique_words_top15,kmeans_on_embeddings,cluster-derived
sbert_minilm,hicot_search_snippets,50,0.458476,0.8536684561574752,0.49271712914095095,0.8786666666666667,42,99.829,ok,,ecrtm_hicot,15,palmetto_wikipedia,dieng_unique_words_top15,kmeans_on_embeddings,cluster-derived
sbert_minilm,hicot_search_snippets,100,0.43896219999999997,0.8591182690743452,0.46329314156541834,0.766,42,161.305,ok,,ecrtm_hicot,15,palmetto_wikipedia,dieng_unique_words_top15,kmeans_on_embeddings,cluster-derived
sbert_minilm,hicot_google_news,50,0.4263154,0.5881658952718033,0.787266968051007,0.9133333333333333,42,101.086,ok,,ecrtm_hicot,15,palmetto_wikipedia,dieng_unique_words_top15,kmeans_on_embeddings,cluster-derived
sbert_minilm,hicot_google_news,100,0.41029780000000005,0.7830111625374353,0.8588890706699353,0.8046666666666666,42,185.247,ok,,ecrtm_hicot,15,palmetto_wikipedia,dieng_unique_words_top15,kmeans_on_embeddings,cluster-derived
sbert_mpnet,20ng,50,,0.612225405921681,0.5178093759263565,0.128,42,257.559,ok,,ecrtm_hicot,15,palmetto_wikipedia,dieng_unique_words_top15,kmeans_on_embeddings,cluster-derived
sbert_mpnet,20ng,100,,0.6264989918285048,0.4931688244554725,0.14266666666666666,42,283.302,ok,,ecrtm_hicot,15,palmetto_wikipedia,dieng_unique_words_top15,kmeans_on_embeddings,cluster-derived
sbert_mpnet,imdb,50,0.4535498,0.7077,0.06024187576829165,0.036,42,723.814,ok,,ecrtm_hicot,15,palmetto_wikipedia,dieng_unique_words_top15,kmeans_on_embeddings,cluster-derived
sbert_mpnet,imdb,100,0.4567199,0.72184,0.057354134082218816,0.024,42,782.336,ok,,ecrtm_hicot,15,palmetto_wikipedia,dieng_unique_words_top15,kmeans_on_embeddings,cluster-derived
sbert_mpnet,agnews_short,50,0.464285,0.8545,0.36689548871560224,0.8426666666666667,42,93.186,ok,,ecrtm_hicot,15,palmetto_wikipedia,dieng_unique_words_top15,kmeans_on_embeddings,cluster-derived
sbert_mpnet,agnews_short,100,0.45250860000000004,0.86425,0.3387507040842704,0.7793333333333333,42,155.923,ok,,ecrtm_hicot,15,palmetto_wikipedia,dieng_unique_words_top15,kmeans_on_embeddings,cluster-derived
sbert_mpnet,search_snippets,50,0.4513086,0.8364667747163695,0.47995247289663323,0.8546666666666667,42,116.433,ok,,ecrtm_hicot,15,palmetto_wikipedia,dieng_unique_words_top15,kmeans_on_embeddings,cluster-derived
sbert_mpnet,search_snippets,100,0.44208240000000004,0.8484602917341977,0.4509988142398365,0.7746666666666666,42,188.158,ok,,ecrtm_hicot,15,palmetto_wikipedia,dieng_unique_words_top15,kmeans_on_embeddings,cluster-derived
sbert_mpnet,stack_overflow,50,0.4427882,0.74345,0.6355105627116305,0.35333333333333333,42,90.179,ok,,ecrtm_hicot,15,palmetto_wikipedia,dieng_unique_words_top15,kmeans_on_embeddings,cluster-derived
sbert_mpnet,stack_overflow,100,0.4441559,0.7475,0.5808008274259902,0.3913333333333333,42,156.523,ok,,ecrtm_hicot,15,palmetto_wikipedia,dieng_unique_words_top15,kmeans_on_embeddings,cluster-derived
sbert_mpnet,biomedical,50,0.5528854,0.5242,0.40605462470070325,0.452,42,95.874,ok,,ecrtm_hicot,15,palmetto_wikipedia,dieng_unique_words_top15,kmeans_on_embeddings,cluster-derived
sbert_mpnet,biomedical,100,0.5538281,0.5299,0.3939151047692384,0.466,42,137.432,ok,,ecrtm_hicot,15,palmetto_wikipedia,dieng_unique_words_top15,kmeans_on_embeddings,cluster-derived
sbert_mpnet,google_news_ts,50,0.4646606,0.6302997569538212,0.8598485282901895,0.9133333333333333,42,108.625,ok,,ecrtm_hicot,15,palmetto_wikipedia,dieng_unique_words_top15,kmeans_on_embeddings,cluster-derived
sbert_mpnet,google_news_ts,100,0.4488568,0.8488612836438924,0.9211497059538143,0.8253333333333334,42,183.499,ok,,ecrtm_hicot,15,palmetto_wikipedia,dieng_unique_words_top15,kmeans_on_embeddings,cluster-derived
sbert_mpnet,google_news_t,50,0.4262164,0.5956967951026287,0.8007491907505725,0.9133333333333333,42,101.214,ok,,ecrtm_hicot,15,palmetto_wikipedia,dieng_unique_words_top15,kmeans_on_embeddings,cluster-derived
sbert_mpnet,google_news_t,100,0.4158885,0.784029528267915,0.8621384007287239,0.8226666666666667,42,203.028,ok,,ecrtm_hicot,15,palmetto_wikipedia,dieng_unique_words_top15,kmeans_on_embeddings,cluster-derived
sbert_mpnet,google_news_s,50,0.4687346,0.6218041051494418,0.8293158852059279,0.912,42,103.909,ok,,ecrtm_hicot,15,palmetto_wikipedia,dieng_unique_words_top15,kmeans_on_embeddings,cluster-derived
sbert_mpnet,google_news_s,100,0.4454376,0.8077061577241628,0.8808617700719111,0.8166666666666667,42,196.52,ok,,ecrtm_hicot,15,palmetto_wikipedia,dieng_unique_words_top15,kmeans_on_embeddings,cluster-derived
sbert_mpnet,tweet,50,0.3982806,0.8394012944983819,0.8868231309819253,0.8973333333333333,42,102.827,ok,,ecrtm_hicot,15,palmetto_wikipedia,dieng_unique_words_top15,kmeans_on_embeddings,cluster-derived
sbert_mpnet,tweet,100,,0.9251618122977346,0.8674860792651369,0.786,42,180.051,ok,,ecrtm_hicot,15,palmetto_wikipedia,dieng_unique_words_top15,kmeans_on_embeddings,cluster-derived
sbert_mpnet,hicot_20ng,50,0.4287972,0.6184336198662846,0.5359893646375778,0.4493333333333333,42,279.876,ok,,ecrtm_hicot,15,palmetto_wikipedia,dieng_unique_words_top15,kmeans_on_embeddings,cluster-derived
sbert_mpnet,hicot_20ng,100,0.42436349999999995,0.6446460787435,0.5107660858263818,0.414,42,419.976,ok,,ecrtm_hicot,15,palmetto_wikipedia,dieng_unique_words_top15,kmeans_on_embeddings,cluster-derived
sbert_mpnet,hicot_imdb,50,0.32318579999999997,0.70336,0.059934721118906284,0.136,42,656.473,ok,,ecrtm_hicot,15,palmetto_wikipedia,dieng_unique_words_top15,kmeans_on_embeddings,cluster-derived
sbert_mpnet,hicot_imdb,100,,0.7204,0.05676499156612342,0.142,42,948.482,ok,,ecrtm_hicot,15,palmetto_wikipedia,dieng_unique_words_top15,kmeans_on_embeddings,cluster-derived
sbert_mpnet,hicot_agnews,50,0.4616946,0.846,0.35832343740787004,0.7933333333333333,42,124.703,ok,,ecrtm_hicot,15,palmetto_wikipedia,dieng_unique_words_top15,kmeans_on_embeddings,cluster-derived
sbert_mpnet,hicot_agnews,100,0.4348433,0.85496,0.33146063730902225,0.6926666666666667,42,196.84,ok,,ecrtm_hicot,15,palmetto_wikipedia,dieng_unique_words_top15,kmeans_on_embeddings,cluster-derived
sbert_mpnet,hicot_search_snippets,50,0.45338700000000004,0.8488693671709777,0.49621176333248296,0.8466666666666667,42,107.27,ok,,ecrtm_hicot,15,palmetto_wikipedia,dieng_unique_words_top15,kmeans_on_embeddings,cluster-derived
sbert_mpnet,hicot_search_snippets,100,0.44425370000000003,0.867414999186595,0.46558021524382226,0.756,42,179.804,ok,,ecrtm_hicot,15,palmetto_wikipedia,dieng_unique_words_top15,kmeans_on_embeddings,cluster-derived
sbert_mpnet,hicot_google_news,50,0.4221374,0.6192939468191306,0.812293688347776,0.9066666666666666,42,100.119,ok,,ecrtm_hicot,15,palmetto_wikipedia,dieng_unique_words_top15,kmeans_on_embeddings,cluster-derived
sbert_mpnet,hicot_google_news,100,0.41584350000000003,0.7772030129775842,0.8605511788086577,0.7933333333333333,42,205.008,ok,,ecrtm_hicot,15,palmetto_wikipedia,dieng_unique_words_top15,kmeans_on_embeddings,cluster-derived
sbert_t5,20ng,50,0.47197224489795925,0.612490714209912,0.5203678805117603,0.11333333333333333,42,309.31,ok,,ecrtm_hicot,15,palmetto_wikipedia,dieng_unique_words_top15,kmeans_on_embeddings,cluster-derived
sbert_t5,20ng,100,0.4797332323232323,0.6359970285471718,0.493989725302097,0.13666666666666666,42,327.598,ok,,ecrtm_hicot,15,palmetto_wikipedia,dieng_unique_words_top15,kmeans_on_embeddings,cluster-derived
sbert_t5,imdb,50,0.4544294,0.87384,0.1649736921748905,0.04,42,961.477,ok,,ecrtm_hicot,15,palmetto_wikipedia,dieng_unique_words_top15,kmeans_on_embeddings,cluster-derived
sbert_t5,imdb,100,0.4549588,0.88834,0.15063701498930662,0.02666666666666667,42,1019.471,ok,,ecrtm_hicot,15,palmetto_wikipedia,dieng_unique_words_top15,kmeans_on_embeddings,cluster-derived
sbert_t5,agnews_short,50,0.4651148,0.83225,0.348979033438047,0.8213333333333334,42,105.251,ok,,ecrtm_hicot,15,palmetto_wikipedia,dieng_unique_words_top15,kmeans_on_embeddings,cluster-derived
sbert_t5,agnews_short,100,0.45805219999999996,0.855625,0.32716154170117057,0.738,42,169.498,ok,,ecrtm_hicot,15,palmetto_wikipedia,dieng_unique_words_top15,kmeans_on_embeddings,cluster-derived
sbert_t5,search_snippets,50,0.4449606,0.7773905996758509,0.4353452280789434,0.8333333333333334,42,131.111,ok,,ecrtm_hicot,15,palmetto_wikipedia,dieng_unique_words_top15,kmeans_on_embeddings,cluster-derived
sbert_t5,search_snippets,100,0.439848,0.8213938411669368,0.4296552246293762,0.7413333333333333,42,206.31,ok,,ecrtm_hicot,15,palmetto_wikipedia,dieng_unique_words_top15,kmeans_on_embeddings,cluster-derived
sbert_t5,stack_overflow,50,0.4486178,0.8589,0.7296156413764997,0.37733333333333335,42,95.059,ok,,ecrtm_hicot,15,palmetto_wikipedia,dieng_unique_words_top15,kmeans_on_embeddings,cluster-derived
sbert_t5,stack_overflow,100,0.4373792,0.87235,0.6740705808437663,0.342,42,161.929,ok,,ecrtm_hicot,15,palmetto_wikipedia,dieng_unique_words_top15,kmeans_on_embeddings,cluster-derived
sbert_t5,biomedical,50,0.5332562,0.5204,0.39800123707933127,0.38533333333333336,42,113.548,ok,,ecrtm_hicot,15,palmetto_wikipedia,dieng_unique_words_top15,kmeans_on_embeddings,cluster-derived
sbert_t5,biomedical,100,0.5312870000000001,0.534,0.3812886728506903,0.39,42,148.002,ok,,ecrtm_hicot,15,palmetto_wikipedia,dieng_unique_words_top15,kmeans_on_embeddings,cluster-derived
sbert_t5,google_news_ts,50,0.4577722,0.6667566837699163,0.8661039226854251,0.9106666666666666,42,132.263,ok,,ecrtm_hicot,15,palmetto_wikipedia,dieng_unique_words_top15,kmeans_on_embeddings,cluster-derived
sbert_t5,google_news_ts,100,0.44582140000000003,0.8325681879557116,0.9091939897889998,0.8153333333333334,42,210.066,ok,,ecrtm_hicot,15,palmetto_wikipedia,dieng_unique_words_top15,kmeans_on_embeddings,cluster-derived
sbert_t5,google_news_t,50,0.42944879999999996,0.5970471732084984,0.7791462325530543,0.9213333333333333,42,106.801,ok,,ecrtm_hicot,15,palmetto_wikipedia,dieng_unique_words_top15,kmeans_on_embeddings,cluster-derived
sbert_t5,google_news_t,100,0.41220860000000004,0.7888908894490457,0.8556117488978733,0.8106666666666666,42,203.176,ok,,ecrtm_hicot,15,palmetto_wikipedia,dieng_unique_words_top15,kmeans_on_embeddings,cluster-derived
sbert_t5,google_news_s,50,0.45836140000000003,0.6240547353258913,0.822974340129395,0.8893333333333333,42,128.903,ok,,ecrtm_hicot,15,palmetto_wikipedia,dieng_unique_words_top15,kmeans_on_embeddings,cluster-derived
sbert_t5,google_news_s,100,0.4484923,0.7931220741807706,0.8717125705374131,0.8026666666666666,42,203.76,ok,,ecrtm_hicot,15,palmetto_wikipedia,dieng_unique_words_top15,kmeans_on_embeddings,cluster-derived
sbert_t5,tweet,50,0.40503,0.8098705501618123,0.848711791610822,0.8626666666666667,42,97.943,ok,,ecrtm_hicot,15,palmetto_wikipedia,dieng_unique_words_top15,kmeans_on_embeddings,cluster-derived
sbert_t5,tweet,100,0.39933480000000005,0.9142394822006472,0.862304242782915,0.7793333333333333,42,181.936,ok,,ecrtm_hicot,15,palmetto_wikipedia,dieng_unique_words_top15,kmeans_on_embeddings,cluster-derived
sbert_t5,hicot_20ng,50,0.4319914,0.6439562771940995,0.5456783989339506,0.43066666666666664,42,360.285,ok,,ecrtm_hicot,15,palmetto_wikipedia,dieng_unique_words_top15,kmeans_on_embeddings,cluster-derived
sbert_t5,hicot_20ng,100,0.4285227,0.6645972620184655,0.5200453500097727,0.4106666666666667,42,464.32,ok,,ecrtm_hicot,15,palmetto_wikipedia,dieng_unique_words_top15,kmeans_on_embeddings,cluster-derived
sbert_t5,hicot_imdb,50,0.32542160000000003,0.806,0.11552533255568202,0.13866666666666666,42,822.247,ok,,ecrtm_hicot,15,palmetto_wikipedia,dieng_unique_words_top15,kmeans_on_embeddings,cluster-derived
sbert_t5,hicot_imdb,100,,0.81036,0.10226029374812519,0.13,42,1118.456,ok,,ecrtm_hicot,15,palmetto_wikipedia,dieng_unique_words_top15,kmeans_on_embeddings,cluster-derived
sbert_t5,hicot_agnews,50,0.4497748,0.82736,0.3391662089035103,0.7866666666666666,42,144.849,ok,,ecrtm_hicot,15,palmetto_wikipedia,dieng_unique_words_top15,kmeans_on_embeddings,cluster-derived
sbert_t5,hicot_agnews,100,0.4324104,0.84896,0.32107666636755305,0.6966666666666667,42,221.397,ok,,ecrtm_hicot,15,palmetto_wikipedia,dieng_unique_words_top15,kmeans_on_embeddings,cluster-derived
sbert_t5,hicot_search_snippets,50,0.4550978,0.7863185293639173,0.4418829941096074,0.832,42,122.644,ok,,ecrtm_hicot,15,palmetto_wikipedia,dieng_unique_words_top15,kmeans_on_embeddings,cluster-derived
sbert_t5,hicot_search_snippets,100,0.4434794,0.8149503823003091,0.4279477579241339,0.7486666666666667,42,195.993,ok,,ecrtm_hicot,15,palmetto_wikipedia,dieng_unique_words_top15,kmeans_on_embeddings,cluster-derived
sbert_t5,hicot_google_news,50,0.4266608,0.5983301570015428,0.7874876135349367,0.92,42,107.036,ok,,ecrtm_hicot,15,palmetto_wikipedia,dieng_unique_words_top15,kmeans_on_embeddings,cluster-derived
sbert_t5,hicot_google_news,100,0.41602890000000003,0.778927307378165,0.8514445912271575,0.8053333333333333,42,200.453,ok,,ecrtm_hicot,15,palmetto_wikipedia,dieng_unique_words_top15,kmeans_on_embeddings,cluster-derived
sbert_e5,20ng,50,0.472834081632653,0.6240581555767802,0.5276566560568724,0.11733333333333333,42,739.883,ok,,ecrtm_hicot,15,palmetto_wikipedia,dieng_unique_words_top15,kmeans_on_embeddings,cluster-derived
sbert_e5,20ng,100,0.4819283838383838,0.6410909476812056,0.5049898550241096,0.144,42,766.916,ok,,ecrtm_hicot,15,palmetto_wikipedia,dieng_unique_words_top15,kmeans_on_embeddings,cluster-derived
sbert_e5,imdb,50,0.4640642,0.91708,0.20702653493938414,0.037333333333333336,42,2274.254,ok,,ecrtm_hicot,15,palmetto_wikipedia,dieng_unique_words_top15,kmeans_on_embeddings,cluster-derived
sbert_e5,imdb,100,0.46630119999999997,0.9243,0.18441182422643473,0.022,42,2356.271,ok,,ecrtm_hicot,15,palmetto_wikipedia,dieng_unique_words_top15,kmeans_on_embeddings,cluster-derived
sbert_e5,agnews_short,50,0.4563724,0.875125,0.38508241570146756,0.8293333333333334,42,136.864,ok,,ecrtm_hicot,15,palmetto_wikipedia,dieng_unique_words_top15,kmeans_on_embeddings,cluster-derived
sbert_e5,agnews_short,100,0.4554878,0.873625,0.350735688834121,0.7486666666666667,42,188.694,ok,,ecrtm_hicot,15,palmetto_wikipedia,dieng_unique_words_top15,kmeans_on_embeddings,cluster-derived
sbert_e5,search_snippets,50,0.44349200000000005,0.7964343598055106,0.456400072029863,0.7706666666666667,42,166.097,ok,,ecrtm_hicot,15,palmetto_wikipedia,dieng_unique_words_top15,kmeans_on_embeddings,cluster-derived
sbert_e5,search_snippets,100,0.43721829999999995,0.8153160453808752,0.4327461662983145,0.7133333333333334,42,242.885,ok,,ecrtm_hicot,15,palmetto_wikipedia,dieng_unique_words_top15,kmeans_on_embeddings,cluster-derived
sbert_e5,stack_overflow,50,0.43216659999999996,0.85435,0.7259012256689733,0.36933333333333335,42,131.565,ok,,ecrtm_hicot,15,palmetto_wikipedia,dieng_unique_words_top15,kmeans_on_embeddings,cluster-derived
sbert_e5,stack_overflow,100,0.43498,0.86945,0.6720981064409686,0.37066666666666664,42,201.758,ok,,ecrtm_hicot,15,palmetto_wikipedia,dieng_unique_words_top15,kmeans_on_embeddings,cluster-derived
sbert_e5,biomedical,50,0.548501,0.5882,0.4666723580387752,0.452,42,159.13,ok,,ecrtm_hicot,15,palmetto_wikipedia,dieng_unique_words_top15,kmeans_on_embeddings,cluster-derived
sbert_e5,biomedical,100,0.545579,0.6047,0.44279143499615564,0.43533333333333335,42,209.633,ok,,ecrtm_hicot,15,palmetto_wikipedia,dieng_unique_words_top15,kmeans_on_embeddings,cluster-derived
sbert_e5,google_news_ts,50,0.45941679999999996,0.6607255378521919,0.8682433180046562,0.912,42,161.355,ok,,ecrtm_hicot,15,palmetto_wikipedia,dieng_unique_words_top15,kmeans_on_embeddings,cluster-derived
sbert_e5,google_news_ts,100,0.4470686,0.842830137726168,0.9186447006036291,0.82,42,247.361,ok,,ecrtm_hicot,15,palmetto_wikipedia,dieng_unique_words_top15,kmeans_on_embeddings,cluster-derived
sbert_e5,google_news_t,50,0.4291216,0.6074900972272236,0.803698108071327,0.9053333333333333,42,121.146,ok,,ecrtm_hicot,15,palmetto_wikipedia,dieng_unique_words_top15,kmeans_on_embeddings,cluster-derived
sbert_e5,google_news_t,100,0.4166332,0.7982535109830753,0.868524510524366,0.8166666666666667,42,215.769,ok,,ecrtm_hicot,15,palmetto_wikipedia,dieng_unique_words_top15,kmeans_on_embeddings,cluster-derived
sbert_e5,google_news_s,50,0.463016,0.6380986676269356,0.8302865918247526,0.8906666666666667,42,152.406,ok,,ecrtm_hicot,15,palmetto_wikipedia,dieng_unique_words_top15,kmeans_on_embeddings,cluster-derived
sbert_e5,google_news_s,100,0.4475325,0.8104969391429601,0.878986747346971,0.7753333333333333,42,239.224,ok,,ecrtm_hicot,15,palmetto_wikipedia,dieng_unique_words_top15,kmeans_on_embeddings,cluster-derived
sbert_e5,tweet,50,0.3989494,0.8280744336569579,0.861239018411977,0.8786666666666667,42,105.214,ok,,ecrtm_hicot,15,palmetto_wikipedia,dieng_unique_words_top15,kmeans_on_embeddings,cluster-derived
sbert_e5,tweet,100,,0.9057443365695793,0.8505149996736776,0.7646666666666667,42,179.862,ok,,ecrtm_hicot,15,palmetto_wikipedia,dieng_unique_words_top15,kmeans_on_embeddings,cluster-derived
sbert_e5,hicot_20ng,50,0.4244518,0.6445930170858538,0.5636727294803084,0.472,42,497.834,ok,,ecrtm_hicot,15,palmetto_wikipedia,dieng_unique_words_top15,kmeans_on_embeddings,cluster-derived
sbert_e5,hicot_20ng,100,0.42140079999999996,0.6773320598535498,0.535816994504313,0.40066666666666667,42,626.196,ok,,ecrtm_hicot,15,palmetto_wikipedia,dieng_unique_words_top15,kmeans_on_embeddings,cluster-derived
sbert_e5,hicot_imdb,50,0.3308488,0.76464,0.08939520192359621,0.14266666666666666,42,1158.037,ok,,ecrtm_hicot,15,palmetto_wikipedia,dieng_unique_words_top15,kmeans_on_embeddings,cluster-derived
sbert_e5,hicot_imdb,100,,0.75444,0.078560582690714,0.13733333333333334,42,1474.456,ok,,ecrtm_hicot,15,palmetto_wikipedia,dieng_unique_words_top15,kmeans_on_embeddings,cluster-derived
sbert_e5,hicot_agnews,50,0.4598138,0.85848,0.3689135274188797,0.7973333333333333,42,166.7,ok,,ecrtm_hicot,15,palmetto_wikipedia,dieng_unique_words_top15,kmeans_on_embeddings,cluster-derived
sbert_e5,hicot_agnews,100,0.4398747,0.87232,0.34076611929770817,0.6966666666666667,42,254.078,ok,,ecrtm_hicot,15,palmetto_wikipedia,dieng_unique_words_top15,kmeans_on_embeddings,cluster-derived
sbert_e5,hicot_search_snippets,50,0.44110720000000003,0.8047014803969416,0.4609480814830268,0.7893333333333333,42,151.959,ok,,ecrtm_hicot,15,palmetto_wikipedia,dieng_unique_words_top15,kmeans_on_embeddings,cluster-derived
sbert_e5,hicot_search_snippets,100,0.44075400000000003,0.8424434683585489,0.44677418186228063,0.6886666666666666,42,238.918,ok,,ecrtm_hicot,15,palmetto_wikipedia,dieng_unique_words_top15,kmeans_on_embeddings,cluster-derived
sbert_e5,hicot_google_news,50,0.42586640000000003,0.6241038206733823,0.818220570166321,0.92,42,116.833,ok,,ecrtm_hicot,15,palmetto_wikipedia,dieng_unique_words_top15,kmeans_on_embeddings,cluster-derived
sbert_e5,hicot_google_news,100,0.4160814,0.8035211906706597,0.8713492743413085,0.8086666666666666,42,222.44,ok,,ecrtm_hicot,15,palmetto_wikipedia,dieng_unique_words_top15,kmeans_on_embeddings,cluster-derived
sbert_bge,20ng,50,0.46623367346938777,0.6507481693728112,0.5474376948029955,0.12266666666666666,42,741.335,ok,,ecrtm_hicot,15,palmetto_wikipedia,dieng_unique_words_top15,kmeans_on_embeddings,cluster-derived
sbert_bge,20ng,100,0.4786629292929293,0.6581237397856309,0.5145832843335255,0.174,42,767.483,ok,,ecrtm_hicot,15,palmetto_wikipedia,dieng_unique_words_top15,kmeans_on_embeddings,cluster-derived
sbert_bge,imdb,50,0.45347360000000003,0.93252,0.2272153688351092,0.034666666666666665,42,2278.18,ok,,ecrtm_hicot,15,palmetto_wikipedia,dieng_unique_words_top15,kmeans_on_embeddings,cluster-derived
sbert_bge,imdb,100,0.45673220000000003,0.93394,0.19856275064063095,0.024666666666666667,42,2365.394,ok,,ecrtm_hicot,15,palmetto_wikipedia,dieng_unique_words_top15,kmeans_on_embeddings,cluster-derived
sbert_bge,agnews_short,50,0.4732368,0.86825,0.37764811498649575,0.8533333333333334,42,127.234,ok,,ecrtm_hicot,15,palmetto_wikipedia,dieng_unique_words_top15,kmeans_on_embeddings,cluster-derived
sbert_bge,agnews_short,100,0.46102,0.880125,0.34836040072825447,0.774,42,193.71,ok,,ecrtm_hicot,15,palmetto_wikipedia,dieng_unique_words_top15,kmeans_on_embeddings,cluster-derived
sbert_bge,search_snippets,50,0.4471604,0.7774716369529984,0.4354941812034364,0.8106666666666666,42,171.668,ok,,ecrtm_hicot,15,palmetto_wikipedia,dieng_unique_words_top15,kmeans_on_embeddings,cluster-derived
sbert_bge,search_snippets,100,0.4394272,0.8146677471636953,0.4246994601050625,0.7273333333333334,42,239.75,ok,,ecrtm_hicot,15,palmetto_wikipedia,dieng_unique_words_top15,kmeans_on_embeddings,cluster-derived
sbert_bge,stack_overflow,50,0.43436199999999997,0.865,0.7310459374032009,0.37066666666666664,42,136.01,ok,,ecrtm_hicot,15,palmetto_wikipedia,dieng_unique_words_top15,kmeans_on_embeddings,cluster-derived
sbert_bge,stack_overflow,100,0.4373955,0.86795,0.6680316905902233,0.39066666666666666,42,207.661,ok,,ecrtm_hicot,15,palmetto_wikipedia,dieng_unique_words_top15,kmeans_on_embeddings,cluster-derived
sbert_bge,biomedical,50,0.5410904,0.5709,0.4461353397470772,0.45866666666666667,42,161.954,ok,,ecrtm_hicot,15,palmetto_wikipedia,dieng_unique_words_top15,kmeans_on_embeddings,cluster-derived
sbert_bge,biomedical,100,0.5502778,0.5803,0.425416438309137,0.4553333333333333,42,207.294,ok,,ecrtm_hicot,15,palmetto_wikipedia,dieng_unique_words_top15,kmeans_on_embeddings,cluster-derived
sbert_bge,google_news_ts,50,0.453092,0.6626158970204339,0.8685821460490637,0.9066666666666666,42,159.925,ok,,ecrtm_hicot,15,palmetto_wikipedia,dieng_unique_words_top15,kmeans_on_embeddings,cluster-derived
sbert_bge,google_news_ts,100,0.45250280000000004,0.8445404626879107,0.9193654450947628,0.8133333333333334,42,240.773,ok,,ecrtm_hicot,15,palmetto_wikipedia,dieng_unique_words_top15,kmeans_on_embeddings,cluster-derived
sbert_bge,google_news_t,50,0.4320376,0.6079402232625135,0.8057686500804897,0.9226666666666666,42,118.423,ok,,ecrtm_hicot,15,palmetto_wikipedia,dieng_unique_words_top15,kmeans_on_embeddings,cluster-derived
sbert_bge,google_news_t,100,0.42093200000000003,0.7753871083903493,0.8578076027245198,0.8066666666666666,42,220.153,ok,,ecrtm_hicot,15,palmetto_wikipedia,dieng_unique_words_top15,kmeans_on_embeddings,cluster-derived
sbert_bge,google_news_s,50,0.45845579999999997,0.6312567518905293,0.834164036013931,0.9066666666666666,42,149.366,ok,,ecrtm_hicot,15,palmetto_wikipedia,dieng_unique_words_top15,kmeans_on_embeddings,cluster-derived
sbert_bge,google_news_s,100,0.45421120000000004,0.8023046453006842,0.8877372060215757,0.808,42,229.637,ok,,ecrtm_hicot,15,palmetto_wikipedia,dieng_unique_words_top15,kmeans_on_embeddings,cluster-derived
sbert_bge,tweet,50,0.4005558,0.8260517799352751,0.8641140226294781,0.876,42,103.647,ok,,ecrtm_hicot,15,palmetto_wikipedia,dieng_unique_words_top15,kmeans_on_embeddings,cluster-derived
sbert_bge,tweet,100,0.4004056,0.9203074433656958,0.8672202636899143,0.778,42,188.166,ok,,ecrtm_hicot,15,palmetto_wikipedia,dieng_unique_words_top15,kmeans_on_embeddings,cluster-derived
sbert_bge,hicot_20ng,50,0.423335,0.6747851002865329,0.5694124058199176,0.476,42,501.817,ok,,ecrtm_hicot,15,palmetto_wikipedia,dieng_unique_words_top15,kmeans_on_embeddings,cluster-derived
sbert_bge,hicot_20ng,100,0.420925,0.6710707842513,0.5327431520264235,0.432,42,631.305,ok,,ecrtm_hicot,15,palmetto_wikipedia,dieng_unique_words_top15,kmeans_on_embeddings,cluster-derived
sbert_bge,hicot_imdb,50,0.32156480000000004,0.82894,0.1331003779917523,0.12666666666666668,42,1180.334,ok,,ecrtm_hicot,15,palmetto_wikipedia,dieng_unique_words_top15,kmeans_on_embeddings,cluster-derived
sbert_bge,hicot_imdb,100,,0.8377,0.11937050997523413,0.11933333333333333,42,1478.856,ok,,ecrtm_hicot,15,palmetto_wikipedia,dieng_unique_words_top15,kmeans_on_embeddings,cluster-derived
sbert_bge,hicot_agnews,50,0.4552444,0.8596,0.3696658724313676,0.8066666666666666,42,168.362,ok,,ecrtm_hicot,15,palmetto_wikipedia,dieng_unique_words_top15,kmeans_on_embeddings,cluster-derived
sbert_bge,hicot_agnews,100,0.44133229999999996,0.87352,0.3434273828593695,0.7153333333333334,42,246.07,ok,,ecrtm_hicot,15,palmetto_wikipedia,dieng_unique_words_top15,kmeans_on_embeddings,cluster-derived
sbert_bge,hicot_search_snippets,50,0.441597,0.8043761184317554,0.45106421580123995,0.812,42,150.183,ok,,ecrtm_hicot,15,palmetto_wikipedia,dieng_unique_words_top15,kmeans_on_embeddings,cluster-derived
sbert_bge,hicot_search_snippets,100,0.43730310000000006,0.8216203025866277,0.43159559168950723,0.712,42,228.808,ok,,ecrtm_hicot,15,palmetto_wikipedia,dieng_unique_words_top15,kmeans_on_embeddings,cluster-derived
sbert_bge,hicot_google_news,50,0.42596559999999994,0.6146655776386242,0.8134211588751443,0.9253333333333333,42,115.769,ok,,ecrtm_hicot,15,palmetto_wikipedia,dieng_unique_words_top15,kmeans_on_embeddings,cluster-derived
sbert_bge,hicot_google_news,100,0.41238430000000004,0.7919048915509574,0.8654570152574982,0.816,42,221.096,ok,,ecrtm_hicot,15,palmetto_wikipedia,dieng_unique_words_top15,kmeans_on_embeddings,cluster-derived
sbert_gte,20ng,50,0.4687012244897959,0.6460256818423008,0.5481175647366497,0.13066666666666665,42,142.626,ok,,ecrtm_hicot,15,palmetto_wikipedia,dieng_unique_words_top15,kmeans_on_embeddings,cluster-derived
sbert_gte,20ng,100,0.47646292929292927,0.6594502812267855,0.5138299167799131,0.16133333333333333,42,172.659,ok,,ecrtm_hicot,15,palmetto_wikipedia,dieng_unique_words_top15,kmeans_on_embeddings,cluster-derived
sbert_gte,imdb,50,0.4527294,0.9226,0.20405019648066322,0.03866666666666667,42,356.684,ok,,ecrtm_hicot,15,palmetto_wikipedia,dieng_unique_words_top15,kmeans_on_embeddings,cluster-derived
sbert_gte,imdb,100,0.4561867,0.9199,0.178205622505652,0.023333333333333334,42,410.838,ok,,ecrtm_hicot,15,palmetto_wikipedia,dieng_unique_words_top15,kmeans_on_embeddings,cluster-derived
sbert_gte,agnews_short,50,0.48315739999999996,0.880375,0.3857397974772718,0.8573333333333333,42,79.104,ok,,ecrtm_hicot,15,palmetto_wikipedia,dieng_unique_words_top15,kmeans_on_embeddings,cluster-derived
sbert_gte,agnews_short,100,0.4699897,0.87675,0.3493965081661323,0.7833333333333333,42,129.854,ok,,ecrtm_hicot,15,palmetto_wikipedia,dieng_unique_words_top15,kmeans_on_embeddings,cluster-derived
sbert_gte,search_snippets,50,0.46400820000000004,0.8633711507293355,0.5065230789628647,0.8573333333333333,42,100.408,ok,,ecrtm_hicot,15,palmetto_wikipedia,dieng_unique_words_top15,kmeans_on_embeddings,cluster-derived
sbert_gte,search_snippets,100,0.4485189,0.8663695299837926,0.4711531666608899,0.7666666666666667,42,165.264,ok,,ecrtm_hicot,15,palmetto_wikipedia,dieng_unique_words_top15,kmeans_on_embeddings,cluster-derived
sbert_gte,stack_overflow,50,0.4363054,0.86865,0.7390771151809999,0.37066666666666664,42,78.181,ok,,ecrtm_hicot,15,palmetto_wikipedia,dieng_unique_words_top15,kmeans_on_embeddings,cluster-derived
sbert_gte,stack_overflow,100,0.4303029,0.8747,0.6733036387558138,0.39466666666666667,42,141.371,ok,,ecrtm_hicot,15,palmetto_wikipedia,dieng_unique_words_top15,kmeans_on_embeddings,cluster-derived
sbert_gte,biomedical,50,0.5462861999999999,0.57245,0.44875354441057413,0.46,42,81.171,ok,,ecrtm_hicot,15,palmetto_wikipedia,dieng_unique_words_top15,kmeans_on_embeddings,cluster-derived
sbert_gte,biomedical,100,0.5494881,0.57885,0.4248315801110312,0.45466666666666666,42,116.322,ok,,ecrtm_hicot,15,palmetto_wikipedia,dieng_unique_words_top15,kmeans_on_embeddings,cluster-derived
sbert_gte,google_news_ts,50,0.4636442,0.6619857772976866,0.8752383060532656,0.916,42,95.684,ok,,ecrtm_hicot,15,palmetto_wikipedia,dieng_unique_words_top15,kmeans_on_embeddings,cluster-derived
sbert_gte,google_news_ts,100,0.44708539999999997,0.8545323611486182,0.9253605502677313,0.818,42,176.326,ok,,ecrtm_hicot,15,palmetto_wikipedia,dieng_unique_words_top15,kmeans_on_embeddings,cluster-derived
sbert_gte,google_news_t,50,0.4314246,0.6242347857400072,0.8201264369986375,0.928,42,97.399,ok,,ecrtm_hicot,15,palmetto_wikipedia,dieng_unique_words_top15,kmeans_on_embeddings,cluster-derived
sbert_gte,google_news_t,100,0.4170751,0.7948325531148721,0.8744994535976462,0.8146666666666667,42,193.042,ok,,ecrtm_hicot,15,palmetto_wikipedia,dieng_unique_words_top15,kmeans_on_embeddings,cluster-derived
sbert_gte,google_news_s,50,0.46146299999999996,0.6329672308246309,0.837590964027775,0.8946666666666667,42,92.337,ok,,ecrtm_hicot,15,palmetto_wikipedia,dieng_unique_words_top15,kmeans_on_embeddings,cluster-derived
sbert_gte,google_news_s,100,0.4475517,0.8148181490817429,0.8982845661775167,0.8126666666666666,42,176.528,ok,,ecrtm_hicot,15,palmetto_wikipedia,dieng_unique_words_top15,kmeans_on_embeddings,cluster-derived
sbert_gte,tweet,50,0.40471359999999995,0.8422330097087378,0.8784006332049052,0.8826666666666667,42,91.904,ok,,ecrtm_hicot,15,palmetto_wikipedia,dieng_unique_words_top15,kmeans_on_embeddings,cluster-derived
sbert_gte,tweet,100,,0.926779935275081,0.8792705602583871,0.7733333333333333,42,177.916,ok,,ecrtm_hicot,15,palmetto_wikipedia,dieng_unique_words_top15,kmeans_on_embeddings,cluster-derived
sbert_gte,hicot_20ng,50,0.4272404,0.673352435530086,0.5768861261483105,0.49466666666666664,42,215.777,ok,,ecrtm_hicot,15,palmetto_wikipedia,dieng_unique_words_top15,kmeans_on_embeddings,cluster-derived
sbert_gte,hicot_20ng,100,0.4236873,0.6882096996710177,0.547565034375509,0.442,42,344.185,ok,,ecrtm_hicot,15,palmetto_wikipedia,dieng_unique_words_top15,kmeans_on_embeddings,cluster-derived
sbert_gte,hicot_imdb,50,0.325685,0.80128,0.1107532297390922,0.148,42,520.195,ok,,ecrtm_hicot,15,palmetto_wikipedia,dieng_unique_words_top15,kmeans_on_embeddings,cluster-derived
sbert_gte,hicot_imdb,100,,0.80008,0.09841949405565718,0.15066666666666667,42,833.896,ok,,ecrtm_hicot,15,palmetto_wikipedia,dieng_unique_words_top15,kmeans_on_embeddings,cluster-derived
sbert_gte,hicot_agnews,50,0.4567108,0.8692,0.37339229547456765,0.808,42,110.321,ok,,ecrtm_hicot,15,palmetto_wikipedia,dieng_unique_words_top15,kmeans_on_embeddings,cluster-derived
sbert_gte,hicot_agnews,100,0.43449869999999996,0.8732,0.3413283055036635,0.7053333333333334,42,195.484,ok,,ecrtm_hicot,15,palmetto_wikipedia,dieng_unique_words_top15,kmeans_on_embeddings,cluster-derived
sbert_gte,hicot_search_snippets,50,0.4527938,0.8718073857166098,0.5110384805689625,0.8533333333333334,42,98.608,ok,,ecrtm_hicot,15,palmetto_wikipedia,dieng_unique_words_top15,kmeans_on_embeddings,cluster-derived
sbert_gte,hicot_search_snippets,100,0.4443113,0.8766064747031072,0.47692544603355513,0.762,42,171.992,ok,,ecrtm_hicot,15,palmetto_wikipedia,dieng_unique_words_top15,kmeans_on_embeddings,cluster-derived
sbert_gte,hicot_google_news,50,0.4305208,0.6277339141482893,0.8194847921699083,0.9226666666666666,42,92.737,ok,,ecrtm_hicot,15,palmetto_wikipedia,dieng_unique_words_top15,kmeans_on_embeddings,cluster-derived
sbert_gte,hicot_google_news,100,0.4069775,0.7912696251928487,0.8723998489934863,0.8186666666666667,42,197.577,ok,,ecrtm_hicot,15,palmetto_wikipedia,dieng_unique_words_top15,kmeans_on_embeddings,cluster-derived
sbert_msmpnet,20ng,50,,,,,42,6.29,error,"401 Client Error. (Request ID: Root=1-6aa66d07-31a206741c51492371aa23d1;93b15a34-8d66-41ae-b343-38ce20e5af43)

Repository Not Found for url: https://huggingface.co/sentence-transformers/msmarco-mpnet-base-v4/resolve/main/modules.json.
Please make sure you specified the correct `repo_id` and `repo_type`.
If you are trying to access a private or gated repo, make sure you are authenticated and your token has the required permissions.
For more details, see https://huggingface.co/docs/huggingface_hub/authentication
Invalid username or password.
httpx.HTTPStatusError: Client error '401 Unauthorized' for url 'https://huggingface.co/sentence-transformers/msmarco-mpnet-base-v4/resolve/main/modules.json'
For more information check: https://developer.mozilla.org/en-US/docs/Web/HTTP/Status/401

The above exception was the direct cause of the following exception:

Traceback (most recent call last):
  File ""/raid/brunoguilherme/DeepGenerativeTopicCluster/src/vaebm_benchmark/experiment/runner.py"", line 364, in run_single
    model.fit(documents)
  File ""/raid/brunoguilherme/DeepGenerativeTopicCluster/src/vaebm_benchmark/models/sbert_kmeans_adapter.py"", line 79, in fit
    self._encoder = SentenceTransformer(self.embedder_name)
                    ^^^^^^^^^^^^^^^^^^^^^^^^^^^^^^^^^^^^^^^
  File ""/raid/brunoguilherme/venvs/dgtc/lib/python3.12/site-packages/sentence_transformers/util/decorators.py"", line 46, in wrapper
    return func(*args, **kwargs)
           ^^^^^^^^^^^^^^^^^^^^^
huggingface_hub.errors.RepositoryNotFoundError: 401 Client Error. (Request ID: Root=1-6aa66d07-31a206741c51492371aa23d1;93b15a34-8d66-41ae-b343-38ce20e5af43)

Repository Not Found for url: https://huggingface.co/sentence-transformers/msmarco-mpnet-base-v4/resolve/main/modules.json.
Please make sure you specified the correct `repo_id` and `repo_type`.
If you are trying to access a private or gated repo, make sure you are authenticated and your token has the required permissions.
For more details, see https://huggingface.co/docs/huggingface_hub/authentication
Invalid username or password.
",ecrtm_hicot,15,palmetto_wikipedia,dieng_unique_words_top15,,
sbert_msmpnet,20ng,50,,,,,42,6.925,error,"401 Client Error. (Request ID: Root=1-6aa66d24-6cc0f66a55b80f492fdd6da4;b4b49894-c739-4e32-9ffe-0471e542cd74)

Repository Not Found for url: https://huggingface.co/sentence-transformers/msmarco-mpnet-base-v4/resolve/main/modules.json.
Please make sure you specified the correct `repo_id` and `repo_type`.
If you are trying to access a private or gated repo, make sure you are authenticated and your token has the required permissions.
For more details, see https://huggingface.co/docs/huggingface_hub/authentication
Invalid username or password.
httpx.HTTPStatusError: Client error '401 Unauthorized' for url 'https://huggingface.co/sentence-transformers/msmarco-mpnet-base-v4/resolve/main/modules.json'
For more information check: https://developer.mozilla.org/en-US/docs/Web/HTTP/Status/401

The above exception was the direct cause of the following exception:

Traceback (most recent call last):
  File ""/raid/brunoguilherme/DeepGenerativeTopicCluster/src/vaebm_benchmark/experiment/runner.py"", line 364, in run_single
    model.fit(documents)
  File ""/raid/brunoguilherme/DeepGenerativeTopicCluster/src/vaebm_benchmark/models/sbert_kmeans_adapter.py"", line 79, in fit
    self._encoder = SentenceTransformer(self.embedder_name)
                    ^^^^^^^^^^^^^^^^^^^^^^^^^^^^^^^^^^^^^^^
  File ""/raid/brunoguilherme/venvs/dgtc/lib/python3.12/site-packages/sentence_transformers/util/decorators.py"", line 46, in wrapper
    return func(*args, **kwargs)
           ^^^^^^^^^^^^^^^^^^^^^
huggingface_hub.errors.RepositoryNotFoundError: 401 Client Error. (Request ID: Root=1-6aa66d24-6cc0f66a55b80f492fdd6da4;b4b49894-c739-4e32-9ffe-0471e542cd74)

Repository Not Found for url: https://huggingface.co/sentence-transformers/msmarco-mpnet-base-v4/resolve/main/modules.json.
Please make sure you specified the correct `repo_id` and `repo_type`.
If you are trying to access a private or gated repo, make sure you are authenticated and your token has the required permissions.
For more details, see https://huggingface.co/docs/huggingface_hub/authentication
Invalid username or password.
",ecrtm_hicot,15,palmetto_wikipedia,dieng_unique_words_top15,,
sbert_msmpnet,20ng,50,,,,,42,8.292,error,"401 Client Error. (Request ID: Root=1-6aa66d42-4305869e0531bf72594ec63d;2e2c4624-2657-4846-a56f-470e06247655)

Repository Not Found for url: https://huggingface.co/sentence-transformers/msmarco-mpnet-base-v4/resolve/main/modules.json.
Please make sure you specified the correct `repo_id` and `repo_type`.
If you are trying to access a private or gated repo, make sure you are authenticated and your token has the required permissions.
For more details, see https://huggingface.co/docs/huggingface_hub/authentication
Invalid username or password.
httpx.HTTPStatusError: Client error '401 Unauthorized' for url 'https://huggingface.co/sentence-transformers/msmarco-mpnet-base-v4/resolve/main/modules.json'
For more information check: https://developer.mozilla.org/en-US/docs/Web/HTTP/Status/401

The above exception was the direct cause of the following exception:

Traceback (most recent call last):
  File ""/raid/brunoguilherme/DeepGenerativeTopicCluster/src/vaebm_benchmark/experiment/runner.py"", line 364, in run_single
    model.fit(documents)
  File ""/raid/brunoguilherme/DeepGenerativeTopicCluster/src/vaebm_benchmark/models/sbert_kmeans_adapter.py"", line 79, in fit
    self._encoder = SentenceTransformer(self.embedder_name)
                    ^^^^^^^^^^^^^^^^^^^^^^^^^^^^^^^^^^^^^^^
  File ""/raid/brunoguilherme/venvs/dgtc/lib/python3.12/site-packages/sentence_transformers/util/decorators.py"", line 46, in wrapper
    return func(*args, **kwargs)
           ^^^^^^^^^^^^^^^^^^^^^
huggingface_hub.errors.RepositoryNotFoundError: 401 Client Error. (Request ID: Root=1-6aa66d42-4305869e0531bf72594ec63d;2e2c4624-2657-4846-a56f-470e06247655)

Repository Not Found for url: https://huggingface.co/sentence-transformers/msmarco-mpnet-base-v4/resolve/main/modules.json.
Please make sure you specified the correct `repo_id` and `repo_type`.
If you are trying to access a private or gated repo, make sure you are authenticated and your token has the required permissions.
For more details, see https://huggingface.co/docs/huggingface_hub/authentication
Invalid username or password.
",ecrtm_hicot,15,palmetto_wikipedia,dieng_unique_words_top15,,
sbert_msmpnet,20ng,100,,,,,42,6.363,error,"401 Client Error. (Request ID: Root=1-6aa66d4a-4bfb97d4180d46ef09f7e0d2;b29aab2e-239f-4865-834f-4a3996c70983)

Repository Not Found for url: https://huggingface.co/sentence-transformers/msmarco-mpnet-base-v4/resolve/main/modules.json.
Please make sure you specified the correct `repo_id` and `repo_type`.
If you are trying to access a private or gated repo, make sure you are authenticated and your token has the required permissions.
For more details, see https://huggingface.co/docs/huggingface_hub/authentication
Invalid username or password.
httpx.HTTPStatusError: Client error '401 Unauthorized' for url 'https://huggingface.co/sentence-transformers/msmarco-mpnet-base-v4/resolve/main/modules.json'
For more information check: https://developer.mozilla.org/en-US/docs/Web/HTTP/Status/401

The above exception was the direct cause of the following exception:

Traceback (most recent call last):
  File ""/raid/brunoguilherme/DeepGenerativeTopicCluster/src/vaebm_benchmark/experiment/runner.py"", line 364, in run_single
    model.fit(documents)
  File ""/raid/brunoguilherme/DeepGenerativeTopicCluster/src/vaebm_benchmark/models/sbert_kmeans_adapter.py"", line 79, in fit
    self._encoder = SentenceTransformer(self.embedder_name)
                    ^^^^^^^^^^^^^^^^^^^^^^^^^^^^^^^^^^^^^^^
  File ""/raid/brunoguilherme/venvs/dgtc/lib/python3.12/site-packages/sentence_transformers/util/decorators.py"", line 46, in wrapper
    return func(*args, **kwargs)
           ^^^^^^^^^^^^^^^^^^^^^
huggingface_hub.errors.RepositoryNotFoundError: 401 Client Error. (Request ID: Root=1-6aa66d4a-4bfb97d4180d46ef09f7e0d2;b29aab2e-239f-4865-834f-4a3996c70983)

Repository Not Found for url: https://huggingface.co/sentence-transformers/msmarco-mpnet-base-v4/resolve/main/modules.json.
Please make sure you specified the correct `repo_id` and `repo_type`.
If you are trying to access a private or gated repo, make sure you are authenticated and your token has the required permissions.
For more details, see https://huggingface.co/docs/huggingface_hub/authentication
Invalid username or password.
",ecrtm_hicot,15,palmetto_wikipedia,dieng_unique_words_top15,,
sbert_msmpnet,20ng,100,,,,,42,8.758,error,"401 Client Error. (Request ID: Root=1-6aa66d68-552a253c73e756d4375f9297;7ba006de-eb34-49ff-9d9c-1e40def6aa29)

Repository Not Found for url: https://huggingface.co/sentence-transformers/msmarco-mpnet-base-v4/resolve/main/modules.json.
Please make sure you specified the correct `repo_id` and `repo_type`.
If you are trying to access a private or gated repo, make sure you are authenticated and your token has the required permissions.
For more details, see https://huggingface.co/docs/huggingface_hub/authentication
Invalid username or password.
httpx.HTTPStatusError: Client error '401 Unauthorized' for url 'https://huggingface.co/sentence-transformers/msmarco-mpnet-base-v4/resolve/main/modules.json'
For more information check: https://developer.mozilla.org/en-US/docs/Web/HTTP/Status/401

The above exception was the direct cause of the following exception:

Traceback (most recent call last):
  File ""/raid/brunoguilherme/DeepGenerativeTopicCluster/src/vaebm_benchmark/experiment/runner.py"", line 364, in run_single
    model.fit(documents)
  File ""/raid/brunoguilherme/DeepGenerativeTopicCluster/src/vaebm_benchmark/models/sbert_kmeans_adapter.py"", line 79, in fit
    self._encoder = SentenceTransformer(self.embedder_name)
                    ^^^^^^^^^^^^^^^^^^^^^^^^^^^^^^^^^^^^^^^
  File ""/raid/brunoguilherme/venvs/dgtc/lib/python3.12/site-packages/sentence_transformers/util/decorators.py"", line 46, in wrapper
    return func(*args, **kwargs)
           ^^^^^^^^^^^^^^^^^^^^^
huggingface_hub.errors.RepositoryNotFoundError: 401 Client Error. (Request ID: Root=1-6aa66d68-552a253c73e756d4375f9297;7ba006de-eb34-49ff-9d9c-1e40def6aa29)

Repository Not Found for url: https://huggingface.co/sentence-transformers/msmarco-mpnet-base-v4/resolve/main/modules.json.
Please make sure you specified the correct `repo_id` and `repo_type`.
If you are trying to access a private or gated repo, make sure you are authenticated and your token has the required permissions.
For more details, see https://huggingface.co/docs/huggingface_hub/authentication
Invalid username or password.
",ecrtm_hicot,15,palmetto_wikipedia,dieng_unique_words_top15,,
sbert_msmpnet,20ng,100,,,,,42,9.212,error,"401 Client Error. (Request ID: Root=1-6aa66d87-1817024e7991a3ba76b810d6;8b746f7b-8b53-4d3c-a0bb-db860806b4ea)

Repository Not Found for url: https://huggingface.co/sentence-transformers/msmarco-mpnet-base-v4/resolve/main/modules.json.
Please make sure you specified the correct `repo_id` and `repo_type`.
If you are trying to access a private or gated repo, make sure you are authenticated and your token has the required permissions.
For more details, see https://huggingface.co/docs/huggingface_hub/authentication
Invalid username or password.
httpx.HTTPStatusError: Client error '401 Unauthorized' for url 'https://huggingface.co/sentence-transformers/msmarco-mpnet-base-v4/resolve/main/modules.json'
For more information check: https://developer.mozilla.org/en-US/docs/Web/HTTP/Status/401

The above exception was the direct cause of the following exception:

Traceback (most recent call last):
  File ""/raid/brunoguilherme/DeepGenerativeTopicCluster/src/vaebm_benchmark/experiment/runner.py"", line 364, in run_single
    model.fit(documents)
  File ""/raid/brunoguilherme/DeepGenerativeTopicCluster/src/vaebm_benchmark/models/sbert_kmeans_adapter.py"", line 79, in fit
    self._encoder = SentenceTransformer(self.embedder_name)
                    ^^^^^^^^^^^^^^^^^^^^^^^^^^^^^^^^^^^^^^^
  File ""/raid/brunoguilherme/venvs/dgtc/lib/python3.12/site-packages/sentence_transformers/util/decorators.py"", line 46, in wrapper
    return func(*args, **kwargs)
           ^^^^^^^^^^^^^^^^^^^^^
huggingface_hub.errors.RepositoryNotFoundError: 401 Client Error. (Request ID: Root=1-6aa66d87-1817024e7991a3ba76b810d6;8b746f7b-8b53-4d3c-a0bb-db860806b4ea)

Repository Not Found for url: https://huggingface.co/sentence-transformers/msmarco-mpnet-base-v4/resolve/main/modules.json.
Please make sure you specified the correct `repo_id` and `repo_type`.
If you are trying to access a private or gated repo, make sure you are authenticated and your token has the required permissions.
For more details, see https://huggingface.co/docs/huggingface_hub/authentication
Invalid username or password.
",ecrtm_hicot,15,palmetto_wikipedia,dieng_unique_words_top15,,
sbert_msmpnet,imdb,50,,,,,42,8.001,error,"401 Client Error. (Request ID: Root=1-6aa66d91-5f37c21b5dcc9ab82a79c073;206529d5-7f64-4ced-b0e5-96342d4d4906)

Repository Not Found for url: https://huggingface.co/sentence-transformers/msmarco-mpnet-base-v4/resolve/main/modules.json.
Please make sure you specified the correct `repo_id` and `repo_type`.
If you are trying to access a private or gated repo, make sure you are authenticated and your token has the required permissions.
For more details, see https://huggingface.co/docs/huggingface_hub/authentication
Invalid username or password.
httpx.HTTPStatusError: Client error '401 Unauthorized' for url 'https://huggingface.co/sentence-transformers/msmarco-mpnet-base-v4/resolve/main/modules.json'
For more information check: https://developer.mozilla.org/en-US/docs/Web/HTTP/Status/401

The above exception was the direct cause of the following exception:

Traceback (most recent call last):
  File ""/raid/brunoguilherme/DeepGenerativeTopicCluster/src/vaebm_benchmark/experiment/runner.py"", line 364, in run_single
    model.fit(documents)
  File ""/raid/brunoguilherme/DeepGenerativeTopicCluster/src/vaebm_benchmark/models/sbert_kmeans_adapter.py"", line 79, in fit
    self._encoder = SentenceTransformer(self.embedder_name)
                    ^^^^^^^^^^^^^^^^^^^^^^^^^^^^^^^^^^^^^^^
  File ""/raid/brunoguilherme/venvs/dgtc/lib/python3.12/site-packages/sentence_transformers/util/decorators.py"", line 46, in wrapper
    return func(*args, **kwargs)
           ^^^^^^^^^^^^^^^^^^^^^
huggingface_hub.errors.RepositoryNotFoundError: 401 Client Error. (Request ID: Root=1-6aa66d91-5f37c21b5dcc9ab82a79c073;206529d5-7f64-4ced-b0e5-96342d4d4906)

Repository Not Found for url: https://huggingface.co/sentence-transformers/msmarco-mpnet-base-v4/resolve/main/modules.json.
Please make sure you specified the correct `repo_id` and `repo_type`.
If you are trying to access a private or gated repo, make sure you are authenticated and your token has the required permissions.
For more details, see https://huggingface.co/docs/huggingface_hub/authentication
Invalid username or password.
",ecrtm_hicot,15,palmetto_wikipedia,dieng_unique_words_top15,,
sbert_msmpnet,imdb,50,,,,,42,7.811,error,"401 Client Error. (Request ID: Root=1-6aa66daf-4be7e15636fcf28b2f179a18;68ab3f58-dc35-4e5f-ba76-6de43911e417)

Repository Not Found for url: https://huggingface.co/sentence-transformers/msmarco-mpnet-base-v4/resolve/main/modules.json.
Please make sure you specified the correct `repo_id` and `repo_type`.
If you are trying to access a private or gated repo, make sure you are authenticated and your token has the required permissions.
For more details, see https://huggingface.co/docs/huggingface_hub/authentication
Invalid username or password.
httpx.HTTPStatusError: Client error '401 Unauthorized' for url 'https://huggingface.co/sentence-transformers/msmarco-mpnet-base-v4/resolve/main/modules.json'
For more information check: https://developer.mozilla.org/en-US/docs/Web/HTTP/Status/401

The above exception was the direct cause of the following exception:

Traceback (most recent call last):
  File ""/raid/brunoguilherme/DeepGenerativeTopicCluster/src/vaebm_benchmark/experiment/runner.py"", line 364, in run_single
    model.fit(documents)
  File ""/raid/brunoguilherme/DeepGenerativeTopicCluster/src/vaebm_benchmark/models/sbert_kmeans_adapter.py"", line 79, in fit
    self._encoder = SentenceTransformer(self.embedder_name)
                    ^^^^^^^^^^^^^^^^^^^^^^^^^^^^^^^^^^^^^^^
  File ""/raid/brunoguilherme/venvs/dgtc/lib/python3.12/site-packages/sentence_transformers/util/decorators.py"", line 46, in wrapper
    return func(*args, **kwargs)
           ^^^^^^^^^^^^^^^^^^^^^
huggingface_hub.errors.RepositoryNotFoundError: 401 Client Error. (Request ID: Root=1-6aa66daf-4be7e15636fcf28b2f179a18;68ab3f58-dc35-4e5f-ba76-6de43911e417)

Repository Not Found for url: https://huggingface.co/sentence-transformers/msmarco-mpnet-base-v4/resolve/main/modules.json.
Please make sure you specified the correct `repo_id` and `repo_type`.
If you are trying to access a private or gated repo, make sure you are authenticated and your token has the required permissions.
For more details, see https://huggingface.co/docs/huggingface_hub/authentication
Invalid username or password.
",ecrtm_hicot,15,palmetto_wikipedia,dieng_unique_words_top15,,
sbert_msmpnet,imdb,50,,,,,42,8.867,error,"401 Client Error. (Request ID: Root=1-6aa66dcd-339e030b036f21fb644580e7;fcbe9b84-d9e1-47a7-9763-4beb39bd527e)

Repository Not Found for url: https://huggingface.co/sentence-transformers/msmarco-mpnet-base-v4/resolve/main/modules.json.
Please make sure you specified the correct `repo_id` and `repo_type`.
If you are trying to access a private or gated repo, make sure you are authenticated and your token has the required permissions.
For more details, see https://huggingface.co/docs/huggingface_hub/authentication
Invalid username or password.
httpx.HTTPStatusError: Client error '401 Unauthorized' for url 'https://huggingface.co/sentence-transformers/msmarco-mpnet-base-v4/resolve/main/modules.json'
For more information check: https://developer.mozilla.org/en-US/docs/Web/HTTP/Status/401

The above exception was the direct cause of the following exception:

Traceback (most recent call last):
  File ""/raid/brunoguilherme/DeepGenerativeTopicCluster/src/vaebm_benchmark/experiment/runner.py"", line 364, in run_single
    model.fit(documents)
  File ""/raid/brunoguilherme/DeepGenerativeTopicCluster/src/vaebm_benchmark/models/sbert_kmeans_adapter.py"", line 79, in fit
    self._encoder = SentenceTransformer(self.embedder_name)
                    ^^^^^^^^^^^^^^^^^^^^^^^^^^^^^^^^^^^^^^^
  File ""/raid/brunoguilherme/venvs/dgtc/lib/python3.12/site-packages/sentence_transformers/util/decorators.py"", line 46, in wrapper
    return func(*args, **kwargs)
           ^^^^^^^^^^^^^^^^^^^^^
huggingface_hub.errors.RepositoryNotFoundError: 401 Client Error. (Request ID: Root=1-6aa66dcd-339e030b036f21fb644580e7;fcbe9b84-d9e1-47a7-9763-4beb39bd527e)

Repository Not Found for url: https://huggingface.co/sentence-transformers/msmarco-mpnet-base-v4/resolve/main/modules.json.
Please make sure you specified the correct `repo_id` and `repo_type`.
If you are trying to access a private or gated repo, make sure you are authenticated and your token has the required permissions.
For more details, see https://huggingface.co/docs/huggingface_hub/authentication
Invalid username or password.
",ecrtm_hicot,15,palmetto_wikipedia,dieng_unique_words_top15,,
sbert_msmpnet,imdb,100,,,,,42,6.433,error,"401 Client Error. (Request ID: Root=1-6aa66dd5-68524d68088e4e417c8e9791;6bfd7515-fe12-488c-acc1-f2bb846c858f)

Repository Not Found for url: https://huggingface.co/sentence-transformers/msmarco-mpnet-base-v4/resolve/main/modules.json.
Please make sure you specified the correct `repo_id` and `repo_type`.
If you are trying to access a private or gated repo, make sure you are authenticated and your token has the required permissions.
For more details, see https://huggingface.co/docs/huggingface_hub/authentication
Invalid username or password.
httpx.HTTPStatusError: Client error '401 Unauthorized' for url 'https://huggingface.co/sentence-transformers/msmarco-mpnet-base-v4/resolve/main/modules.json'
For more information check: https://developer.mozilla.org/en-US/docs/Web/HTTP/Status/401

The above exception was the direct cause of the following exception:

Traceback (most recent call last):
  File ""/raid/brunoguilherme/DeepGenerativeTopicCluster/src/vaebm_benchmark/experiment/runner.py"", line 364, in run_single
    model.fit(documents)
  File ""/raid/brunoguilherme/DeepGenerativeTopicCluster/src/vaebm_benchmark/models/sbert_kmeans_adapter.py"", line 79, in fit
    self._encoder = SentenceTransformer(self.embedder_name)
                    ^^^^^^^^^^^^^^^^^^^^^^^^^^^^^^^^^^^^^^^
  File ""/raid/brunoguilherme/venvs/dgtc/lib/python3.12/site-packages/sentence_transformers/util/decorators.py"", line 46, in wrapper
    return func(*args, **kwargs)
           ^^^^^^^^^^^^^^^^^^^^^
huggingface_hub.errors.RepositoryNotFoundError: 401 Client Error. (Request ID: Root=1-6aa66dd5-68524d68088e4e417c8e9791;6bfd7515-fe12-488c-acc1-f2bb846c858f)

Repository Not Found for url: https://huggingface.co/sentence-transformers/msmarco-mpnet-base-v4/resolve/main/modules.json.
Please make sure you specified the correct `repo_id` and `repo_type`.
If you are trying to access a private or gated repo, make sure you are authenticated and your token has the required permissions.
For more details, see https://huggingface.co/docs/huggingface_hub/authentication
Invalid username or password.
",ecrtm_hicot,15,palmetto_wikipedia,dieng_unique_words_top15,,
sbert_msmpnet,imdb,100,,,,,42,7.875,error,"401 Client Error. (Request ID: Root=1-6aa66df3-5d2605972558cef2235b6cb4;c2ec44c0-f600-4409-922a-183acbac373e)

Repository Not Found for url: https://huggingface.co/sentence-transformers/msmarco-mpnet-base-v4/resolve/main/modules.json.
Please make sure you specified the correct `repo_id` and `repo_type`.
If you are trying to access a private or gated repo, make sure you are authenticated and your token has the required permissions.
For more details, see https://huggingface.co/docs/huggingface_hub/authentication
Invalid username or password.
httpx.HTTPStatusError: Client error '401 Unauthorized' for url 'https://huggingface.co/sentence-transformers/msmarco-mpnet-base-v4/resolve/main/modules.json'
For more information check: https://developer.mozilla.org/en-US/docs/Web/HTTP/Status/401

The above exception was the direct cause of the following exception:

Traceback (most recent call last):
  File ""/raid/brunoguilherme/DeepGenerativeTopicCluster/src/vaebm_benchmark/experiment/runner.py"", line 364, in run_single
    model.fit(documents)
  File ""/raid/brunoguilherme/DeepGenerativeTopicCluster/src/vaebm_benchmark/models/sbert_kmeans_adapter.py"", line 79, in fit
    self._encoder = SentenceTransformer(self.embedder_name)
                    ^^^^^^^^^^^^^^^^^^^^^^^^^^^^^^^^^^^^^^^
  File ""/raid/brunoguilherme/venvs/dgtc/lib/python3.12/site-packages/sentence_transformers/util/decorators.py"", line 46, in wrapper
    return func(*args, **kwargs)
           ^^^^^^^^^^^^^^^^^^^^^
huggingface_hub.errors.RepositoryNotFoundError: 401 Client Error. (Request ID: Root=1-6aa66df3-5d2605972558cef2235b6cb4;c2ec44c0-f600-4409-922a-183acbac373e)

Repository Not Found for url: https://huggingface.co/sentence-transformers/msmarco-mpnet-base-v4/resolve/main/modules.json.
Please make sure you specified the correct `repo_id` and `repo_type`.
If you are trying to access a private or gated repo, make sure you are authenticated and your token has the required permissions.
For more details, see https://huggingface.co/docs/huggingface_hub/authentication
Invalid username or password.
",ecrtm_hicot,15,palmetto_wikipedia,dieng_unique_words_top15,,
sbert_msmpnet,imdb,100,,,,,42,9.128,error,"401 Client Error. (Request ID: Root=1-6aa66e12-2f617512206677ef797b7137;cf72756c-0d63-4987-a68a-527a070450b5)

Repository Not Found for url: https://huggingface.co/sentence-transformers/msmarco-mpnet-base-v4/resolve/main/modules.json.
Please make sure you specified the correct `repo_id` and `repo_type`.
If you are trying to access a private or gated repo, make sure you are authenticated and your token has the required permissions.
For more details, see https://huggingface.co/docs/huggingface_hub/authentication
Invalid username or password.
httpx.HTTPStatusError: Client error '401 Unauthorized' for url 'https://huggingface.co/sentence-transformers/msmarco-mpnet-base-v4/resolve/main/modules.json'
For more information check: https://developer.mozilla.org/en-US/docs/Web/HTTP/Status/401

The above exception was the direct cause of the following exception:

Traceback (most recent call last):
  File ""/raid/brunoguilherme/DeepGenerativeTopicCluster/src/vaebm_benchmark/experiment/runner.py"", line 364, in run_single
    model.fit(documents)
  File ""/raid/brunoguilherme/DeepGenerativeTopicCluster/src/vaebm_benchmark/models/sbert_kmeans_adapter.py"", line 79, in fit
    self._encoder = SentenceTransformer(self.embedder_name)
                    ^^^^^^^^^^^^^^^^^^^^^^^^^^^^^^^^^^^^^^^
  File ""/raid/brunoguilherme/venvs/dgtc/lib/python3.12/site-packages/sentence_transformers/util/decorators.py"", line 46, in wrapper
    return func(*args, **kwargs)
           ^^^^^^^^^^^^^^^^^^^^^
huggingface_hub.errors.RepositoryNotFoundError: 401 Client Error. (Request ID: Root=1-6aa66e12-2f617512206677ef797b7137;cf72756c-0d63-4987-a68a-527a070450b5)

Repository Not Found for url: https://huggingface.co/sentence-transformers/msmarco-mpnet-base-v4/resolve/main/modules.json.
Please make sure you specified the correct `repo_id` and `repo_type`.
If you are trying to access a private or gated repo, make sure you are authenticated and your token has the required permissions.
For more details, see https://huggingface.co/docs/huggingface_hub/authentication
Invalid username or password.
",ecrtm_hicot,15,palmetto_wikipedia,dieng_unique_words_top15,,
sbert_msmpnet,agnews_short,50,,,,,42,6.131,error,"401 Client Error. (Request ID: Root=1-6aa66e1a-6efdb42627dc317c68097b8c;b5539abe-0f1d-4f9b-a1d3-042533b2058e)

Repository Not Found for url: https://huggingface.co/sentence-transformers/msmarco-mpnet-base-v4/resolve/main/modules.json.
Please make sure you specified the correct `repo_id` and `repo_type`.
If you are trying to access a private or gated repo, make sure you are authenticated and your token has the required permissions.
For more details, see https://huggingface.co/docs/huggingface_hub/authentication
Invalid username or password.
httpx.HTTPStatusError: Client error '401 Unauthorized' for url 'https://huggingface.co/sentence-transformers/msmarco-mpnet-base-v4/resolve/main/modules.json'
For more information check: https://developer.mozilla.org/en-US/docs/Web/HTTP/Status/401

The above exception was the direct cause of the following exception:

Traceback (most recent call last):
  File ""/raid/brunoguilherme/DeepGenerativeTopicCluster/src/vaebm_benchmark/experiment/runner.py"", line 364, in run_single
    model.fit(documents)
  File ""/raid/brunoguilherme/DeepGenerativeTopicCluster/src/vaebm_benchmark/models/sbert_kmeans_adapter.py"", line 79, in fit
    self._encoder = SentenceTransformer(self.embedder_name)
                    ^^^^^^^^^^^^^^^^^^^^^^^^^^^^^^^^^^^^^^^
  File ""/raid/brunoguilherme/venvs/dgtc/lib/python3.12/site-packages/sentence_transformers/util/decorators.py"", line 46, in wrapper
    return func(*args, **kwargs)
           ^^^^^^^^^^^^^^^^^^^^^
huggingface_hub.errors.RepositoryNotFoundError: 401 Client Error. (Request ID: Root=1-6aa66e1a-6efdb42627dc317c68097b8c;b5539abe-0f1d-4f9b-a1d3-042533b2058e)

Repository Not Found for url: https://huggingface.co/sentence-transformers/msmarco-mpnet-base-v4/resolve/main/modules.json.
Please make sure you specified the correct `repo_id` and `repo_type`.
If you are trying to access a private or gated repo, make sure you are authenticated and your token has the required permissions.
For more details, see https://huggingface.co/docs/huggingface_hub/authentication
Invalid username or password.
",ecrtm_hicot,15,palmetto_wikipedia,dieng_unique_words_top15,,
sbert_msmpnet,agnews_short,50,,,,,42,8.95,error,"401 Client Error. (Request ID: Root=1-6aa66e38-339c466973fd8dcd6f038565;0d99e104-e51d-4adb-9397-623027bb5750)

Repository Not Found for url: https://huggingface.co/sentence-transformers/msmarco-mpnet-base-v4/resolve/main/modules.json.
Please make sure you specified the correct `repo_id` and `repo_type`.
If you are trying to access a private or gated repo, make sure you are authenticated and your token has the required permissions.
For more details, see https://huggingface.co/docs/huggingface_hub/authentication
Invalid username or password.
httpx.HTTPStatusError: Client error '401 Unauthorized' for url 'https://huggingface.co/sentence-transformers/msmarco-mpnet-base-v4/resolve/main/modules.json'
For more information check: https://developer.mozilla.org/en-US/docs/Web/HTTP/Status/401

The above exception was the direct cause of the following exception:

Traceback (most recent call last):
  File ""/raid/brunoguilherme/DeepGenerativeTopicCluster/src/vaebm_benchmark/experiment/runner.py"", line 364, in run_single
    model.fit(documents)
  File ""/raid/brunoguilherme/DeepGenerativeTopicCluster/src/vaebm_benchmark/models/sbert_kmeans_adapter.py"", line 79, in fit
    self._encoder = SentenceTransformer(self.embedder_name)
                    ^^^^^^^^^^^^^^^^^^^^^^^^^^^^^^^^^^^^^^^
  File ""/raid/brunoguilherme/venvs/dgtc/lib/python3.12/site-packages/sentence_transformers/util/decorators.py"", line 46, in wrapper
    return func(*args, **kwargs)
           ^^^^^^^^^^^^^^^^^^^^^
huggingface_hub.errors.RepositoryNotFoundError: 401 Client Error. (Request ID: Root=1-6aa66e38-339c466973fd8dcd6f038565;0d99e104-e51d-4adb-9397-623027bb5750)

Repository Not Found for url: https://huggingface.co/sentence-transformers/msmarco-mpnet-base-v4/resolve/main/modules.json.
Please make sure you specified the correct `repo_id` and `repo_type`.
If you are trying to access a private or gated repo, make sure you are authenticated and your token has the required permissions.
For more details, see https://huggingface.co/docs/huggingface_hub/authentication
Invalid username or password.
",ecrtm_hicot,15,palmetto_wikipedia,dieng_unique_words_top15,,
sbert_msmpnet,agnews_short,50,,,,,42,7.516,error,"401 Client Error. (Request ID: Root=1-6aa66e55-020400a561802c51108d9734;a48bca6f-5e17-4207-9d8b-f6abd4354b30)

Repository Not Found for url: https://huggingface.co/sentence-transformers/msmarco-mpnet-base-v4/resolve/main/modules.json.
Please make sure you specified the correct `repo_id` and `repo_type`.
If you are trying to access a private or gated repo, make sure you are authenticated and your token has the required permissions.
For more details, see https://huggingface.co/docs/huggingface_hub/authentication
Invalid username or password.
httpx.HTTPStatusError: Client error '401 Unauthorized' for url 'https://huggingface.co/sentence-transformers/msmarco-mpnet-base-v4/resolve/main/modules.json'
For more information check: https://developer.mozilla.org/en-US/docs/Web/HTTP/Status/401

The above exception was the direct cause of the following exception:

Traceback (most recent call last):
  File ""/raid/brunoguilherme/DeepGenerativeTopicCluster/src/vaebm_benchmark/experiment/runner.py"", line 364, in run_single
    model.fit(documents)
  File ""/raid/brunoguilherme/DeepGenerativeTopicCluster/src/vaebm_benchmark/models/sbert_kmeans_adapter.py"", line 79, in fit
    self._encoder = SentenceTransformer(self.embedder_name)
                    ^^^^^^^^^^^^^^^^^^^^^^^^^^^^^^^^^^^^^^^
  File ""/raid/brunoguilherme/venvs/dgtc/lib/python3.12/site-packages/sentence_transformers/util/decorators.py"", line 46, in wrapper
    return func(*args, **kwargs)
           ^^^^^^^^^^^^^^^^^^^^^
huggingface_hub.errors.RepositoryNotFoundError: 401 Client Error. (Request ID: Root=1-6aa66e55-020400a561802c51108d9734;a48bca6f-5e17-4207-9d8b-f6abd4354b30)

Repository Not Found for url: https://huggingface.co/sentence-transformers/msmarco-mpnet-base-v4/resolve/main/modules.json.
Please make sure you specified the correct `repo_id` and `repo_type`.
If you are trying to access a private or gated repo, make sure you are authenticated and your token has the required permissions.
For more details, see https://huggingface.co/docs/huggingface_hub/authentication
Invalid username or password.
",ecrtm_hicot,15,palmetto_wikipedia,dieng_unique_words_top15,,
sbert_msmpnet,agnews_short,100,,,,,42,6.158,error,"401 Client Error. (Request ID: Root=1-6aa66e5d-3c4ce17d51de5f845ad102a0;647f8c2f-7214-4848-84e7-55f3a0381a1e)

Repository Not Found for url: https://huggingface.co/sentence-transformers/msmarco-mpnet-base-v4/resolve/main/modules.json.
Please make sure you specified the correct `repo_id` and `repo_type`.
If you are trying to access a private or gated repo, make sure you are authenticated and your token has the required permissions.
For more details, see https://huggingface.co/docs/huggingface_hub/authentication
Invalid username or password.
httpx.HTTPStatusError: Client error '401 Unauthorized' for url 'https://huggingface.co/sentence-transformers/msmarco-mpnet-base-v4/resolve/main/modules.json'
For more information check: https://developer.mozilla.org/en-US/docs/Web/HTTP/Status/401

The above exception was the direct cause of the following exception:

Traceback (most recent call last):
  File ""/raid/brunoguilherme/DeepGenerativeTopicCluster/src/vaebm_benchmark/experiment/runner.py"", line 364, in run_single
    model.fit(documents)
  File ""/raid/brunoguilherme/DeepGenerativeTopicCluster/src/vaebm_benchmark/models/sbert_kmeans_adapter.py"", line 79, in fit
    self._encoder = SentenceTransformer(self.embedder_name)
                    ^^^^^^^^^^^^^^^^^^^^^^^^^^^^^^^^^^^^^^^
  File ""/raid/brunoguilherme/venvs/dgtc/lib/python3.12/site-packages/sentence_transformers/util/decorators.py"", line 46, in wrapper
    return func(*args, **kwargs)
           ^^^^^^^^^^^^^^^^^^^^^
huggingface_hub.errors.RepositoryNotFoundError: 401 Client Error. (Request ID: Root=1-6aa66e5d-3c4ce17d51de5f845ad102a0;647f8c2f-7214-4848-84e7-55f3a0381a1e)

Repository Not Found for url: https://huggingface.co/sentence-transformers/msmarco-mpnet-base-v4/resolve/main/modules.json.
Please make sure you specified the correct `repo_id` and `repo_type`.
If you are trying to access a private or gated repo, make sure you are authenticated and your token has the required permissions.
For more details, see https://huggingface.co/docs/huggingface_hub/authentication
Invalid username or password.
",ecrtm_hicot,15,palmetto_wikipedia,dieng_unique_words_top15,,
sbert_msmpnet,agnews_short,100,,,,,42,9.011,error,"401 Client Error. (Request ID: Root=1-6aa66e7c-75bb2e98057896023ac37a95;757eb4ab-eb4c-4230-86bd-018efa1f2371)

Repository Not Found for url: https://huggingface.co/sentence-transformers/msmarco-mpnet-base-v4/resolve/main/modules.json.
Please make sure you specified the correct `repo_id` and `repo_type`.
If you are trying to access a private or gated repo, make sure you are authenticated and your token has the required permissions.
For more details, see https://huggingface.co/docs/huggingface_hub/authentication
Invalid username or password.
httpx.HTTPStatusError: Client error '401 Unauthorized' for url 'https://huggingface.co/sentence-transformers/msmarco-mpnet-base-v4/resolve/main/modules.json'
For more information check: https://developer.mozilla.org/en-US/docs/Web/HTTP/Status/401

The above exception was the direct cause of the following exception:

Traceback (most recent call last):
  File ""/raid/brunoguilherme/DeepGenerativeTopicCluster/src/vaebm_benchmark/experiment/runner.py"", line 364, in run_single
    model.fit(documents)
  File ""/raid/brunoguilherme/DeepGenerativeTopicCluster/src/vaebm_benchmark/models/sbert_kmeans_adapter.py"", line 79, in fit
    self._encoder = SentenceTransformer(self.embedder_name)
                    ^^^^^^^^^^^^^^^^^^^^^^^^^^^^^^^^^^^^^^^
  File ""/raid/brunoguilherme/venvs/dgtc/lib/python3.12/site-packages/sentence_transformers/util/decorators.py"", line 46, in wrapper
    return func(*args, **kwargs)
           ^^^^^^^^^^^^^^^^^^^^^
huggingface_hub.errors.RepositoryNotFoundError: 401 Client Error. (Request ID: Root=1-6aa66e7c-75bb2e98057896023ac37a95;757eb4ab-eb4c-4230-86bd-018efa1f2371)

Repository Not Found for url: https://huggingface.co/sentence-transformers/msmarco-mpnet-base-v4/resolve/main/modules.json.
Please make sure you specified the correct `repo_id` and `repo_type`.
If you are trying to access a private or gated repo, make sure you are authenticated and your token has the required permissions.
For more details, see https://huggingface.co/docs/huggingface_hub/authentication
Invalid username or password.
",ecrtm_hicot,15,palmetto_wikipedia,dieng_unique_words_top15,,
sbert_msmpnet,agnews_short,100,,,,,42,7.854,error,"401 Client Error. (Request ID: Root=1-6aa66e99-31d515496ac002211e773c8c;6c4c7d9a-f0c3-4f7f-a2d5-23d6acd4d9b4)

Repository Not Found for url: https://huggingface.co/sentence-transformers/msmarco-mpnet-base-v4/resolve/main/modules.json.
Please make sure you specified the correct `repo_id` and `repo_type`.
If you are trying to access a private or gated repo, make sure you are authenticated and your token has the required permissions.
For more details, see https://huggingface.co/docs/huggingface_hub/authentication
Invalid username or password.
httpx.HTTPStatusError: Client error '401 Unauthorized' for url 'https://huggingface.co/sentence-transformers/msmarco-mpnet-base-v4/resolve/main/modules.json'
For more information check: https://developer.mozilla.org/en-US/docs/Web/HTTP/Status/401

The above exception was the direct cause of the following exception:

Traceback (most recent call last):
  File ""/raid/brunoguilherme/DeepGenerativeTopicCluster/src/vaebm_benchmark/experiment/runner.py"", line 364, in run_single
    model.fit(documents)
  File ""/raid/brunoguilherme/DeepGenerativeTopicCluster/src/vaebm_benchmark/models/sbert_kmeans_adapter.py"", line 79, in fit
    self._encoder = SentenceTransformer(self.embedder_name)
                    ^^^^^^^^^^^^^^^^^^^^^^^^^^^^^^^^^^^^^^^
  File ""/raid/brunoguilherme/venvs/dgtc/lib/python3.12/site-packages/sentence_transformers/util/decorators.py"", line 46, in wrapper
    return func(*args, **kwargs)
           ^^^^^^^^^^^^^^^^^^^^^
huggingface_hub.errors.RepositoryNotFoundError: 401 Client Error. (Request ID: Root=1-6aa66e99-31d515496ac002211e773c8c;6c4c7d9a-f0c3-4f7f-a2d5-23d6acd4d9b4)

Repository Not Found for url: https://huggingface.co/sentence-transformers/msmarco-mpnet-base-v4/resolve/main/modules.json.
Please make sure you specified the correct `repo_id` and `repo_type`.
If you are trying to access a private or gated repo, make sure you are authenticated and your token has the required permissions.
For more details, see https://huggingface.co/docs/huggingface_hub/authentication
Invalid username or password.
",ecrtm_hicot,15,palmetto_wikipedia,dieng_unique_words_top15,,
sbert_msmpnet,search_snippets,50,,,,,42,7.241,error,"401 Client Error. (Request ID: Root=1-6aa66ea2-4d69ac633ac0bcc974180ea9;c1478d1e-cebd-467b-990e-1837631f1102)

Repository Not Found for url: https://huggingface.co/sentence-transformers/msmarco-mpnet-base-v4/resolve/main/modules.json.
Please make sure you specified the correct `repo_id` and `repo_type`.
If you are trying to access a private or gated repo, make sure you are authenticated and your token has the required permissions.
For more details, see https://huggingface.co/docs/huggingface_hub/authentication
Invalid username or password.
httpx.HTTPStatusError: Client error '401 Unauthorized' for url 'https://huggingface.co/sentence-transformers/msmarco-mpnet-base-v4/resolve/main/modules.json'
For more information check: https://developer.mozilla.org/en-US/docs/Web/HTTP/Status/401

The above exception was the direct cause of the following exception:

Traceback (most recent call last):
  File ""/raid/brunoguilherme/DeepGenerativeTopicCluster/src/vaebm_benchmark/experiment/runner.py"", line 364, in run_single
    model.fit(documents)
  File ""/raid/brunoguilherme/DeepGenerativeTopicCluster/src/vaebm_benchmark/models/sbert_kmeans_adapter.py"", line 79, in fit
    self._encoder = SentenceTransformer(self.embedder_name)
                    ^^^^^^^^^^^^^^^^^^^^^^^^^^^^^^^^^^^^^^^
  File ""/raid/brunoguilherme/venvs/dgtc/lib/python3.12/site-packages/sentence_transformers/util/decorators.py"", line 46, in wrapper
    return func(*args, **kwargs)
           ^^^^^^^^^^^^^^^^^^^^^
huggingface_hub.errors.RepositoryNotFoundError: 401 Client Error. (Request ID: Root=1-6aa66ea2-4d69ac633ac0bcc974180ea9;c1478d1e-cebd-467b-990e-1837631f1102)

Repository Not Found for url: https://huggingface.co/sentence-transformers/msmarco-mpnet-base-v4/resolve/main/modules.json.
Please make sure you specified the correct `repo_id` and `repo_type`.
If you are trying to access a private or gated repo, make sure you are authenticated and your token has the required permissions.
For more details, see https://huggingface.co/docs/huggingface_hub/authentication
Invalid username or password.
",ecrtm_hicot,15,palmetto_wikipedia,dieng_unique_words_top15,,
sbert_msmpnet,search_snippets,50,,,,,42,7.214,error,"401 Client Error. (Request ID: Root=1-6aa66ebf-0af2b6de5a1d3460119de77f;0132577d-17e6-4694-81c1-98e593ebdbab)

Repository Not Found for url: https://huggingface.co/sentence-transformers/msmarco-mpnet-base-v4/resolve/main/modules.json.
Please make sure you specified the correct `repo_id` and `repo_type`.
If you are trying to access a private or gated repo, make sure you are authenticated and your token has the required permissions.
For more details, see https://huggingface.co/docs/huggingface_hub/authentication
Invalid username or password.
httpx.HTTPStatusError: Client error '401 Unauthorized' for url 'https://huggingface.co/sentence-transformers/msmarco-mpnet-base-v4/resolve/main/modules.json'
For more information check: https://developer.mozilla.org/en-US/docs/Web/HTTP/Status/401

The above exception was the direct cause of the following exception:

Traceback (most recent call last):
  File ""/raid/brunoguilherme/DeepGenerativeTopicCluster/src/vaebm_benchmark/experiment/runner.py"", line 364, in run_single
    model.fit(documents)
  File ""/raid/brunoguilherme/DeepGenerativeTopicCluster/src/vaebm_benchmark/models/sbert_kmeans_adapter.py"", line 79, in fit
    self._encoder = SentenceTransformer(self.embedder_name)
                    ^^^^^^^^^^^^^^^^^^^^^^^^^^^^^^^^^^^^^^^
  File ""/raid/brunoguilherme/venvs/dgtc/lib/python3.12/site-packages/sentence_transformers/util/decorators.py"", line 46, in wrapper
    return func(*args, **kwargs)
           ^^^^^^^^^^^^^^^^^^^^^
huggingface_hub.errors.RepositoryNotFoundError: 401 Client Error. (Request ID: Root=1-6aa66ebf-0af2b6de5a1d3460119de77f;0132577d-17e6-4694-81c1-98e593ebdbab)

Repository Not Found for url: https://huggingface.co/sentence-transformers/msmarco-mpnet-base-v4/resolve/main/modules.json.
Please make sure you specified the correct `repo_id` and `repo_type`.
If you are trying to access a private or gated repo, make sure you are authenticated and your token has the required permissions.
For more details, see https://huggingface.co/docs/huggingface_hub/authentication
Invalid username or password.
",ecrtm_hicot,15,palmetto_wikipedia,dieng_unique_words_top15,,
sbert_msmpnet,search_snippets,50,,,,,42,6.44,error,"401 Client Error. (Request ID: Root=1-6aa66edb-6c6657c80116c9f21e0d94d8;ca5db9b6-e6f0-47c1-a73c-9e8c109c3a97)

Repository Not Found for url: https://huggingface.co/sentence-transformers/msmarco-mpnet-base-v4/resolve/main/modules.json.
Please make sure you specified the correct `repo_id` and `repo_type`.
If you are trying to access a private or gated repo, make sure you are authenticated and your token has the required permissions.
For more details, see https://huggingface.co/docs/huggingface_hub/authentication
Invalid username or password.
httpx.HTTPStatusError: Client error '401 Unauthorized' for url 'https://huggingface.co/sentence-transformers/msmarco-mpnet-base-v4/resolve/main/modules.json'
For more information check: https://developer.mozilla.org/en-US/docs/Web/HTTP/Status/401

The above exception was the direct cause of the following exception:

Traceback (most recent call last):
  File ""/raid/brunoguilherme/DeepGenerativeTopicCluster/src/vaebm_benchmark/experiment/runner.py"", line 364, in run_single
    model.fit(documents)
  File ""/raid/brunoguilherme/DeepGenerativeTopicCluster/src/vaebm_benchmark/models/sbert_kmeans_adapter.py"", line 79, in fit
    self._encoder = SentenceTransformer(self.embedder_name)
                    ^^^^^^^^^^^^^^^^^^^^^^^^^^^^^^^^^^^^^^^
  File ""/raid/brunoguilherme/venvs/dgtc/lib/python3.12/site-packages/sentence_transformers/util/decorators.py"", line 46, in wrapper
    return func(*args, **kwargs)
           ^^^^^^^^^^^^^^^^^^^^^
huggingface_hub.errors.RepositoryNotFoundError: 401 Client Error. (Request ID: Root=1-6aa66edb-6c6657c80116c9f21e0d94d8;ca5db9b6-e6f0-47c1-a73c-9e8c109c3a97)

Repository Not Found for url: https://huggingface.co/sentence-transformers/msmarco-mpnet-base-v4/resolve/main/modules.json.
Please make sure you specified the correct `repo_id` and `repo_type`.
If you are trying to access a private or gated repo, make sure you are authenticated and your token has the required permissions.
For more details, see https://huggingface.co/docs/huggingface_hub/authentication
Invalid username or password.
",ecrtm_hicot,15,palmetto_wikipedia,dieng_unique_words_top15,,
sbert_msmpnet,search_snippets,100,,,,,42,6.517,error,"401 Client Error. (Request ID: Root=1-6aa66ee3-10145d4377fc6bdb6880baa7;105fd706-45da-427e-ba93-10808e68a1db)

Repository Not Found for url: https://huggingface.co/sentence-transformers/msmarco-mpnet-base-v4/resolve/main/modules.json.
Please make sure you specified the correct `repo_id` and `repo_type`.
If you are trying to access a private or gated repo, make sure you are authenticated and your token has the required permissions.
For more details, see https://huggingface.co/docs/huggingface_hub/authentication
Invalid username or password.
httpx.HTTPStatusError: Client error '401 Unauthorized' for url 'https://huggingface.co/sentence-transformers/msmarco-mpnet-base-v4/resolve/main/modules.json'
For more information check: https://developer.mozilla.org/en-US/docs/Web/HTTP/Status/401

The above exception was the direct cause of the following exception:

Traceback (most recent call last):
  File ""/raid/brunoguilherme/DeepGenerativeTopicCluster/src/vaebm_benchmark/experiment/runner.py"", line 364, in run_single
    model.fit(documents)
  File ""/raid/brunoguilherme/DeepGenerativeTopicCluster/src/vaebm_benchmark/models/sbert_kmeans_adapter.py"", line 79, in fit
    self._encoder = SentenceTransformer(self.embedder_name)
                    ^^^^^^^^^^^^^^^^^^^^^^^^^^^^^^^^^^^^^^^
  File ""/raid/brunoguilherme/venvs/dgtc/lib/python3.12/site-packages/sentence_transformers/util/decorators.py"", line 46, in wrapper
    return func(*args, **kwargs)
           ^^^^^^^^^^^^^^^^^^^^^
huggingface_hub.errors.RepositoryNotFoundError: 401 Client Error. (Request ID: Root=1-6aa66ee3-10145d4377fc6bdb6880baa7;105fd706-45da-427e-ba93-10808e68a1db)

Repository Not Found for url: https://huggingface.co/sentence-transformers/msmarco-mpnet-base-v4/resolve/main/modules.json.
Please make sure you specified the correct `repo_id` and `repo_type`.
If you are trying to access a private or gated repo, make sure you are authenticated and your token has the required permissions.
For more details, see https://huggingface.co/docs/huggingface_hub/authentication
Invalid username or password.
",ecrtm_hicot,15,palmetto_wikipedia,dieng_unique_words_top15,,
sbert_msmpnet,search_snippets,100,,,,,42,9.023,error,"401 Client Error. (Request ID: Root=1-6aa66f02-48aa99cc1f00894c5dcb8fe0;25817c16-c8ab-45bf-b1b6-085ef7b1d865)

Repository Not Found for url: https://huggingface.co/sentence-transformers/msmarco-mpnet-base-v4/resolve/main/modules.json.
Please make sure you specified the correct `repo_id` and `repo_type`.
If you are trying to access a private or gated repo, make sure you are authenticated and your token has the required permissions.
For more details, see https://huggingface.co/docs/huggingface_hub/authentication
Invalid username or password.
httpx.HTTPStatusError: Client error '401 Unauthorized' for url 'https://huggingface.co/sentence-transformers/msmarco-mpnet-base-v4/resolve/main/modules.json'
For more information check: https://developer.mozilla.org/en-US/docs/Web/HTTP/Status/401

The above exception was the direct cause of the following exception:

Traceback (most recent call last):
  File ""/raid/brunoguilherme/DeepGenerativeTopicCluster/src/vaebm_benchmark/experiment/runner.py"", line 364, in run_single
    model.fit(documents)
  File ""/raid/brunoguilherme/DeepGenerativeTopicCluster/src/vaebm_benchmark/models/sbert_kmeans_adapter.py"", line 79, in fit
    self._encoder = SentenceTransformer(self.embedder_name)
                    ^^^^^^^^^^^^^^^^^^^^^^^^^^^^^^^^^^^^^^^
  File ""/raid/brunoguilherme/venvs/dgtc/lib/python3.12/site-packages/sentence_transformers/util/decorators.py"", line 46, in wrapper
    return func(*args, **kwargs)
           ^^^^^^^^^^^^^^^^^^^^^
huggingface_hub.errors.RepositoryNotFoundError: 401 Client Error. (Request ID: Root=1-6aa66f02-48aa99cc1f00894c5dcb8fe0;25817c16-c8ab-45bf-b1b6-085ef7b1d865)

Repository Not Found for url: https://huggingface.co/sentence-transformers/msmarco-mpnet-base-v4/resolve/main/modules.json.
Please make sure you specified the correct `repo_id` and `repo_type`.
If you are trying to access a private or gated repo, make sure you are authenticated and your token has the required permissions.
For more details, see https://huggingface.co/docs/huggingface_hub/authentication
Invalid username or password.
",ecrtm_hicot,15,palmetto_wikipedia,dieng_unique_words_top15,,
sbert_msmpnet,search_snippets,100,,,,,42,8.711,error,"401 Client Error. (Request ID: Root=1-6aa66f21-00d5606f4d7375b336e5ce7a;96e9022e-7bbb-4ac7-aff4-64c6bf4ce1f6)

Repository Not Found for url: https://huggingface.co/sentence-transformers/msmarco-mpnet-base-v4/resolve/main/modules.json.
Please make sure you specified the correct `repo_id` and `repo_type`.
If you are trying to access a private or gated repo, make sure you are authenticated and your token has the required permissions.
For more details, see https://huggingface.co/docs/huggingface_hub/authentication
Invalid username or password.
httpx.HTTPStatusError: Client error '401 Unauthorized' for url 'https://huggingface.co/sentence-transformers/msmarco-mpnet-base-v4/resolve/main/modules.json'
For more information check: https://developer.mozilla.org/en-US/docs/Web/HTTP/Status/401

The above exception was the direct cause of the following exception:

Traceback (most recent call last):
  File ""/raid/brunoguilherme/DeepGenerativeTopicCluster/src/vaebm_benchmark/experiment/runner.py"", line 364, in run_single
    model.fit(documents)
  File ""/raid/brunoguilherme/DeepGenerativeTopicCluster/src/vaebm_benchmark/models/sbert_kmeans_adapter.py"", line 79, in fit
    self._encoder = SentenceTransformer(self.embedder_name)
                    ^^^^^^^^^^^^^^^^^^^^^^^^^^^^^^^^^^^^^^^
  File ""/raid/brunoguilherme/venvs/dgtc/lib/python3.12/site-packages/sentence_transformers/util/decorators.py"", line 46, in wrapper
    return func(*args, **kwargs)
           ^^^^^^^^^^^^^^^^^^^^^
huggingface_hub.errors.RepositoryNotFoundError: 401 Client Error. (Request ID: Root=1-6aa66f21-00d5606f4d7375b336e5ce7a;96e9022e-7bbb-4ac7-aff4-64c6bf4ce1f6)

Repository Not Found for url: https://huggingface.co/sentence-transformers/msmarco-mpnet-base-v4/resolve/main/modules.json.
Please make sure you specified the correct `repo_id` and `repo_type`.
If you are trying to access a private or gated repo, make sure you are authenticated and your token has the required permissions.
For more details, see https://huggingface.co/docs/huggingface_hub/authentication
Invalid username or password.
",ecrtm_hicot,15,palmetto_wikipedia,dieng_unique_words_top15,,
sbert_msmpnet,stack_overflow,50,,,,,42,6.196,error,"401 Client Error. (Request ID: Root=1-6aa66f28-7776d60d4021f016789a7107;f977e1e2-ba8d-4fe3-8975-bb10d1a43968)

Repository Not Found for url: https://huggingface.co/sentence-transformers/msmarco-mpnet-base-v4/resolve/main/modules.json.
Please make sure you specified the correct `repo_id` and `repo_type`.
If you are trying to access a private or gated repo, make sure you are authenticated and your token has the required permissions.
For more details, see https://huggingface.co/docs/huggingface_hub/authentication
Invalid username or password.
httpx.HTTPStatusError: Client error '401 Unauthorized' for url 'https://huggingface.co/sentence-transformers/msmarco-mpnet-base-v4/resolve/main/modules.json'
For more information check: https://developer.mozilla.org/en-US/docs/Web/HTTP/Status/401

The above exception was the direct cause of the following exception:

Traceback (most recent call last):
  File ""/raid/brunoguilherme/DeepGenerativeTopicCluster/src/vaebm_benchmark/experiment/runner.py"", line 364, in run_single
    model.fit(documents)
  File ""/raid/brunoguilherme/DeepGenerativeTopicCluster/src/vaebm_benchmark/models/sbert_kmeans_adapter.py"", line 79, in fit
    self._encoder = SentenceTransformer(self.embedder_name)
                    ^^^^^^^^^^^^^^^^^^^^^^^^^^^^^^^^^^^^^^^
  File ""/raid/brunoguilherme/venvs/dgtc/lib/python3.12/site-packages/sentence_transformers/util/decorators.py"", line 46, in wrapper
    return func(*args, **kwargs)
           ^^^^^^^^^^^^^^^^^^^^^
huggingface_hub.errors.RepositoryNotFoundError: 401 Client Error. (Request ID: Root=1-6aa66f28-7776d60d4021f016789a7107;f977e1e2-ba8d-4fe3-8975-bb10d1a43968)

Repository Not Found for url: https://huggingface.co/sentence-transformers/msmarco-mpnet-base-v4/resolve/main/modules.json.
Please make sure you specified the correct `repo_id` and `repo_type`.
If you are trying to access a private or gated repo, make sure you are authenticated and your token has the required permissions.
For more details, see https://huggingface.co/docs/huggingface_hub/authentication
Invalid username or password.
",ecrtm_hicot,15,palmetto_wikipedia,dieng_unique_words_top15,,
sbert_msmpnet,stack_overflow,50,,,,,42,6.838,error,"401 Client Error. (Request ID: Root=1-6aa66f45-0390f66b7cf2558765681b98;291907af-b3ae-4aae-b87e-25c65b265cfd)

Repository Not Found for url: https://huggingface.co/sentence-transformers/msmarco-mpnet-base-v4/resolve/main/modules.json.
Please make sure you specified the correct `repo_id` and `repo_type`.
If you are trying to access a private or gated repo, make sure you are authenticated and your token has the required permissions.
For more details, see https://huggingface.co/docs/huggingface_hub/authentication
Invalid username or password.
httpx.HTTPStatusError: Client error '401 Unauthorized' for url 'https://huggingface.co/sentence-transformers/msmarco-mpnet-base-v4/resolve/main/modules.json'
For more information check: https://developer.mozilla.org/en-US/docs/Web/HTTP/Status/401

The above exception was the direct cause of the following exception:

Traceback (most recent call last):
  File ""/raid/brunoguilherme/DeepGenerativeTopicCluster/src/vaebm_benchmark/experiment/runner.py"", line 364, in run_single
    model.fit(documents)
  File ""/raid/brunoguilherme/DeepGenerativeTopicCluster/src/vaebm_benchmark/models/sbert_kmeans_adapter.py"", line 79, in fit
    self._encoder = SentenceTransformer(self.embedder_name)
                    ^^^^^^^^^^^^^^^^^^^^^^^^^^^^^^^^^^^^^^^
  File ""/raid/brunoguilherme/venvs/dgtc/lib/python3.12/site-packages/sentence_transformers/util/decorators.py"", line 46, in wrapper
    return func(*args, **kwargs)
           ^^^^^^^^^^^^^^^^^^^^^
huggingface_hub.errors.RepositoryNotFoundError: 401 Client Error. (Request ID: Root=1-6aa66f45-0390f66b7cf2558765681b98;291907af-b3ae-4aae-b87e-25c65b265cfd)

Repository Not Found for url: https://huggingface.co/sentence-transformers/msmarco-mpnet-base-v4/resolve/main/modules.json.
Please make sure you specified the correct `repo_id` and `repo_type`.
If you are trying to access a private or gated repo, make sure you are authenticated and your token has the required permissions.
For more details, see https://huggingface.co/docs/huggingface_hub/authentication
Invalid username or password.
",ecrtm_hicot,15,palmetto_wikipedia,dieng_unique_words_top15,,
sbert_msmpnet,stack_overflow,50,,,,,42,7.861,error,"401 Client Error. (Request ID: Root=1-6aa66f62-445600eb4867f2677786349d;0008c02a-e84d-4f07-a0d8-ad9fe26ab1b9)

Repository Not Found for url: https://huggingface.co/sentence-transformers/msmarco-mpnet-base-v4/resolve/main/modules.json.
Please make sure you specified the correct `repo_id` and `repo_type`.
If you are trying to access a private or gated repo, make sure you are authenticated and your token has the required permissions.
For more details, see https://huggingface.co/docs/huggingface_hub/authentication
Invalid username or password.
httpx.HTTPStatusError: Client error '401 Unauthorized' for url 'https://huggingface.co/sentence-transformers/msmarco-mpnet-base-v4/resolve/main/modules.json'
For more information check: https://developer.mozilla.org/en-US/docs/Web/HTTP/Status/401

The above exception was the direct cause of the following exception:

Traceback (most recent call last):
  File ""/raid/brunoguilherme/DeepGenerativeTopicCluster/src/vaebm_benchmark/experiment/runner.py"", line 364, in run_single
    model.fit(documents)
  File ""/raid/brunoguilherme/DeepGenerativeTopicCluster/src/vaebm_benchmark/models/sbert_kmeans_adapter.py"", line 79, in fit
    self._encoder = SentenceTransformer(self.embedder_name)
                    ^^^^^^^^^^^^^^^^^^^^^^^^^^^^^^^^^^^^^^^
  File ""/raid/brunoguilherme/venvs/dgtc/lib/python3.12/site-packages/sentence_transformers/util/decorators.py"", line 46, in wrapper
    return func(*args, **kwargs)
           ^^^^^^^^^^^^^^^^^^^^^
huggingface_hub.errors.RepositoryNotFoundError: 401 Client Error. (Request ID: Root=1-6aa66f62-445600eb4867f2677786349d;0008c02a-e84d-4f07-a0d8-ad9fe26ab1b9)

Repository Not Found for url: https://huggingface.co/sentence-transformers/msmarco-mpnet-base-v4/resolve/main/modules.json.
Please make sure you specified the correct `repo_id` and `repo_type`.
If you are trying to access a private or gated repo, make sure you are authenticated and your token has the required permissions.
For more details, see https://huggingface.co/docs/huggingface_hub/authentication
Invalid username or password.
",ecrtm_hicot,15,palmetto_wikipedia,dieng_unique_words_top15,,
sbert_msmpnet,stack_overflow,100,,,,,42,6.519,error,"401 Client Error. (Request ID: Root=1-6aa66f6b-6efd88f31e896cd4182fc5b9;44a8b038-8427-474d-9372-164313a26165)

Repository Not Found for url: https://huggingface.co/sentence-transformers/msmarco-mpnet-base-v4/resolve/main/modules.json.
Please make sure you specified the correct `repo_id` and `repo_type`.
If you are trying to access a private or gated repo, make sure you are authenticated and your token has the required permissions.
For more details, see https://huggingface.co/docs/huggingface_hub/authentication
Invalid username or password.
httpx.HTTPStatusError: Client error '401 Unauthorized' for url 'https://huggingface.co/sentence-transformers/msmarco-mpnet-base-v4/resolve/main/modules.json'
For more information check: https://developer.mozilla.org/en-US/docs/Web/HTTP/Status/401

The above exception was the direct cause of the following exception:

Traceback (most recent call last):
  File ""/raid/brunoguilherme/DeepGenerativeTopicCluster/src/vaebm_benchmark/experiment/runner.py"", line 364, in run_single
    model.fit(documents)
  File ""/raid/brunoguilherme/DeepGenerativeTopicCluster/src/vaebm_benchmark/models/sbert_kmeans_adapter.py"", line 79, in fit
    self._encoder = SentenceTransformer(self.embedder_name)
                    ^^^^^^^^^^^^^^^^^^^^^^^^^^^^^^^^^^^^^^^
  File ""/raid/brunoguilherme/venvs/dgtc/lib/python3.12/site-packages/sentence_transformers/util/decorators.py"", line 46, in wrapper
    return func(*args, **kwargs)
           ^^^^^^^^^^^^^^^^^^^^^
huggingface_hub.errors.RepositoryNotFoundError: 401 Client Error. (Request ID: Root=1-6aa66f6b-6efd88f31e896cd4182fc5b9;44a8b038-8427-474d-9372-164313a26165)

Repository Not Found for url: https://huggingface.co/sentence-transformers/msmarco-mpnet-base-v4/resolve/main/modules.json.
Please make sure you specified the correct `repo_id` and `repo_type`.
If you are trying to access a private or gated repo, make sure you are authenticated and your token has the required permissions.
For more details, see https://huggingface.co/docs/huggingface_hub/authentication
Invalid username or password.
",ecrtm_hicot,15,palmetto_wikipedia,dieng_unique_words_top15,,
sbert_msmpnet,stack_overflow,100,,,,,42,8.877,error,"401 Client Error. (Request ID: Root=1-6aa66f89-36547a21117219a77b9cb938;a6afdb48-d7ee-4e24-9da0-a70835044e80)

Repository Not Found for url: https://huggingface.co/sentence-transformers/msmarco-mpnet-base-v4/resolve/main/modules.json.
Please make sure you specified the correct `repo_id` and `repo_type`.
If you are trying to access a private or gated repo, make sure you are authenticated and your token has the required permissions.
For more details, see https://huggingface.co/docs/huggingface_hub/authentication
Invalid username or password.
httpx.HTTPStatusError: Client error '401 Unauthorized' for url 'https://huggingface.co/sentence-transformers/msmarco-mpnet-base-v4/resolve/main/modules.json'
For more information check: https://developer.mozilla.org/en-US/docs/Web/HTTP/Status/401

The above exception was the direct cause of the following exception:

Traceback (most recent call last):
  File ""/raid/brunoguilherme/DeepGenerativeTopicCluster/src/vaebm_benchmark/experiment/runner.py"", line 364, in run_single
    model.fit(documents)
  File ""/raid/brunoguilherme/DeepGenerativeTopicCluster/src/vaebm_benchmark/models/sbert_kmeans_adapter.py"", line 79, in fit
    self._encoder = SentenceTransformer(self.embedder_name)
                    ^^^^^^^^^^^^^^^^^^^^^^^^^^^^^^^^^^^^^^^
  File ""/raid/brunoguilherme/venvs/dgtc/lib/python3.12/site-packages/sentence_transformers/util/decorators.py"", line 46, in wrapper
    return func(*args, **kwargs)
           ^^^^^^^^^^^^^^^^^^^^^
huggingface_hub.errors.RepositoryNotFoundError: 401 Client Error. (Request ID: Root=1-6aa66f89-36547a21117219a77b9cb938;a6afdb48-d7ee-4e24-9da0-a70835044e80)

Repository Not Found for url: https://huggingface.co/sentence-transformers/msmarco-mpnet-base-v4/resolve/main/modules.json.
Please make sure you specified the correct `repo_id` and `repo_type`.
If you are trying to access a private or gated repo, make sure you are authenticated and your token has the required permissions.
For more details, see https://huggingface.co/docs/huggingface_hub/authentication
Invalid username or password.
",ecrtm_hicot,15,palmetto_wikipedia,dieng_unique_words_top15,,
sbert_msmpnet,stack_overflow,100,,,,,42,7.934,error,"401 Client Error. (Request ID: Root=1-6aa66fa7-7cb3d5441b2820be324a29ac;d8664d89-03b7-4988-802c-02060251d381)

Repository Not Found for url: https://huggingface.co/sentence-transformers/msmarco-mpnet-base-v4/resolve/main/modules.json.
Please make sure you specified the correct `repo_id` and `repo_type`.
If you are trying to access a private or gated repo, make sure you are authenticated and your token has the required permissions.
For more details, see https://huggingface.co/docs/huggingface_hub/authentication
Invalid username or password.
httpx.HTTPStatusError: Client error '401 Unauthorized' for url 'https://huggingface.co/sentence-transformers/msmarco-mpnet-base-v4/resolve/main/modules.json'
For more information check: https://developer.mozilla.org/en-US/docs/Web/HTTP/Status/401

The above exception was the direct cause of the following exception:

Traceback (most recent call last):
  File ""/raid/brunoguilherme/DeepGenerativeTopicCluster/src/vaebm_benchmark/experiment/runner.py"", line 364, in run_single
    model.fit(documents)
  File ""/raid/brunoguilherme/DeepGenerativeTopicCluster/src/vaebm_benchmark/models/sbert_kmeans_adapter.py"", line 79, in fit
    self._encoder = SentenceTransformer(self.embedder_name)
                    ^^^^^^^^^^^^^^^^^^^^^^^^^^^^^^^^^^^^^^^
  File ""/raid/brunoguilherme/venvs/dgtc/lib/python3.12/site-packages/sentence_transformers/util/decorators.py"", line 46, in wrapper
    return func(*args, **kwargs)
           ^^^^^^^^^^^^^^^^^^^^^
huggingface_hub.errors.RepositoryNotFoundError: 401 Client Error. (Request ID: Root=1-6aa66fa7-7cb3d5441b2820be324a29ac;d8664d89-03b7-4988-802c-02060251d381)

Repository Not Found for url: https://huggingface.co/sentence-transformers/msmarco-mpnet-base-v4/resolve/main/modules.json.
Please make sure you specified the correct `repo_id` and `repo_type`.
If you are trying to access a private or gated repo, make sure you are authenticated and your token has the required permissions.
For more details, see https://huggingface.co/docs/huggingface_hub/authentication
Invalid username or password.
",ecrtm_hicot,15,palmetto_wikipedia,dieng_unique_words_top15,,
sbert_msmpnet,biomedical,50,,,,,42,7.597,error,"401 Client Error. (Request ID: Root=1-6aa66fb0-6875b33c21a0cf4722525119;79546521-2fa4-4473-b349-e0b833771465)

Repository Not Found for url: https://huggingface.co/sentence-transformers/msmarco-mpnet-base-v4/resolve/main/modules.json.
Please make sure you specified the correct `repo_id` and `repo_type`.
If you are trying to access a private or gated repo, make sure you are authenticated and your token has the required permissions.
For more details, see https://huggingface.co/docs/huggingface_hub/authentication
Invalid username or password.
httpx.HTTPStatusError: Client error '401 Unauthorized' for url 'https://huggingface.co/sentence-transformers/msmarco-mpnet-base-v4/resolve/main/modules.json'
For more information check: https://developer.mozilla.org/en-US/docs/Web/HTTP/Status/401

The above exception was the direct cause of the following exception:

Traceback (most recent call last):
  File ""/raid/brunoguilherme/DeepGenerativeTopicCluster/src/vaebm_benchmark/experiment/runner.py"", line 364, in run_single
    model.fit(documents)
  File ""/raid/brunoguilherme/DeepGenerativeTopicCluster/src/vaebm_benchmark/models/sbert_kmeans_adapter.py"", line 79, in fit
    self._encoder = SentenceTransformer(self.embedder_name)
                    ^^^^^^^^^^^^^^^^^^^^^^^^^^^^^^^^^^^^^^^
  File ""/raid/brunoguilherme/venvs/dgtc/lib/python3.12/site-packages/sentence_transformers/util/decorators.py"", line 46, in wrapper
    return func(*args, **kwargs)
           ^^^^^^^^^^^^^^^^^^^^^
huggingface_hub.errors.RepositoryNotFoundError: 401 Client Error. (Request ID: Root=1-6aa66fb0-6875b33c21a0cf4722525119;79546521-2fa4-4473-b349-e0b833771465)

Repository Not Found for url: https://huggingface.co/sentence-transformers/msmarco-mpnet-base-v4/resolve/main/modules.json.
Please make sure you specified the correct `repo_id` and `repo_type`.
If you are trying to access a private or gated repo, make sure you are authenticated and your token has the required permissions.
For more details, see https://huggingface.co/docs/huggingface_hub/authentication
Invalid username or password.
",ecrtm_hicot,15,palmetto_wikipedia,dieng_unique_words_top15,,
sbert_msmpnet,biomedical,50,,,,,42,7.747,error,"401 Client Error. (Request ID: Root=1-6aa66fce-5c1aca6e6d11ce93310f4067;e52040ec-f755-4bc1-921c-04b71285866d)

Repository Not Found for url: https://huggingface.co/sentence-transformers/msmarco-mpnet-base-v4/resolve/main/modules.json.
Please make sure you specified the correct `repo_id` and `repo_type`.
If you are trying to access a private or gated repo, make sure you are authenticated and your token has the required permissions.
For more details, see https://huggingface.co/docs/huggingface_hub/authentication
Invalid username or password.
httpx.HTTPStatusError: Client error '401 Unauthorized' for url 'https://huggingface.co/sentence-transformers/msmarco-mpnet-base-v4/resolve/main/modules.json'
For more information check: https://developer.mozilla.org/en-US/docs/Web/HTTP/Status/401

The above exception was the direct cause of the following exception:

Traceback (most recent call last):
  File ""/raid/brunoguilherme/DeepGenerativeTopicCluster/src/vaebm_benchmark/experiment/runner.py"", line 364, in run_single
    model.fit(documents)
  File ""/raid/brunoguilherme/DeepGenerativeTopicCluster/src/vaebm_benchmark/models/sbert_kmeans_adapter.py"", line 79, in fit
    self._encoder = SentenceTransformer(self.embedder_name)
                    ^^^^^^^^^^^^^^^^^^^^^^^^^^^^^^^^^^^^^^^
  File ""/raid/brunoguilherme/venvs/dgtc/lib/python3.12/site-packages/sentence_transformers/util/decorators.py"", line 46, in wrapper
    return func(*args, **kwargs)
           ^^^^^^^^^^^^^^^^^^^^^
huggingface_hub.errors.RepositoryNotFoundError: 401 Client Error. (Request ID: Root=1-6aa66fce-5c1aca6e6d11ce93310f4067;e52040ec-f755-4bc1-921c-04b71285866d)

Repository Not Found for url: https://huggingface.co/sentence-transformers/msmarco-mpnet-base-v4/resolve/main/modules.json.
Please make sure you specified the correct `repo_id` and `repo_type`.
If you are trying to access a private or gated repo, make sure you are authenticated and your token has the required permissions.
For more details, see https://huggingface.co/docs/huggingface_hub/authentication
Invalid username or password.
",ecrtm_hicot,15,palmetto_wikipedia,dieng_unique_words_top15,,
sbert_msmpnet,biomedical,50,,,,,42,8.434,error,"401 Client Error. (Request ID: Root=1-6aa66fec-4239b91e7b03e9d802dec018;99a26b81-0246-4cf7-b3f4-d1267a1c6597)

Repository Not Found for url: https://huggingface.co/sentence-transformers/msmarco-mpnet-base-v4/resolve/main/modules.json.
Please make sure you specified the correct `repo_id` and `repo_type`.
If you are trying to access a private or gated repo, make sure you are authenticated and your token has the required permissions.
For more details, see https://huggingface.co/docs/huggingface_hub/authentication
Invalid username or password.
httpx.HTTPStatusError: Client error '401 Unauthorized' for url 'https://huggingface.co/sentence-transformers/msmarco-mpnet-base-v4/resolve/main/modules.json'
For more information check: https://developer.mozilla.org/en-US/docs/Web/HTTP/Status/401

The above exception was the direct cause of the following exception:

Traceback (most recent call last):
  File ""/raid/brunoguilherme/DeepGenerativeTopicCluster/src/vaebm_benchmark/experiment/runner.py"", line 364, in run_single
    model.fit(documents)
  File ""/raid/brunoguilherme/DeepGenerativeTopicCluster/src/vaebm_benchmark/models/sbert_kmeans_adapter.py"", line 79, in fit
    self._encoder = SentenceTransformer(self.embedder_name)
                    ^^^^^^^^^^^^^^^^^^^^^^^^^^^^^^^^^^^^^^^
  File ""/raid/brunoguilherme/venvs/dgtc/lib/python3.12/site-packages/sentence_transformers/util/decorators.py"", line 46, in wrapper
    return func(*args, **kwargs)
           ^^^^^^^^^^^^^^^^^^^^^
huggingface_hub.errors.RepositoryNotFoundError: 401 Client Error. (Request ID: Root=1-6aa66fec-4239b91e7b03e9d802dec018;99a26b81-0246-4cf7-b3f4-d1267a1c6597)

Repository Not Found for url: https://huggingface.co/sentence-transformers/msmarco-mpnet-base-v4/resolve/main/modules.json.
Please make sure you specified the correct `repo_id` and `repo_type`.
If you are trying to access a private or gated repo, make sure you are authenticated and your token has the required permissions.
For more details, see https://huggingface.co/docs/huggingface_hub/authentication
Invalid username or password.
",ecrtm_hicot,15,palmetto_wikipedia,dieng_unique_words_top15,,
sbert_msmpnet,biomedical,100,,,,,42,6.632,error,"401 Client Error. (Request ID: Root=1-6aa66ff4-689564600e7a1a9f3a70e075;0e6d8c96-cdcb-4b2d-829b-06e7cde5f79a)

Repository Not Found for url: https://huggingface.co/sentence-transformers/msmarco-mpnet-base-v4/resolve/main/modules.json.
Please make sure you specified the correct `repo_id` and `repo_type`.
If you are trying to access a private or gated repo, make sure you are authenticated and your token has the required permissions.
For more details, see https://huggingface.co/docs/huggingface_hub/authentication
Invalid username or password.
httpx.HTTPStatusError: Client error '401 Unauthorized' for url 'https://huggingface.co/sentence-transformers/msmarco-mpnet-base-v4/resolve/main/modules.json'
For more information check: https://developer.mozilla.org/en-US/docs/Web/HTTP/Status/401

The above exception was the direct cause of the following exception:

Traceback (most recent call last):
  File ""/raid/brunoguilherme/DeepGenerativeTopicCluster/src/vaebm_benchmark/experiment/runner.py"", line 364, in run_single
    model.fit(documents)
  File ""/raid/brunoguilherme/DeepGenerativeTopicCluster/src/vaebm_benchmark/models/sbert_kmeans_adapter.py"", line 79, in fit
    self._encoder = SentenceTransformer(self.embedder_name)
                    ^^^^^^^^^^^^^^^^^^^^^^^^^^^^^^^^^^^^^^^
  File ""/raid/brunoguilherme/venvs/dgtc/lib/python3.12/site-packages/sentence_transformers/util/decorators.py"", line 46, in wrapper
    return func(*args, **kwargs)
           ^^^^^^^^^^^^^^^^^^^^^
huggingface_hub.errors.RepositoryNotFoundError: 401 Client Error. (Request ID: Root=1-6aa66ff4-689564600e7a1a9f3a70e075;0e6d8c96-cdcb-4b2d-829b-06e7cde5f79a)

Repository Not Found for url: https://huggingface.co/sentence-transformers/msmarco-mpnet-base-v4/resolve/main/modules.json.
Please make sure you specified the correct `repo_id` and `repo_type`.
If you are trying to access a private or gated repo, make sure you are authenticated and your token has the required permissions.
For more details, see https://huggingface.co/docs/huggingface_hub/authentication
Invalid username or password.
",ecrtm_hicot,15,palmetto_wikipedia,dieng_unique_words_top15,,
sbert_msmpnet,biomedical,100,,,,,42,8.67,error,"401 Client Error. (Request ID: Root=1-6aa67012-4d317d21538397ac7ce16bee;867a43c3-4cba-493b-8cfa-08727a3fdf5b)

Repository Not Found for url: https://huggingface.co/sentence-transformers/msmarco-mpnet-base-v4/resolve/main/modules.json.
Please make sure you specified the correct `repo_id` and `repo_type`.
If you are trying to access a private or gated repo, make sure you are authenticated and your token has the required permissions.
For more details, see https://huggingface.co/docs/huggingface_hub/authentication
Invalid username or password.
httpx.HTTPStatusError: Client error '401 Unauthorized' for url 'https://huggingface.co/sentence-transformers/msmarco-mpnet-base-v4/resolve/main/modules.json'
For more information check: https://developer.mozilla.org/en-US/docs/Web/HTTP/Status/401

The above exception was the direct cause of the following exception:

Traceback (most recent call last):
  File ""/raid/brunoguilherme/DeepGenerativeTopicCluster/src/vaebm_benchmark/experiment/runner.py"", line 364, in run_single
    model.fit(documents)
  File ""/raid/brunoguilherme/DeepGenerativeTopicCluster/src/vaebm_benchmark/models/sbert_kmeans_adapter.py"", line 79, in fit
    self._encoder = SentenceTransformer(self.embedder_name)
                    ^^^^^^^^^^^^^^^^^^^^^^^^^^^^^^^^^^^^^^^
  File ""/raid/brunoguilherme/venvs/dgtc/lib/python3.12/site-packages/sentence_transformers/util/decorators.py"", line 46, in wrapper
    return func(*args, **kwargs)
           ^^^^^^^^^^^^^^^^^^^^^
huggingface_hub.errors.RepositoryNotFoundError: 401 Client Error. (Request ID: Root=1-6aa67012-4d317d21538397ac7ce16bee;867a43c3-4cba-493b-8cfa-08727a3fdf5b)

Repository Not Found for url: https://huggingface.co/sentence-transformers/msmarco-mpnet-base-v4/resolve/main/modules.json.
Please make sure you specified the correct `repo_id` and `repo_type`.
If you are trying to access a private or gated repo, make sure you are authenticated and your token has the required permissions.
For more details, see https://huggingface.co/docs/huggingface_hub/authentication
Invalid username or password.
",ecrtm_hicot,15,palmetto_wikipedia,dieng_unique_words_top15,,
sbert_msmpnet,biomedical,100,,,,,42,8.269,error,"401 Client Error. (Request ID: Root=1-6aa67030-2858c5cd50e64a9b71229ec9;4cda8995-e777-47e9-b516-4e60c74f3164)

Repository Not Found for url: https://huggingface.co/sentence-transformers/msmarco-mpnet-base-v4/resolve/main/modules.json.
Please make sure you specified the correct `repo_id` and `repo_type`.
If you are trying to access a private or gated repo, make sure you are authenticated and your token has the required permissions.
For more details, see https://huggingface.co/docs/huggingface_hub/authentication
Invalid username or password.
httpx.HTTPStatusError: Client error '401 Unauthorized' for url 'https://huggingface.co/sentence-transformers/msmarco-mpnet-base-v4/resolve/main/modules.json'
For more information check: https://developer.mozilla.org/en-US/docs/Web/HTTP/Status/401

The above exception was the direct cause of the following exception:

Traceback (most recent call last):
  File ""/raid/brunoguilherme/DeepGenerativeTopicCluster/src/vaebm_benchmark/experiment/runner.py"", line 364, in run_single
    model.fit(documents)
  File ""/raid/brunoguilherme/DeepGenerativeTopicCluster/src/vaebm_benchmark/models/sbert_kmeans_adapter.py"", line 79, in fit
    self._encoder = SentenceTransformer(self.embedder_name)
                    ^^^^^^^^^^^^^^^^^^^^^^^^^^^^^^^^^^^^^^^
  File ""/raid/brunoguilherme/venvs/dgtc/lib/python3.12/site-packages/sentence_transformers/util/decorators.py"", line 46, in wrapper
    return func(*args, **kwargs)
           ^^^^^^^^^^^^^^^^^^^^^
huggingface_hub.errors.RepositoryNotFoundError: 401 Client Error. (Request ID: Root=1-6aa67030-2858c5cd50e64a9b71229ec9;4cda8995-e777-47e9-b516-4e60c74f3164)

Repository Not Found for url: https://huggingface.co/sentence-transformers/msmarco-mpnet-base-v4/resolve/main/modules.json.
Please make sure you specified the correct `repo_id` and `repo_type`.
If you are trying to access a private or gated repo, make sure you are authenticated and your token has the required permissions.
For more details, see https://huggingface.co/docs/huggingface_hub/authentication
Invalid username or password.
",ecrtm_hicot,15,palmetto_wikipedia,dieng_unique_words_top15,,
sbert_msmpnet,google_news_ts,50,,,,,42,6.235,error,"401 Client Error. (Request ID: Root=1-6aa67038-2a32778e5001940b0d86f363;db444de8-233f-4b72-ae0f-c0bebc62ed98)

Repository Not Found for url: https://huggingface.co/sentence-transformers/msmarco-mpnet-base-v4/resolve/main/modules.json.
Please make sure you specified the correct `repo_id` and `repo_type`.
If you are trying to access a private or gated repo, make sure you are authenticated and your token has the required permissions.
For more details, see https://huggingface.co/docs/huggingface_hub/authentication
Invalid username or password.
httpx.HTTPStatusError: Client error '401 Unauthorized' for url 'https://huggingface.co/sentence-transformers/msmarco-mpnet-base-v4/resolve/main/modules.json'
For more information check: https://developer.mozilla.org/en-US/docs/Web/HTTP/Status/401

The above exception was the direct cause of the following exception:

Traceback (most recent call last):
  File ""/raid/brunoguilherme/DeepGenerativeTopicCluster/src/vaebm_benchmark/experiment/runner.py"", line 364, in run_single
    model.fit(documents)
  File ""/raid/brunoguilherme/DeepGenerativeTopicCluster/src/vaebm_benchmark/models/sbert_kmeans_adapter.py"", line 79, in fit
    self._encoder = SentenceTransformer(self.embedder_name)
                    ^^^^^^^^^^^^^^^^^^^^^^^^^^^^^^^^^^^^^^^
  File ""/raid/brunoguilherme/venvs/dgtc/lib/python3.12/site-packages/sentence_transformers/util/decorators.py"", line 46, in wrapper
    return func(*args, **kwargs)
           ^^^^^^^^^^^^^^^^^^^^^
huggingface_hub.errors.RepositoryNotFoundError: 401 Client Error. (Request ID: Root=1-6aa67038-2a32778e5001940b0d86f363;db444de8-233f-4b72-ae0f-c0bebc62ed98)

Repository Not Found for url: https://huggingface.co/sentence-transformers/msmarco-mpnet-base-v4/resolve/main/modules.json.
Please make sure you specified the correct `repo_id` and `repo_type`.
If you are trying to access a private or gated repo, make sure you are authenticated and your token has the required permissions.
For more details, see https://huggingface.co/docs/huggingface_hub/authentication
Invalid username or password.
",ecrtm_hicot,15,palmetto_wikipedia,dieng_unique_words_top15,,
sbert_msmpnet,google_news_ts,50,,,,,42,9.451,error,"401 Client Error. (Request ID: Root=1-6aa67057-716f90ba41e6166a0899338b;85cc4343-c1f7-4895-8d85-b8a708cb59f0)

Repository Not Found for url: https://huggingface.co/sentence-transformers/msmarco-mpnet-base-v4/resolve/main/modules.json.
Please make sure you specified the correct `repo_id` and `repo_type`.
If you are trying to access a private or gated repo, make sure you are authenticated and your token has the required permissions.
For more details, see https://huggingface.co/docs/huggingface_hub/authentication
Invalid username or password.
httpx.HTTPStatusError: Client error '401 Unauthorized' for url 'https://huggingface.co/sentence-transformers/msmarco-mpnet-base-v4/resolve/main/modules.json'
For more information check: https://developer.mozilla.org/en-US/docs/Web/HTTP/Status/401

The above exception was the direct cause of the following exception:

Traceback (most recent call last):
  File ""/raid/brunoguilherme/DeepGenerativeTopicCluster/src/vaebm_benchmark/experiment/runner.py"", line 364, in run_single
    model.fit(documents)
  File ""/raid/brunoguilherme/DeepGenerativeTopicCluster/src/vaebm_benchmark/models/sbert_kmeans_adapter.py"", line 79, in fit
    self._encoder = SentenceTransformer(self.embedder_name)
                    ^^^^^^^^^^^^^^^^^^^^^^^^^^^^^^^^^^^^^^^
  File ""/raid/brunoguilherme/venvs/dgtc/lib/python3.12/site-packages/sentence_transformers/util/decorators.py"", line 46, in wrapper
    return func(*args, **kwargs)
           ^^^^^^^^^^^^^^^^^^^^^
huggingface_hub.errors.RepositoryNotFoundError: 401 Client Error. (Request ID: Root=1-6aa67057-716f90ba41e6166a0899338b;85cc4343-c1f7-4895-8d85-b8a708cb59f0)

Repository Not Found for url: https://huggingface.co/sentence-transformers/msmarco-mpnet-base-v4/resolve/main/modules.json.
Please make sure you specified the correct `repo_id` and `repo_type`.
If you are trying to access a private or gated repo, make sure you are authenticated and your token has the required permissions.
For more details, see https://huggingface.co/docs/huggingface_hub/authentication
Invalid username or password.
",ecrtm_hicot,15,palmetto_wikipedia,dieng_unique_words_top15,,
sbert_msmpnet,google_news_ts,50,,,,,42,7.638,error,"401 Client Error. (Request ID: Root=1-6aa67075-70dbd3ad1fcb34ee6338e233;ec0e2081-50d4-4484-a35d-7fd75cc3e488)

Repository Not Found for url: https://huggingface.co/sentence-transformers/msmarco-mpnet-base-v4/resolve/main/modules.json.
Please make sure you specified the correct `repo_id` and `repo_type`.
If you are trying to access a private or gated repo, make sure you are authenticated and your token has the required permissions.
For more details, see https://huggingface.co/docs/huggingface_hub/authentication
Invalid username or password.
httpx.HTTPStatusError: Client error '401 Unauthorized' for url 'https://huggingface.co/sentence-transformers/msmarco-mpnet-base-v4/resolve/main/modules.json'
For more information check: https://developer.mozilla.org/en-US/docs/Web/HTTP/Status/401

The above exception was the direct cause of the following exception:

Traceback (most recent call last):
  File ""/raid/brunoguilherme/DeepGenerativeTopicCluster/src/vaebm_benchmark/experiment/runner.py"", line 364, in run_single
    model.fit(documents)
  File ""/raid/brunoguilherme/DeepGenerativeTopicCluster/src/vaebm_benchmark/models/sbert_kmeans_adapter.py"", line 79, in fit
    self._encoder = SentenceTransformer(self.embedder_name)
                    ^^^^^^^^^^^^^^^^^^^^^^^^^^^^^^^^^^^^^^^
  File ""/raid/brunoguilherme/venvs/dgtc/lib/python3.12/site-packages/sentence_transformers/util/decorators.py"", line 46, in wrapper
    return func(*args, **kwargs)
           ^^^^^^^^^^^^^^^^^^^^^
huggingface_hub.errors.RepositoryNotFoundError: 401 Client Error. (Request ID: Root=1-6aa67075-70dbd3ad1fcb34ee6338e233;ec0e2081-50d4-4484-a35d-7fd75cc3e488)

Repository Not Found for url: https://huggingface.co/sentence-transformers/msmarco-mpnet-base-v4/resolve/main/modules.json.
Please make sure you specified the correct `repo_id` and `repo_type`.
If you are trying to access a private or gated repo, make sure you are authenticated and your token has the required permissions.
For more details, see https://huggingface.co/docs/huggingface_hub/authentication
Invalid username or password.
",ecrtm_hicot,15,palmetto_wikipedia,dieng_unique_words_top15,,
sbert_msmpnet,google_news_ts,100,,,,,42,6.326,error,"401 Client Error. (Request ID: Root=1-6aa6707d-4dc50fdd678b26cb31fd616b;56d0bb82-1903-45e4-a13e-16bbff015927)

Repository Not Found for url: https://huggingface.co/sentence-transformers/msmarco-mpnet-base-v4/resolve/main/modules.json.
Please make sure you specified the correct `repo_id` and `repo_type`.
If you are trying to access a private or gated repo, make sure you are authenticated and your token has the required permissions.
For more details, see https://huggingface.co/docs/huggingface_hub/authentication
Invalid username or password.
httpx.HTTPStatusError: Client error '401 Unauthorized' for url 'https://huggingface.co/sentence-transformers/msmarco-mpnet-base-v4/resolve/main/modules.json'
For more information check: https://developer.mozilla.org/en-US/docs/Web/HTTP/Status/401

The above exception was the direct cause of the following exception:

Traceback (most recent call last):
  File ""/raid/brunoguilherme/DeepGenerativeTopicCluster/src/vaebm_benchmark/experiment/runner.py"", line 364, in run_single
    model.fit(documents)
  File ""/raid/brunoguilherme/DeepGenerativeTopicCluster/src/vaebm_benchmark/models/sbert_kmeans_adapter.py"", line 79, in fit
    self._encoder = SentenceTransformer(self.embedder_name)
                    ^^^^^^^^^^^^^^^^^^^^^^^^^^^^^^^^^^^^^^^
  File ""/raid/brunoguilherme/venvs/dgtc/lib/python3.12/site-packages/sentence_transformers/util/decorators.py"", line 46, in wrapper
    return func(*args, **kwargs)
           ^^^^^^^^^^^^^^^^^^^^^
huggingface_hub.errors.RepositoryNotFoundError: 401 Client Error. (Request ID: Root=1-6aa6707d-4dc50fdd678b26cb31fd616b;56d0bb82-1903-45e4-a13e-16bbff015927)

Repository Not Found for url: https://huggingface.co/sentence-transformers/msmarco-mpnet-base-v4/resolve/main/modules.json.
Please make sure you specified the correct `repo_id` and `repo_type`.
If you are trying to access a private or gated repo, make sure you are authenticated and your token has the required permissions.
For more details, see https://huggingface.co/docs/huggingface_hub/authentication
Invalid username or password.
",ecrtm_hicot,15,palmetto_wikipedia,dieng_unique_words_top15,,
sbert_msmpnet,google_news_ts,100,,,,,42,8.102,error,"401 Client Error. (Request ID: Root=1-6aa6709b-708f52f362a03180486d131e;a0db563c-9bb9-43c9-b745-8b9142553c5a)

Repository Not Found for url: https://huggingface.co/sentence-transformers/msmarco-mpnet-base-v4/resolve/main/modules.json.
Please make sure you specified the correct `repo_id` and `repo_type`.
If you are trying to access a private or gated repo, make sure you are authenticated and your token has the required permissions.
For more details, see https://huggingface.co/docs/huggingface_hub/authentication
Invalid username or password.
httpx.HTTPStatusError: Client error '401 Unauthorized' for url 'https://huggingface.co/sentence-transformers/msmarco-mpnet-base-v4/resolve/main/modules.json'
For more information check: https://developer.mozilla.org/en-US/docs/Web/HTTP/Status/401

The above exception was the direct cause of the following exception:

Traceback (most recent call last):
  File ""/raid/brunoguilherme/DeepGenerativeTopicCluster/src/vaebm_benchmark/experiment/runner.py"", line 364, in run_single
    model.fit(documents)
  File ""/raid/brunoguilherme/DeepGenerativeTopicCluster/src/vaebm_benchmark/models/sbert_kmeans_adapter.py"", line 79, in fit
    self._encoder = SentenceTransformer(self.embedder_name)
                    ^^^^^^^^^^^^^^^^^^^^^^^^^^^^^^^^^^^^^^^
  File ""/raid/brunoguilherme/venvs/dgtc/lib/python3.12/site-packages/sentence_transformers/util/decorators.py"", line 46, in wrapper
    return func(*args, **kwargs)
           ^^^^^^^^^^^^^^^^^^^^^
huggingface_hub.errors.RepositoryNotFoundError: 401 Client Error. (Request ID: Root=1-6aa6709b-708f52f362a03180486d131e;a0db563c-9bb9-43c9-b745-8b9142553c5a)

Repository Not Found for url: https://huggingface.co/sentence-transformers/msmarco-mpnet-base-v4/resolve/main/modules.json.
Please make sure you specified the correct `repo_id` and `repo_type`.
If you are trying to access a private or gated repo, make sure you are authenticated and your token has the required permissions.
For more details, see https://huggingface.co/docs/huggingface_hub/authentication
Invalid username or password.
",ecrtm_hicot,15,palmetto_wikipedia,dieng_unique_words_top15,,
sbert_msmpnet,google_news_ts,100,,,,,42,8.728,error,"401 Client Error. (Request ID: Root=1-6aa670b9-262a39714dfa114a4de0faf9;27eb12ac-2d0e-41c8-bfae-4c734b391b1d)

Repository Not Found for url: https://huggingface.co/sentence-transformers/msmarco-mpnet-base-v4/resolve/main/modules.json.
Please make sure you specified the correct `repo_id` and `repo_type`.
If you are trying to access a private or gated repo, make sure you are authenticated and your token has the required permissions.
For more details, see https://huggingface.co/docs/huggingface_hub/authentication
Invalid username or password.
httpx.HTTPStatusError: Client error '401 Unauthorized' for url 'https://huggingface.co/sentence-transformers/msmarco-mpnet-base-v4/resolve/main/modules.json'
For more information check: https://developer.mozilla.org/en-US/docs/Web/HTTP/Status/401

The above exception was the direct cause of the following exception:

Traceback (most recent call last):
  File ""/raid/brunoguilherme/DeepGenerativeTopicCluster/src/vaebm_benchmark/experiment/runner.py"", line 364, in run_single
    model.fit(documents)
  File ""/raid/brunoguilherme/DeepGenerativeTopicCluster/src/vaebm_benchmark/models/sbert_kmeans_adapter.py"", line 79, in fit
    self._encoder = SentenceTransformer(self.embedder_name)
                    ^^^^^^^^^^^^^^^^^^^^^^^^^^^^^^^^^^^^^^^
  File ""/raid/brunoguilherme/venvs/dgtc/lib/python3.12/site-packages/sentence_transformers/util/decorators.py"", line 46, in wrapper
    return func(*args, **kwargs)
           ^^^^^^^^^^^^^^^^^^^^^
huggingface_hub.errors.RepositoryNotFoundError: 401 Client Error. (Request ID: Root=1-6aa670b9-262a39714dfa114a4de0faf9;27eb12ac-2d0e-41c8-bfae-4c734b391b1d)

Repository Not Found for url: https://huggingface.co/sentence-transformers/msmarco-mpnet-base-v4/resolve/main/modules.json.
Please make sure you specified the correct `repo_id` and `repo_type`.
If you are trying to access a private or gated repo, make sure you are authenticated and your token has the required permissions.
For more details, see https://huggingface.co/docs/huggingface_hub/authentication
Invalid username or password.
",ecrtm_hicot,15,palmetto_wikipedia,dieng_unique_words_top15,,
sbert_msmpnet,google_news_t,50,,,,,42,6.413,error,"401 Client Error. (Request ID: Root=1-6aa670c1-41eda5da62a2a7a865c049c9;9592d47e-a1d1-49c9-b3c0-900a9f471e94)

Repository Not Found for url: https://huggingface.co/sentence-transformers/msmarco-mpnet-base-v4/resolve/main/modules.json.
Please make sure you specified the correct `repo_id` and `repo_type`.
If you are trying to access a private or gated repo, make sure you are authenticated and your token has the required permissions.
For more details, see https://huggingface.co/docs/huggingface_hub/authentication
Invalid username or password.
httpx.HTTPStatusError: Client error '401 Unauthorized' for url 'https://huggingface.co/sentence-transformers/msmarco-mpnet-base-v4/resolve/main/modules.json'
For more information check: https://developer.mozilla.org/en-US/docs/Web/HTTP/Status/401

The above exception was the direct cause of the following exception:

Traceback (most recent call last):
  File ""/raid/brunoguilherme/DeepGenerativeTopicCluster/src/vaebm_benchmark/experiment/runner.py"", line 364, in run_single
    model.fit(documents)
  File ""/raid/brunoguilherme/DeepGenerativeTopicCluster/src/vaebm_benchmark/models/sbert_kmeans_adapter.py"", line 79, in fit
    self._encoder = SentenceTransformer(self.embedder_name)
                    ^^^^^^^^^^^^^^^^^^^^^^^^^^^^^^^^^^^^^^^
  File ""/raid/brunoguilherme/venvs/dgtc/lib/python3.12/site-packages/sentence_transformers/util/decorators.py"", line 46, in wrapper
    return func(*args, **kwargs)
           ^^^^^^^^^^^^^^^^^^^^^
huggingface_hub.errors.RepositoryNotFoundError: 401 Client Error. (Request ID: Root=1-6aa670c1-41eda5da62a2a7a865c049c9;9592d47e-a1d1-49c9-b3c0-900a9f471e94)

Repository Not Found for url: https://huggingface.co/sentence-transformers/msmarco-mpnet-base-v4/resolve/main/modules.json.
Please make sure you specified the correct `repo_id` and `repo_type`.
If you are trying to access a private or gated repo, make sure you are authenticated and your token has the required permissions.
For more details, see https://huggingface.co/docs/huggingface_hub/authentication
Invalid username or password.
",ecrtm_hicot,15,palmetto_wikipedia,dieng_unique_words_top15,,
sbert_msmpnet,google_news_t,50,,,,,42,8.804,error,"401 Client Error. (Request ID: Root=1-6aa670e0-09aa8a62354bd796122f8a2b;5af991b5-b824-460c-94c7-564e8df8f3bc)

Repository Not Found for url: https://huggingface.co/sentence-transformers/msmarco-mpnet-base-v4/resolve/main/modules.json.
Please make sure you specified the correct `repo_id` and `repo_type`.
If you are trying to access a private or gated repo, make sure you are authenticated and your token has the required permissions.
For more details, see https://huggingface.co/docs/huggingface_hub/authentication
Invalid username or password.
httpx.HTTPStatusError: Client error '401 Unauthorized' for url 'https://huggingface.co/sentence-transformers/msmarco-mpnet-base-v4/resolve/main/modules.json'
For more information check: https://developer.mozilla.org/en-US/docs/Web/HTTP/Status/401

The above exception was the direct cause of the following exception:

Traceback (most recent call last):
  File ""/raid/brunoguilherme/DeepGenerativeTopicCluster/src/vaebm_benchmark/experiment/runner.py"", line 364, in run_single
    model.fit(documents)
  File ""/raid/brunoguilherme/DeepGenerativeTopicCluster/src/vaebm_benchmark/models/sbert_kmeans_adapter.py"", line 79, in fit
    self._encoder = SentenceTransformer(self.embedder_name)
                    ^^^^^^^^^^^^^^^^^^^^^^^^^^^^^^^^^^^^^^^
  File ""/raid/brunoguilherme/venvs/dgtc/lib/python3.12/site-packages/sentence_transformers/util/decorators.py"", line 46, in wrapper
    return func(*args, **kwargs)
           ^^^^^^^^^^^^^^^^^^^^^
huggingface_hub.errors.RepositoryNotFoundError: 401 Client Error. (Request ID: Root=1-6aa670e0-09aa8a62354bd796122f8a2b;5af991b5-b824-460c-94c7-564e8df8f3bc)

Repository Not Found for url: https://huggingface.co/sentence-transformers/msmarco-mpnet-base-v4/resolve/main/modules.json.
Please make sure you specified the correct `repo_id` and `repo_type`.
If you are trying to access a private or gated repo, make sure you are authenticated and your token has the required permissions.
For more details, see https://huggingface.co/docs/huggingface_hub/authentication
Invalid username or password.
",ecrtm_hicot,15,palmetto_wikipedia,dieng_unique_words_top15,,
sbert_msmpnet,google_news_t,50,,,,,42,9.294,error,"401 Client Error. (Request ID: Root=1-6aa670ff-394fc33a6a329abd062cd7ae;f81d1cc0-4b98-47d0-bfb3-bc1c865a6648)

Repository Not Found for url: https://huggingface.co/sentence-transformers/msmarco-mpnet-base-v4/resolve/main/modules.json.
Please make sure you specified the correct `repo_id` and `repo_type`.
If you are trying to access a private or gated repo, make sure you are authenticated and your token has the required permissions.
For more details, see https://huggingface.co/docs/huggingface_hub/authentication
Invalid username or password.
httpx.HTTPStatusError: Client error '401 Unauthorized' for url 'https://huggingface.co/sentence-transformers/msmarco-mpnet-base-v4/resolve/main/modules.json'
For more information check: https://developer.mozilla.org/en-US/docs/Web/HTTP/Status/401

The above exception was the direct cause of the following exception:

Traceback (most recent call last):
  File ""/raid/brunoguilherme/DeepGenerativeTopicCluster/src/vaebm_benchmark/experiment/runner.py"", line 364, in run_single
    model.fit(documents)
  File ""/raid/brunoguilherme/DeepGenerativeTopicCluster/src/vaebm_benchmark/models/sbert_kmeans_adapter.py"", line 79, in fit
    self._encoder = SentenceTransformer(self.embedder_name)
                    ^^^^^^^^^^^^^^^^^^^^^^^^^^^^^^^^^^^^^^^
  File ""/raid/brunoguilherme/venvs/dgtc/lib/python3.12/site-packages/sentence_transformers/util/decorators.py"", line 46, in wrapper
    return func(*args, **kwargs)
           ^^^^^^^^^^^^^^^^^^^^^
huggingface_hub.errors.RepositoryNotFoundError: 401 Client Error. (Request ID: Root=1-6aa670ff-394fc33a6a329abd062cd7ae;f81d1cc0-4b98-47d0-bfb3-bc1c865a6648)

Repository Not Found for url: https://huggingface.co/sentence-transformers/msmarco-mpnet-base-v4/resolve/main/modules.json.
Please make sure you specified the correct `repo_id` and `repo_type`.
If you are trying to access a private or gated repo, make sure you are authenticated and your token has the required permissions.
For more details, see https://huggingface.co/docs/huggingface_hub/authentication
Invalid username or password.
",ecrtm_hicot,15,palmetto_wikipedia,dieng_unique_words_top15,,
sbert_msmpnet,google_news_t,100,,,,,42,6.447,error,"401 Client Error. (Request ID: Root=1-6aa67107-32b1563232c6dc1c39a1b9a4;641b8881-6bce-4986-8013-e7dab77d42ef)

Repository Not Found for url: https://huggingface.co/sentence-transformers/msmarco-mpnet-base-v4/resolve/main/modules.json.
Please make sure you specified the correct `repo_id` and `repo_type`.
If you are trying to access a private or gated repo, make sure you are authenticated and your token has the required permissions.
For more details, see https://huggingface.co/docs/huggingface_hub/authentication
Invalid username or password.
httpx.HTTPStatusError: Client error '401 Unauthorized' for url 'https://huggingface.co/sentence-transformers/msmarco-mpnet-base-v4/resolve/main/modules.json'
For more information check: https://developer.mozilla.org/en-US/docs/Web/HTTP/Status/401

The above exception was the direct cause of the following exception:

Traceback (most recent call last):
  File ""/raid/brunoguilherme/DeepGenerativeTopicCluster/src/vaebm_benchmark/experiment/runner.py"", line 364, in run_single
    model.fit(documents)
  File ""/raid/brunoguilherme/DeepGenerativeTopicCluster/src/vaebm_benchmark/models/sbert_kmeans_adapter.py"", line 79, in fit
    self._encoder = SentenceTransformer(self.embedder_name)
                    ^^^^^^^^^^^^^^^^^^^^^^^^^^^^^^^^^^^^^^^
  File ""/raid/brunoguilherme/venvs/dgtc/lib/python3.12/site-packages/sentence_transformers/util/decorators.py"", line 46, in wrapper
    return func(*args, **kwargs)
           ^^^^^^^^^^^^^^^^^^^^^
huggingface_hub.errors.RepositoryNotFoundError: 401 Client Error. (Request ID: Root=1-6aa67107-32b1563232c6dc1c39a1b9a4;641b8881-6bce-4986-8013-e7dab77d42ef)

Repository Not Found for url: https://huggingface.co/sentence-transformers/msmarco-mpnet-base-v4/resolve/main/modules.json.
Please make sure you specified the correct `repo_id` and `repo_type`.
If you are trying to access a private or gated repo, make sure you are authenticated and your token has the required permissions.
For more details, see https://huggingface.co/docs/huggingface_hub/authentication
Invalid username or password.
",ecrtm_hicot,15,palmetto_wikipedia,dieng_unique_words_top15,,
sbert_msmpnet,google_news_t,100,,,,,42,7.092,error,"401 Client Error. (Request ID: Root=1-6aa67123-38fb4f96405bbca63a01adbf;837adc76-e724-4490-bba5-ba0693ba50e5)

Repository Not Found for url: https://huggingface.co/sentence-transformers/msmarco-mpnet-base-v4/resolve/main/modules.json.
Please make sure you specified the correct `repo_id` and `repo_type`.
If you are trying to access a private or gated repo, make sure you are authenticated and your token has the required permissions.
For more details, see https://huggingface.co/docs/huggingface_hub/authentication
Invalid username or password.
httpx.HTTPStatusError: Client error '401 Unauthorized' for url 'https://huggingface.co/sentence-transformers/msmarco-mpnet-base-v4/resolve/main/modules.json'
For more information check: https://developer.mozilla.org/en-US/docs/Web/HTTP/Status/401

The above exception was the direct cause of the following exception:

Traceback (most recent call last):
  File ""/raid/brunoguilherme/DeepGenerativeTopicCluster/src/vaebm_benchmark/experiment/runner.py"", line 364, in run_single
    model.fit(documents)
  File ""/raid/brunoguilherme/DeepGenerativeTopicCluster/src/vaebm_benchmark/models/sbert_kmeans_adapter.py"", line 79, in fit
    self._encoder = SentenceTransformer(self.embedder_name)
                    ^^^^^^^^^^^^^^^^^^^^^^^^^^^^^^^^^^^^^^^
  File ""/raid/brunoguilherme/venvs/dgtc/lib/python3.12/site-packages/sentence_transformers/util/decorators.py"", line 46, in wrapper
    return func(*args, **kwargs)
           ^^^^^^^^^^^^^^^^^^^^^
huggingface_hub.errors.RepositoryNotFoundError: 401 Client Error. (Request ID: Root=1-6aa67123-38fb4f96405bbca63a01adbf;837adc76-e724-4490-bba5-ba0693ba50e5)

Repository Not Found for url: https://huggingface.co/sentence-transformers/msmarco-mpnet-base-v4/resolve/main/modules.json.
Please make sure you specified the correct `repo_id` and `repo_type`.
If you are trying to access a private or gated repo, make sure you are authenticated and your token has the required permissions.
For more details, see https://huggingface.co/docs/huggingface_hub/authentication
Invalid username or password.
",ecrtm_hicot,15,palmetto_wikipedia,dieng_unique_words_top15,,
sbert_msmpnet,google_news_t,100,,,,,42,9.652,error,"401 Client Error. (Request ID: Root=1-6aa67143-1f0e6064547629bf100437f9;ae7eae43-8593-4d4a-9a0d-4ef321c6c505)

Repository Not Found for url: https://huggingface.co/sentence-transformers/msmarco-mpnet-base-v4/resolve/main/modules.json.
Please make sure you specified the correct `repo_id` and `repo_type`.
If you are trying to access a private or gated repo, make sure you are authenticated and your token has the required permissions.
For more details, see https://huggingface.co/docs/huggingface_hub/authentication
Invalid username or password.
httpx.HTTPStatusError: Client error '401 Unauthorized' for url 'https://huggingface.co/sentence-transformers/msmarco-mpnet-base-v4/resolve/main/modules.json'
For more information check: https://developer.mozilla.org/en-US/docs/Web/HTTP/Status/401

The above exception was the direct cause of the following exception:

Traceback (most recent call last):
  File ""/raid/brunoguilherme/DeepGenerativeTopicCluster/src/vaebm_benchmark/experiment/runner.py"", line 364, in run_single
    model.fit(documents)
  File ""/raid/brunoguilherme/DeepGenerativeTopicCluster/src/vaebm_benchmark/models/sbert_kmeans_adapter.py"", line 79, in fit
    self._encoder = SentenceTransformer(self.embedder_name)
                    ^^^^^^^^^^^^^^^^^^^^^^^^^^^^^^^^^^^^^^^
  File ""/raid/brunoguilherme/venvs/dgtc/lib/python3.12/site-packages/sentence_transformers/util/decorators.py"", line 46, in wrapper
    return func(*args, **kwargs)
           ^^^^^^^^^^^^^^^^^^^^^
huggingface_hub.errors.RepositoryNotFoundError: 401 Client Error. (Request ID: Root=1-6aa67143-1f0e6064547629bf100437f9;ae7eae43-8593-4d4a-9a0d-4ef321c6c505)

Repository Not Found for url: https://huggingface.co/sentence-transformers/msmarco-mpnet-base-v4/resolve/main/modules.json.
Please make sure you specified the correct `repo_id` and `repo_type`.
If you are trying to access a private or gated repo, make sure you are authenticated and your token has the required permissions.
For more details, see https://huggingface.co/docs/huggingface_hub/authentication
Invalid username or password.
",ecrtm_hicot,15,palmetto_wikipedia,dieng_unique_words_top15,,
sbert_msmpnet,google_news_s,50,,,,,42,6.406,error,"401 Client Error. (Request ID: Root=1-6aa6714b-7e23dd462c8d8e025d75c95d;cdef20fd-5e12-4657-b2eb-662ccfcde999)

Repository Not Found for url: https://huggingface.co/sentence-transformers/msmarco-mpnet-base-v4/resolve/main/modules.json.
Please make sure you specified the correct `repo_id` and `repo_type`.
If you are trying to access a private or gated repo, make sure you are authenticated and your token has the required permissions.
For more details, see https://huggingface.co/docs/huggingface_hub/authentication
Invalid username or password.
httpx.HTTPStatusError: Client error '401 Unauthorized' for url 'https://huggingface.co/sentence-transformers/msmarco-mpnet-base-v4/resolve/main/modules.json'
For more information check: https://developer.mozilla.org/en-US/docs/Web/HTTP/Status/401

The above exception was the direct cause of the following exception:

Traceback (most recent call last):
  File ""/raid/brunoguilherme/DeepGenerativeTopicCluster/src/vaebm_benchmark/experiment/runner.py"", line 364, in run_single
    model.fit(documents)
  File ""/raid/brunoguilherme/DeepGenerativeTopicCluster/src/vaebm_benchmark/models/sbert_kmeans_adapter.py"", line 79, in fit
    self._encoder = SentenceTransformer(self.embedder_name)
                    ^^^^^^^^^^^^^^^^^^^^^^^^^^^^^^^^^^^^^^^
  File ""/raid/brunoguilherme/venvs/dgtc/lib/python3.12/site-packages/sentence_transformers/util/decorators.py"", line 46, in wrapper
    return func(*args, **kwargs)
           ^^^^^^^^^^^^^^^^^^^^^
huggingface_hub.errors.RepositoryNotFoundError: 401 Client Error. (Request ID: Root=1-6aa6714b-7e23dd462c8d8e025d75c95d;cdef20fd-5e12-4657-b2eb-662ccfcde999)

Repository Not Found for url: https://huggingface.co/sentence-transformers/msmarco-mpnet-base-v4/resolve/main/modules.json.
Please make sure you specified the correct `repo_id` and `repo_type`.
If you are trying to access a private or gated repo, make sure you are authenticated and your token has the required permissions.
For more details, see https://huggingface.co/docs/huggingface_hub/authentication
Invalid username or password.
",ecrtm_hicot,15,palmetto_wikipedia,dieng_unique_words_top15,,
sbert_msmpnet,google_news_s,50,,,,,42,9.453,error,"401 Client Error. (Request ID: Root=1-6aa6716a-2ed2e60f4b2d49505ae36882;a3fc2290-a4ce-426b-ad6a-f2963a6c3b4f)

Repository Not Found for url: https://huggingface.co/sentence-transformers/msmarco-mpnet-base-v4/resolve/main/modules.json.
Please make sure you specified the correct `repo_id` and `repo_type`.
If you are trying to access a private or gated repo, make sure you are authenticated and your token has the required permissions.
For more details, see https://huggingface.co/docs/huggingface_hub/authentication
Invalid username or password.
httpx.HTTPStatusError: Client error '401 Unauthorized' for url 'https://huggingface.co/sentence-transformers/msmarco-mpnet-base-v4/resolve/main/modules.json'
For more information check: https://developer.mozilla.org/en-US/docs/Web/HTTP/Status/401

The above exception was the direct cause of the following exception:

Traceback (most recent call last):
  File ""/raid/brunoguilherme/DeepGenerativeTopicCluster/src/vaebm_benchmark/experiment/runner.py"", line 364, in run_single
    model.fit(documents)
  File ""/raid/brunoguilherme/DeepGenerativeTopicCluster/src/vaebm_benchmark/models/sbert_kmeans_adapter.py"", line 79, in fit
    self._encoder = SentenceTransformer(self.embedder_name)
                    ^^^^^^^^^^^^^^^^^^^^^^^^^^^^^^^^^^^^^^^
  File ""/raid/brunoguilherme/venvs/dgtc/lib/python3.12/site-packages/sentence_transformers/util/decorators.py"", line 46, in wrapper
    return func(*args, **kwargs)
           ^^^^^^^^^^^^^^^^^^^^^
huggingface_hub.errors.RepositoryNotFoundError: 401 Client Error. (Request ID: Root=1-6aa6716a-2ed2e60f4b2d49505ae36882;a3fc2290-a4ce-426b-ad6a-f2963a6c3b4f)

Repository Not Found for url: https://huggingface.co/sentence-transformers/msmarco-mpnet-base-v4/resolve/main/modules.json.
Please make sure you specified the correct `repo_id` and `repo_type`.
If you are trying to access a private or gated repo, make sure you are authenticated and your token has the required permissions.
For more details, see https://huggingface.co/docs/huggingface_hub/authentication
Invalid username or password.
",ecrtm_hicot,15,palmetto_wikipedia,dieng_unique_words_top15,,
sbert_msmpnet,google_news_s,50,,,,,42,7.771,error,"401 Client Error. (Request ID: Root=1-6aa67188-1f25373740ec7a224699bb1b;c433af89-2ccd-4749-bc32-693d1f8cc155)

Repository Not Found for url: https://huggingface.co/sentence-transformers/msmarco-mpnet-base-v4/resolve/main/modules.json.
Please make sure you specified the correct `repo_id` and `repo_type`.
If you are trying to access a private or gated repo, make sure you are authenticated and your token has the required permissions.
For more details, see https://huggingface.co/docs/huggingface_hub/authentication
Invalid username or password.
httpx.HTTPStatusError: Client error '401 Unauthorized' for url 'https://huggingface.co/sentence-transformers/msmarco-mpnet-base-v4/resolve/main/modules.json'
For more information check: https://developer.mozilla.org/en-US/docs/Web/HTTP/Status/401

The above exception was the direct cause of the following exception:

Traceback (most recent call last):
  File ""/raid/brunoguilherme/DeepGenerativeTopicCluster/src/vaebm_benchmark/experiment/runner.py"", line 364, in run_single
    model.fit(documents)
  File ""/raid/brunoguilherme/DeepGenerativeTopicCluster/src/vaebm_benchmark/models/sbert_kmeans_adapter.py"", line 79, in fit
    self._encoder = SentenceTransformer(self.embedder_name)
                    ^^^^^^^^^^^^^^^^^^^^^^^^^^^^^^^^^^^^^^^
  File ""/raid/brunoguilherme/venvs/dgtc/lib/python3.12/site-packages/sentence_transformers/util/decorators.py"", line 46, in wrapper
    return func(*args, **kwargs)
           ^^^^^^^^^^^^^^^^^^^^^
huggingface_hub.errors.RepositoryNotFoundError: 401 Client Error. (Request ID: Root=1-6aa67188-1f25373740ec7a224699bb1b;c433af89-2ccd-4749-bc32-693d1f8cc155)

Repository Not Found for url: https://huggingface.co/sentence-transformers/msmarco-mpnet-base-v4/resolve/main/modules.json.
Please make sure you specified the correct `repo_id` and `repo_type`.
If you are trying to access a private or gated repo, make sure you are authenticated and your token has the required permissions.
For more details, see https://huggingface.co/docs/huggingface_hub/authentication
Invalid username or password.
",ecrtm_hicot,15,palmetto_wikipedia,dieng_unique_words_top15,,
sbert_msmpnet,google_news_s,100,,,,,42,7.25,error,"401 Client Error. (Request ID: Root=1-6aa67190-37517ccb315d43d2286e217f;adfbcd0c-d6a6-4e80-9a3d-f89dca45aabd)

Repository Not Found for url: https://huggingface.co/sentence-transformers/msmarco-mpnet-base-v4/resolve/main/modules.json.
Please make sure you specified the correct `repo_id` and `repo_type`.
If you are trying to access a private or gated repo, make sure you are authenticated and your token has the required permissions.
For more details, see https://huggingface.co/docs/huggingface_hub/authentication
Invalid username or password.
httpx.HTTPStatusError: Client error '401 Unauthorized' for url 'https://huggingface.co/sentence-transformers/msmarco-mpnet-base-v4/resolve/main/modules.json'
For more information check: https://developer.mozilla.org/en-US/docs/Web/HTTP/Status/401

The above exception was the direct cause of the following exception:

Traceback (most recent call last):
  File ""/raid/brunoguilherme/DeepGenerativeTopicCluster/src/vaebm_benchmark/experiment/runner.py"", line 364, in run_single
    model.fit(documents)
  File ""/raid/brunoguilherme/DeepGenerativeTopicCluster/src/vaebm_benchmark/models/sbert_kmeans_adapter.py"", line 79, in fit
    self._encoder = SentenceTransformer(self.embedder_name)
                    ^^^^^^^^^^^^^^^^^^^^^^^^^^^^^^^^^^^^^^^
  File ""/raid/brunoguilherme/venvs/dgtc/lib/python3.12/site-packages/sentence_transformers/util/decorators.py"", line 46, in wrapper
    return func(*args, **kwargs)
           ^^^^^^^^^^^^^^^^^^^^^
huggingface_hub.errors.RepositoryNotFoundError: 401 Client Error. (Request ID: Root=1-6aa67190-37517ccb315d43d2286e217f;adfbcd0c-d6a6-4e80-9a3d-f89dca45aabd)

Repository Not Found for url: https://huggingface.co/sentence-transformers/msmarco-mpnet-base-v4/resolve/main/modules.json.
Please make sure you specified the correct `repo_id` and `repo_type`.
If you are trying to access a private or gated repo, make sure you are authenticated and your token has the required permissions.
For more details, see https://huggingface.co/docs/huggingface_hub/authentication
Invalid username or password.
",ecrtm_hicot,15,palmetto_wikipedia,dieng_unique_words_top15,,
sbert_msmpnet,google_news_s,100,,,,,42,8.532,error,"401 Client Error. (Request ID: Root=1-6aa671af-471af2cb2c4eaba5717457aa;c91d1f36-93cc-4ede-95df-1e8cb768fb05)

Repository Not Found for url: https://huggingface.co/sentence-transformers/msmarco-mpnet-base-v4/resolve/main/modules.json.
Please make sure you specified the correct `repo_id` and `repo_type`.
If you are trying to access a private or gated repo, make sure you are authenticated and your token has the required permissions.
For more details, see https://huggingface.co/docs/huggingface_hub/authentication
Invalid username or password.
httpx.HTTPStatusError: Client error '401 Unauthorized' for url 'https://huggingface.co/sentence-transformers/msmarco-mpnet-base-v4/resolve/main/modules.json'
For more information check: https://developer.mozilla.org/en-US/docs/Web/HTTP/Status/401

The above exception was the direct cause of the following exception:

Traceback (most recent call last):
  File ""/raid/brunoguilherme/DeepGenerativeTopicCluster/src/vaebm_benchmark/experiment/runner.py"", line 364, in run_single
    model.fit(documents)
  File ""/raid/brunoguilherme/DeepGenerativeTopicCluster/src/vaebm_benchmark/models/sbert_kmeans_adapter.py"", line 79, in fit
    self._encoder = SentenceTransformer(self.embedder_name)
                    ^^^^^^^^^^^^^^^^^^^^^^^^^^^^^^^^^^^^^^^
  File ""/raid/brunoguilherme/venvs/dgtc/lib/python3.12/site-packages/sentence_transformers/util/decorators.py"", line 46, in wrapper
    return func(*args, **kwargs)
           ^^^^^^^^^^^^^^^^^^^^^
huggingface_hub.errors.RepositoryNotFoundError: 401 Client Error. (Request ID: Root=1-6aa671af-471af2cb2c4eaba5717457aa;c91d1f36-93cc-4ede-95df-1e8cb768fb05)

Repository Not Found for url: https://huggingface.co/sentence-transformers/msmarco-mpnet-base-v4/resolve/main/modules.json.
Please make sure you specified the correct `repo_id` and `repo_type`.
If you are trying to access a private or gated repo, make sure you are authenticated and your token has the required permissions.
For more details, see https://huggingface.co/docs/huggingface_hub/authentication
Invalid username or password.
",ecrtm_hicot,15,palmetto_wikipedia,dieng_unique_words_top15,,
sbert_msmpnet,google_news_s,100,,,,,42,7.068,error,"401 Client Error. (Request ID: Root=1-6aa671cb-3e720cc260bb450c28715389;30aec2d1-6159-4b5a-9d46-ec59822ff6b0)

Repository Not Found for url: https://huggingface.co/sentence-transformers/msmarco-mpnet-base-v4/resolve/main/modules.json.
Please make sure you specified the correct `repo_id` and `repo_type`.
If you are trying to access a private or gated repo, make sure you are authenticated and your token has the required permissions.
For more details, see https://huggingface.co/docs/huggingface_hub/authentication
Invalid username or password.
httpx.HTTPStatusError: Client error '401 Unauthorized' for url 'https://huggingface.co/sentence-transformers/msmarco-mpnet-base-v4/resolve/main/modules.json'
For more information check: https://developer.mozilla.org/en-US/docs/Web/HTTP/Status/401

The above exception was the direct cause of the following exception:

Traceback (most recent call last):
  File ""/raid/brunoguilherme/DeepGenerativeTopicCluster/src/vaebm_benchmark/experiment/runner.py"", line 364, in run_single
    model.fit(documents)
  File ""/raid/brunoguilherme/DeepGenerativeTopicCluster/src/vaebm_benchmark/models/sbert_kmeans_adapter.py"", line 79, in fit
    self._encoder = SentenceTransformer(self.embedder_name)
                    ^^^^^^^^^^^^^^^^^^^^^^^^^^^^^^^^^^^^^^^
  File ""/raid/brunoguilherme/venvs/dgtc/lib/python3.12/site-packages/sentence_transformers/util/decorators.py"", line 46, in wrapper
    return func(*args, **kwargs)
           ^^^^^^^^^^^^^^^^^^^^^
huggingface_hub.errors.RepositoryNotFoundError: 401 Client Error. (Request ID: Root=1-6aa671cb-3e720cc260bb450c28715389;30aec2d1-6159-4b5a-9d46-ec59822ff6b0)

Repository Not Found for url: https://huggingface.co/sentence-transformers/msmarco-mpnet-base-v4/resolve/main/modules.json.
Please make sure you specified the correct `repo_id` and `repo_type`.
If you are trying to access a private or gated repo, make sure you are authenticated and your token has the required permissions.
For more details, see https://huggingface.co/docs/huggingface_hub/authentication
Invalid username or password.
",ecrtm_hicot,15,palmetto_wikipedia,dieng_unique_words_top15,,
sbert_msmpnet,tweet,50,,,,,42,6.216,error,"401 Client Error. (Request ID: Root=1-6aa671d3-26175ceb10b07dbc762c9316;750ad8b7-c200-49fa-9bf3-b932d518d7c4)

Repository Not Found for url: https://huggingface.co/sentence-transformers/msmarco-mpnet-base-v4/resolve/main/modules.json.
Please make sure you specified the correct `repo_id` and `repo_type`.
If you are trying to access a private or gated repo, make sure you are authenticated and your token has the required permissions.
For more details, see https://huggingface.co/docs/huggingface_hub/authentication
Invalid username or password.
httpx.HTTPStatusError: Client error '401 Unauthorized' for url 'https://huggingface.co/sentence-transformers/msmarco-mpnet-base-v4/resolve/main/modules.json'
For more information check: https://developer.mozilla.org/en-US/docs/Web/HTTP/Status/401

The above exception was the direct cause of the following exception:

Traceback (most recent call last):
  File ""/raid/brunoguilherme/DeepGenerativeTopicCluster/src/vaebm_benchmark/experiment/runner.py"", line 364, in run_single
    model.fit(documents)
  File ""/raid/brunoguilherme/DeepGenerativeTopicCluster/src/vaebm_benchmark/models/sbert_kmeans_adapter.py"", line 79, in fit
    self._encoder = SentenceTransformer(self.embedder_name)
                    ^^^^^^^^^^^^^^^^^^^^^^^^^^^^^^^^^^^^^^^
  File ""/raid/brunoguilherme/venvs/dgtc/lib/python3.12/site-packages/sentence_transformers/util/decorators.py"", line 46, in wrapper
    return func(*args, **kwargs)
           ^^^^^^^^^^^^^^^^^^^^^
huggingface_hub.errors.RepositoryNotFoundError: 401 Client Error. (Request ID: Root=1-6aa671d3-26175ceb10b07dbc762c9316;750ad8b7-c200-49fa-9bf3-b932d518d7c4)

Repository Not Found for url: https://huggingface.co/sentence-transformers/msmarco-mpnet-base-v4/resolve/main/modules.json.
Please make sure you specified the correct `repo_id` and `repo_type`.
If you are trying to access a private or gated repo, make sure you are authenticated and your token has the required permissions.
For more details, see https://huggingface.co/docs/huggingface_hub/authentication
Invalid username or password.
",ecrtm_hicot,15,palmetto_wikipedia,dieng_unique_words_top15,,
sbert_msmpnet,tweet,50,,,,,42,7.042,error,"401 Client Error. (Request ID: Root=1-6aa671f0-195add8e1bdccfb10ae51a7f;d0e1036e-eb3c-47dc-bef5-508c7f4ed1e0)

Repository Not Found for url: https://huggingface.co/sentence-transformers/msmarco-mpnet-base-v4/resolve/main/modules.json.
Please make sure you specified the correct `repo_id` and `repo_type`.
If you are trying to access a private or gated repo, make sure you are authenticated and your token has the required permissions.
For more details, see https://huggingface.co/docs/huggingface_hub/authentication
Invalid username or password.
httpx.HTTPStatusError: Client error '401 Unauthorized' for url 'https://huggingface.co/sentence-transformers/msmarco-mpnet-base-v4/resolve/main/modules.json'
For more information check: https://developer.mozilla.org/en-US/docs/Web/HTTP/Status/401

The above exception was the direct cause of the following exception:

Traceback (most recent call last):
  File ""/raid/brunoguilherme/DeepGenerativeTopicCluster/src/vaebm_benchmark/experiment/runner.py"", line 364, in run_single
    model.fit(documents)
  File ""/raid/brunoguilherme/DeepGenerativeTopicCluster/src/vaebm_benchmark/models/sbert_kmeans_adapter.py"", line 79, in fit
    self._encoder = SentenceTransformer(self.embedder_name)
                    ^^^^^^^^^^^^^^^^^^^^^^^^^^^^^^^^^^^^^^^
  File ""/raid/brunoguilherme/venvs/dgtc/lib/python3.12/site-packages/sentence_transformers/util/decorators.py"", line 46, in wrapper
    return func(*args, **kwargs)
           ^^^^^^^^^^^^^^^^^^^^^
huggingface_hub.errors.RepositoryNotFoundError: 401 Client Error. (Request ID: Root=1-6aa671f0-195add8e1bdccfb10ae51a7f;d0e1036e-eb3c-47dc-bef5-508c7f4ed1e0)

Repository Not Found for url: https://huggingface.co/sentence-transformers/msmarco-mpnet-base-v4/resolve/main/modules.json.
Please make sure you specified the correct `repo_id` and `repo_type`.
If you are trying to access a private or gated repo, make sure you are authenticated and your token has the required permissions.
For more details, see https://huggingface.co/docs/huggingface_hub/authentication
Invalid username or password.
",ecrtm_hicot,15,palmetto_wikipedia,dieng_unique_words_top15,,
sbert_msmpnet,tweet,50,,,,,42,8.626,error,"401 Client Error. (Request ID: Root=1-6aa6720e-09ae047944ee488623050b49;45061413-b0ed-4281-8f46-72344d23c7aa)

Repository Not Found for url: https://huggingface.co/sentence-transformers/msmarco-mpnet-base-v4/resolve/main/modules.json.
Please make sure you specified the correct `repo_id` and `repo_type`.
If you are trying to access a private or gated repo, make sure you are authenticated and your token has the required permissions.
For more details, see https://huggingface.co/docs/huggingface_hub/authentication
Invalid username or password.
httpx.HTTPStatusError: Client error '401 Unauthorized' for url 'https://huggingface.co/sentence-transformers/msmarco-mpnet-base-v4/resolve/main/modules.json'
For more information check: https://developer.mozilla.org/en-US/docs/Web/HTTP/Status/401

The above exception was the direct cause of the following exception:

Traceback (most recent call last):
  File ""/raid/brunoguilherme/DeepGenerativeTopicCluster/src/vaebm_benchmark/experiment/runner.py"", line 364, in run_single
    model.fit(documents)
  File ""/raid/brunoguilherme/DeepGenerativeTopicCluster/src/vaebm_benchmark/models/sbert_kmeans_adapter.py"", line 79, in fit
    self._encoder = SentenceTransformer(self.embedder_name)
                    ^^^^^^^^^^^^^^^^^^^^^^^^^^^^^^^^^^^^^^^
  File ""/raid/brunoguilherme/venvs/dgtc/lib/python3.12/site-packages/sentence_transformers/util/decorators.py"", line 46, in wrapper
    return func(*args, **kwargs)
           ^^^^^^^^^^^^^^^^^^^^^
huggingface_hub.errors.RepositoryNotFoundError: 401 Client Error. (Request ID: Root=1-6aa6720e-09ae047944ee488623050b49;45061413-b0ed-4281-8f46-72344d23c7aa)

Repository Not Found for url: https://huggingface.co/sentence-transformers/msmarco-mpnet-base-v4/resolve/main/modules.json.
Please make sure you specified the correct `repo_id` and `repo_type`.
If you are trying to access a private or gated repo, make sure you are authenticated and your token has the required permissions.
For more details, see https://huggingface.co/docs/huggingface_hub/authentication
Invalid username or password.
",ecrtm_hicot,15,palmetto_wikipedia,dieng_unique_words_top15,,
sbert_msmpnet,tweet,100,,,,,42,6.448,error,"401 Client Error. (Request ID: Root=1-6aa67217-0a58c2ac6e4b5e11264cebdf;7237f48f-01a9-4d0a-95e7-d5dcbd2dd940)

Repository Not Found for url: https://huggingface.co/sentence-transformers/msmarco-mpnet-base-v4/resolve/main/modules.json.
Please make sure you specified the correct `repo_id` and `repo_type`.
If you are trying to access a private or gated repo, make sure you are authenticated and your token has the required permissions.
For more details, see https://huggingface.co/docs/huggingface_hub/authentication
Invalid username or password.
httpx.HTTPStatusError: Client error '401 Unauthorized' for url 'https://huggingface.co/sentence-transformers/msmarco-mpnet-base-v4/resolve/main/modules.json'
For more information check: https://developer.mozilla.org/en-US/docs/Web/HTTP/Status/401

The above exception was the direct cause of the following exception:

Traceback (most recent call last):
  File ""/raid/brunoguilherme/DeepGenerativeTopicCluster/src/vaebm_benchmark/experiment/runner.py"", line 364, in run_single
    model.fit(documents)
  File ""/raid/brunoguilherme/DeepGenerativeTopicCluster/src/vaebm_benchmark/models/sbert_kmeans_adapter.py"", line 79, in fit
    self._encoder = SentenceTransformer(self.embedder_name)
                    ^^^^^^^^^^^^^^^^^^^^^^^^^^^^^^^^^^^^^^^
  File ""/raid/brunoguilherme/venvs/dgtc/lib/python3.12/site-packages/sentence_transformers/util/decorators.py"", line 46, in wrapper
    return func(*args, **kwargs)
           ^^^^^^^^^^^^^^^^^^^^^
huggingface_hub.errors.RepositoryNotFoundError: 401 Client Error. (Request ID: Root=1-6aa67217-0a58c2ac6e4b5e11264cebdf;7237f48f-01a9-4d0a-95e7-d5dcbd2dd940)

Repository Not Found for url: https://huggingface.co/sentence-transformers/msmarco-mpnet-base-v4/resolve/main/modules.json.
Please make sure you specified the correct `repo_id` and `repo_type`.
If you are trying to access a private or gated repo, make sure you are authenticated and your token has the required permissions.
For more details, see https://huggingface.co/docs/huggingface_hub/authentication
Invalid username or password.
",ecrtm_hicot,15,palmetto_wikipedia,dieng_unique_words_top15,,
sbert_msmpnet,tweet,100,,,,,42,8.286,error,"401 Client Error. (Request ID: Root=1-6aa67235-76ca795e341de2447626df4f;c54acf14-21fb-4d6d-aa65-4ada1a9aa19d)

Repository Not Found for url: https://huggingface.co/sentence-transformers/msmarco-mpnet-base-v4/resolve/main/modules.json.
Please make sure you specified the correct `repo_id` and `repo_type`.
If you are trying to access a private or gated repo, make sure you are authenticated and your token has the required permissions.
For more details, see https://huggingface.co/docs/huggingface_hub/authentication
Invalid username or password.
httpx.HTTPStatusError: Client error '401 Unauthorized' for url 'https://huggingface.co/sentence-transformers/msmarco-mpnet-base-v4/resolve/main/modules.json'
For more information check: https://developer.mozilla.org/en-US/docs/Web/HTTP/Status/401

The above exception was the direct cause of the following exception:

Traceback (most recent call last):
  File ""/raid/brunoguilherme/DeepGenerativeTopicCluster/src/vaebm_benchmark/experiment/runner.py"", line 364, in run_single
    model.fit(documents)
  File ""/raid/brunoguilherme/DeepGenerativeTopicCluster/src/vaebm_benchmark/models/sbert_kmeans_adapter.py"", line 79, in fit
    self._encoder = SentenceTransformer(self.embedder_name)
                    ^^^^^^^^^^^^^^^^^^^^^^^^^^^^^^^^^^^^^^^
  File ""/raid/brunoguilherme/venvs/dgtc/lib/python3.12/site-packages/sentence_transformers/util/decorators.py"", line 46, in wrapper
    return func(*args, **kwargs)
           ^^^^^^^^^^^^^^^^^^^^^
huggingface_hub.errors.RepositoryNotFoundError: 401 Client Error. (Request ID: Root=1-6aa67235-76ca795e341de2447626df4f;c54acf14-21fb-4d6d-aa65-4ada1a9aa19d)

Repository Not Found for url: https://huggingface.co/sentence-transformers/msmarco-mpnet-base-v4/resolve/main/modules.json.
Please make sure you specified the correct `repo_id` and `repo_type`.
If you are trying to access a private or gated repo, make sure you are authenticated and your token has the required permissions.
For more details, see https://huggingface.co/docs/huggingface_hub/authentication
Invalid username or password.
",ecrtm_hicot,15,palmetto_wikipedia,dieng_unique_words_top15,,
sbert_msmpnet,tweet,100,,,,,42,6.288,error,"401 Client Error. (Request ID: Root=1-6aa67250-071a79fa42b7bce5772bb9b1;3187e7e0-72bb-4eee-b748-360db8c249b5)

Repository Not Found for url: https://huggingface.co/sentence-transformers/msmarco-mpnet-base-v4/resolve/main/modules.json.
Please make sure you specified the correct `repo_id` and `repo_type`.
If you are trying to access a private or gated repo, make sure you are authenticated and your token has the required permissions.
For more details, see https://huggingface.co/docs/huggingface_hub/authentication
Invalid username or password.
httpx.HTTPStatusError: Client error '401 Unauthorized' for url 'https://huggingface.co/sentence-transformers/msmarco-mpnet-base-v4/resolve/main/modules.json'
For more information check: https://developer.mozilla.org/en-US/docs/Web/HTTP/Status/401

The above exception was the direct cause of the following exception:

Traceback (most recent call last):
  File ""/raid/brunoguilherme/DeepGenerativeTopicCluster/src/vaebm_benchmark/experiment/runner.py"", line 364, in run_single
    model.fit(documents)
  File ""/raid/brunoguilherme/DeepGenerativeTopicCluster/src/vaebm_benchmark/models/sbert_kmeans_adapter.py"", line 79, in fit
    self._encoder = SentenceTransformer(self.embedder_name)
                    ^^^^^^^^^^^^^^^^^^^^^^^^^^^^^^^^^^^^^^^
  File ""/raid/brunoguilherme/venvs/dgtc/lib/python3.12/site-packages/sentence_transformers/util/decorators.py"", line 46, in wrapper
    return func(*args, **kwargs)
           ^^^^^^^^^^^^^^^^^^^^^
huggingface_hub.errors.RepositoryNotFoundError: 401 Client Error. (Request ID: Root=1-6aa67250-071a79fa42b7bce5772bb9b1;3187e7e0-72bb-4eee-b748-360db8c249b5)

Repository Not Found for url: https://huggingface.co/sentence-transformers/msmarco-mpnet-base-v4/resolve/main/modules.json.
Please make sure you specified the correct `repo_id` and `repo_type`.
If you are trying to access a private or gated repo, make sure you are authenticated and your token has the required permissions.
For more details, see https://huggingface.co/docs/huggingface_hub/authentication
Invalid username or password.
",ecrtm_hicot,15,palmetto_wikipedia,dieng_unique_words_top15,,
sbert_msmpnet,hicot_20ng,50,,,,,42,6.368,error,"401 Client Error. (Request ID: Root=1-6aa67259-1c5cd0e61316a5cb473a2248;120371d4-a945-4ed2-9c65-ee01fb8edd49)

Repository Not Found for url: https://huggingface.co/sentence-transformers/msmarco-mpnet-base-v4/resolve/main/modules.json.
Please make sure you specified the correct `repo_id` and `repo_type`.
If you are trying to access a private or gated repo, make sure you are authenticated and your token has the required permissions.
For more details, see https://huggingface.co/docs/huggingface_hub/authentication
Invalid username or password.
httpx.HTTPStatusError: Client error '401 Unauthorized' for url 'https://huggingface.co/sentence-transformers/msmarco-mpnet-base-v4/resolve/main/modules.json'
For more information check: https://developer.mozilla.org/en-US/docs/Web/HTTP/Status/401

The above exception was the direct cause of the following exception:

Traceback (most recent call last):
  File ""/raid/brunoguilherme/DeepGenerativeTopicCluster/src/vaebm_benchmark/experiment/runner.py"", line 364, in run_single
    model.fit(documents)
  File ""/raid/brunoguilherme/DeepGenerativeTopicCluster/src/vaebm_benchmark/models/sbert_kmeans_adapter.py"", line 79, in fit
    self._encoder = SentenceTransformer(self.embedder_name)
                    ^^^^^^^^^^^^^^^^^^^^^^^^^^^^^^^^^^^^^^^
  File ""/raid/brunoguilherme/venvs/dgtc/lib/python3.12/site-packages/sentence_transformers/util/decorators.py"", line 46, in wrapper
    return func(*args, **kwargs)
           ^^^^^^^^^^^^^^^^^^^^^
huggingface_hub.errors.RepositoryNotFoundError: 401 Client Error. (Request ID: Root=1-6aa67259-1c5cd0e61316a5cb473a2248;120371d4-a945-4ed2-9c65-ee01fb8edd49)

Repository Not Found for url: https://huggingface.co/sentence-transformers/msmarco-mpnet-base-v4/resolve/main/modules.json.
Please make sure you specified the correct `repo_id` and `repo_type`.
If you are trying to access a private or gated repo, make sure you are authenticated and your token has the required permissions.
For more details, see https://huggingface.co/docs/huggingface_hub/authentication
Invalid username or password.
",ecrtm_hicot,15,palmetto_wikipedia,dieng_unique_words_top15,,
sbert_msmpnet,hicot_20ng,50,,,,,42,8.063,error,"401 Client Error. (Request ID: Root=1-6aa67276-6293d0b435c35a533304892b;2be6cda4-895b-47fe-a550-4115290f105d)

Repository Not Found for url: https://huggingface.co/sentence-transformers/msmarco-mpnet-base-v4/resolve/main/modules.json.
Please make sure you specified the correct `repo_id` and `repo_type`.
If you are trying to access a private or gated repo, make sure you are authenticated and your token has the required permissions.
For more details, see https://huggingface.co/docs/huggingface_hub/authentication
Invalid username or password.
httpx.HTTPStatusError: Client error '401 Unauthorized' for url 'https://huggingface.co/sentence-transformers/msmarco-mpnet-base-v4/resolve/main/modules.json'
For more information check: https://developer.mozilla.org/en-US/docs/Web/HTTP/Status/401

The above exception was the direct cause of the following exception:

Traceback (most recent call last):
  File ""/raid/brunoguilherme/DeepGenerativeTopicCluster/src/vaebm_benchmark/experiment/runner.py"", line 364, in run_single
    model.fit(documents)
  File ""/raid/brunoguilherme/DeepGenerativeTopicCluster/src/vaebm_benchmark/models/sbert_kmeans_adapter.py"", line 79, in fit
    self._encoder = SentenceTransformer(self.embedder_name)
                    ^^^^^^^^^^^^^^^^^^^^^^^^^^^^^^^^^^^^^^^
  File ""/raid/brunoguilherme/venvs/dgtc/lib/python3.12/site-packages/sentence_transformers/util/decorators.py"", line 46, in wrapper
    return func(*args, **kwargs)
           ^^^^^^^^^^^^^^^^^^^^^
huggingface_hub.errors.RepositoryNotFoundError: 401 Client Error. (Request ID: Root=1-6aa67276-6293d0b435c35a533304892b;2be6cda4-895b-47fe-a550-4115290f105d)

Repository Not Found for url: https://huggingface.co/sentence-transformers/msmarco-mpnet-base-v4/resolve/main/modules.json.
Please make sure you specified the correct `repo_id` and `repo_type`.
If you are trying to access a private or gated repo, make sure you are authenticated and your token has the required permissions.
For more details, see https://huggingface.co/docs/huggingface_hub/authentication
Invalid username or password.
",ecrtm_hicot,15,palmetto_wikipedia,dieng_unique_words_top15,,
sbert_msmpnet,hicot_20ng,50,,,,,42,9.052,error,"401 Client Error. (Request ID: Root=1-6aa67295-7fe2449024c3df7345e6eed5;9aa97658-5f37-474b-bf88-ac66b2ea3a60)

Repository Not Found for url: https://huggingface.co/sentence-transformers/msmarco-mpnet-base-v4/resolve/main/modules.json.
Please make sure you specified the correct `repo_id` and `repo_type`.
If you are trying to access a private or gated repo, make sure you are authenticated and your token has the required permissions.
For more details, see https://huggingface.co/docs/huggingface_hub/authentication
Invalid username or password.
httpx.HTTPStatusError: Client error '401 Unauthorized' for url 'https://huggingface.co/sentence-transformers/msmarco-mpnet-base-v4/resolve/main/modules.json'
For more information check: https://developer.mozilla.org/en-US/docs/Web/HTTP/Status/401

The above exception was the direct cause of the following exception:

Traceback (most recent call last):
  File ""/raid/brunoguilherme/DeepGenerativeTopicCluster/src/vaebm_benchmark/experiment/runner.py"", line 364, in run_single
    model.fit(documents)
  File ""/raid/brunoguilherme/DeepGenerativeTopicCluster/src/vaebm_benchmark/models/sbert_kmeans_adapter.py"", line 79, in fit
    self._encoder = SentenceTransformer(self.embedder_name)
                    ^^^^^^^^^^^^^^^^^^^^^^^^^^^^^^^^^^^^^^^
  File ""/raid/brunoguilherme/venvs/dgtc/lib/python3.12/site-packages/sentence_transformers/util/decorators.py"", line 46, in wrapper
    return func(*args, **kwargs)
           ^^^^^^^^^^^^^^^^^^^^^
huggingface_hub.errors.RepositoryNotFoundError: 401 Client Error. (Request ID: Root=1-6aa67295-7fe2449024c3df7345e6eed5;9aa97658-5f37-474b-bf88-ac66b2ea3a60)

Repository Not Found for url: https://huggingface.co/sentence-transformers/msmarco-mpnet-base-v4/resolve/main/modules.json.
Please make sure you specified the correct `repo_id` and `repo_type`.
If you are trying to access a private or gated repo, make sure you are authenticated and your token has the required permissions.
For more details, see https://huggingface.co/docs/huggingface_hub/authentication
Invalid username or password.
",ecrtm_hicot,15,palmetto_wikipedia,dieng_unique_words_top15,,
sbert_msmpnet,hicot_20ng,100,,,,,42,6.189,error,"401 Client Error. (Request ID: Root=1-6aa6729d-704122897814f56c5d983886;5da22e37-ebe6-4270-a922-31d5c77a0151)

Repository Not Found for url: https://huggingface.co/sentence-transformers/msmarco-mpnet-base-v4/resolve/main/modules.json.
Please make sure you specified the correct `repo_id` and `repo_type`.
If you are trying to access a private or gated repo, make sure you are authenticated and your token has the required permissions.
For more details, see https://huggingface.co/docs/huggingface_hub/authentication
Invalid username or password.
httpx.HTTPStatusError: Client error '401 Unauthorized' for url 'https://huggingface.co/sentence-transformers/msmarco-mpnet-base-v4/resolve/main/modules.json'
For more information check: https://developer.mozilla.org/en-US/docs/Web/HTTP/Status/401

The above exception was the direct cause of the following exception:

Traceback (most recent call last):
  File ""/raid/brunoguilherme/DeepGenerativeTopicCluster/src/vaebm_benchmark/experiment/runner.py"", line 364, in run_single
    model.fit(documents)
  File ""/raid/brunoguilherme/DeepGenerativeTopicCluster/src/vaebm_benchmark/models/sbert_kmeans_adapter.py"", line 79, in fit
    self._encoder = SentenceTransformer(self.embedder_name)
                    ^^^^^^^^^^^^^^^^^^^^^^^^^^^^^^^^^^^^^^^
  File ""/raid/brunoguilherme/venvs/dgtc/lib/python3.12/site-packages/sentence_transformers/util/decorators.py"", line 46, in wrapper
    return func(*args, **kwargs)
           ^^^^^^^^^^^^^^^^^^^^^
huggingface_hub.errors.RepositoryNotFoundError: 401 Client Error. (Request ID: Root=1-6aa6729d-704122897814f56c5d983886;5da22e37-ebe6-4270-a922-31d5c77a0151)

Repository Not Found for url: https://huggingface.co/sentence-transformers/msmarco-mpnet-base-v4/resolve/main/modules.json.
Please make sure you specified the correct `repo_id` and `repo_type`.
If you are trying to access a private or gated repo, make sure you are authenticated and your token has the required permissions.
For more details, see https://huggingface.co/docs/huggingface_hub/authentication
Invalid username or password.
",ecrtm_hicot,15,palmetto_wikipedia,dieng_unique_words_top15,,
sbert_msmpnet,hicot_20ng,100,,,,,42,8.825,error,"401 Client Error. (Request ID: Root=1-6aa672bb-0426292948c7152e15f10f74;105b3050-0279-4df2-8c1e-079fddefe4ff)

Repository Not Found for url: https://huggingface.co/sentence-transformers/msmarco-mpnet-base-v4/resolve/main/modules.json.
Please make sure you specified the correct `repo_id` and `repo_type`.
If you are trying to access a private or gated repo, make sure you are authenticated and your token has the required permissions.
For more details, see https://huggingface.co/docs/huggingface_hub/authentication
Invalid username or password.
httpx.HTTPStatusError: Client error '401 Unauthorized' for url 'https://huggingface.co/sentence-transformers/msmarco-mpnet-base-v4/resolve/main/modules.json'
For more information check: https://developer.mozilla.org/en-US/docs/Web/HTTP/Status/401

The above exception was the direct cause of the following exception:

Traceback (most recent call last):
  File ""/raid/brunoguilherme/DeepGenerativeTopicCluster/src/vaebm_benchmark/experiment/runner.py"", line 364, in run_single
    model.fit(documents)
  File ""/raid/brunoguilherme/DeepGenerativeTopicCluster/src/vaebm_benchmark/models/sbert_kmeans_adapter.py"", line 79, in fit
    self._encoder = SentenceTransformer(self.embedder_name)
                    ^^^^^^^^^^^^^^^^^^^^^^^^^^^^^^^^^^^^^^^
  File ""/raid/brunoguilherme/venvs/dgtc/lib/python3.12/site-packages/sentence_transformers/util/decorators.py"", line 46, in wrapper
    return func(*args, **kwargs)
           ^^^^^^^^^^^^^^^^^^^^^
huggingface_hub.errors.RepositoryNotFoundError: 401 Client Error. (Request ID: Root=1-6aa672bb-0426292948c7152e15f10f74;105b3050-0279-4df2-8c1e-079fddefe4ff)

Repository Not Found for url: https://huggingface.co/sentence-transformers/msmarco-mpnet-base-v4/resolve/main/modules.json.
Please make sure you specified the correct `repo_id` and `repo_type`.
If you are trying to access a private or gated repo, make sure you are authenticated and your token has the required permissions.
For more details, see https://huggingface.co/docs/huggingface_hub/authentication
Invalid username or password.
",ecrtm_hicot,15,palmetto_wikipedia,dieng_unique_words_top15,,
sbert_msmpnet,hicot_20ng,100,,,,,42,7.21,error,"401 Client Error. (Request ID: Root=1-6aa672d8-0ea2db0002134a0139f70b91;c6b9e738-226e-46cd-8272-73d87558368a)

Repository Not Found for url: https://huggingface.co/sentence-transformers/msmarco-mpnet-base-v4/resolve/main/modules.json.
Please make sure you specified the correct `repo_id` and `repo_type`.
If you are trying to access a private or gated repo, make sure you are authenticated and your token has the required permissions.
For more details, see https://huggingface.co/docs/huggingface_hub/authentication
Invalid username or password.
httpx.HTTPStatusError: Client error '401 Unauthorized' for url 'https://huggingface.co/sentence-transformers/msmarco-mpnet-base-v4/resolve/main/modules.json'
For more information check: https://developer.mozilla.org/en-US/docs/Web/HTTP/Status/401

The above exception was the direct cause of the following exception:

Traceback (most recent call last):
  File ""/raid/brunoguilherme/DeepGenerativeTopicCluster/src/vaebm_benchmark/experiment/runner.py"", line 364, in run_single
    model.fit(documents)
  File ""/raid/brunoguilherme/DeepGenerativeTopicCluster/src/vaebm_benchmark/models/sbert_kmeans_adapter.py"", line 79, in fit
    self._encoder = SentenceTransformer(self.embedder_name)
                    ^^^^^^^^^^^^^^^^^^^^^^^^^^^^^^^^^^^^^^^
  File ""/raid/brunoguilherme/venvs/dgtc/lib/python3.12/site-packages/sentence_transformers/util/decorators.py"", line 46, in wrapper
    return func(*args, **kwargs)
           ^^^^^^^^^^^^^^^^^^^^^
huggingface_hub.errors.RepositoryNotFoundError: 401 Client Error. (Request ID: Root=1-6aa672d8-0ea2db0002134a0139f70b91;c6b9e738-226e-46cd-8272-73d87558368a)

Repository Not Found for url: https://huggingface.co/sentence-transformers/msmarco-mpnet-base-v4/resolve/main/modules.json.
Please make sure you specified the correct `repo_id` and `repo_type`.
If you are trying to access a private or gated repo, make sure you are authenticated and your token has the required permissions.
For more details, see https://huggingface.co/docs/huggingface_hub/authentication
Invalid username or password.
",ecrtm_hicot,15,palmetto_wikipedia,dieng_unique_words_top15,,
sbert_msmpnet,hicot_imdb,50,,,,,42,6.286,error,"401 Client Error. (Request ID: Root=1-6aa672e0-4c134ddd631fc45e5017d1f1;a089335c-fcb8-44b4-942a-f6681cd07c92)

Repository Not Found for url: https://huggingface.co/sentence-transformers/msmarco-mpnet-base-v4/resolve/main/modules.json.
Please make sure you specified the correct `repo_id` and `repo_type`.
If you are trying to access a private or gated repo, make sure you are authenticated and your token has the required permissions.
For more details, see https://huggingface.co/docs/huggingface_hub/authentication
Invalid username or password.
httpx.HTTPStatusError: Client error '401 Unauthorized' for url 'https://huggingface.co/sentence-transformers/msmarco-mpnet-base-v4/resolve/main/modules.json'
For more information check: https://developer.mozilla.org/en-US/docs/Web/HTTP/Status/401

The above exception was the direct cause of the following exception:

Traceback (most recent call last):
  File ""/raid/brunoguilherme/DeepGenerativeTopicCluster/src/vaebm_benchmark/experiment/runner.py"", line 364, in run_single
    model.fit(documents)
  File ""/raid/brunoguilherme/DeepGenerativeTopicCluster/src/vaebm_benchmark/models/sbert_kmeans_adapter.py"", line 79, in fit
    self._encoder = SentenceTransformer(self.embedder_name)
                    ^^^^^^^^^^^^^^^^^^^^^^^^^^^^^^^^^^^^^^^
  File ""/raid/brunoguilherme/venvs/dgtc/lib/python3.12/site-packages/sentence_transformers/util/decorators.py"", line 46, in wrapper
    return func(*args, **kwargs)
           ^^^^^^^^^^^^^^^^^^^^^
huggingface_hub.errors.RepositoryNotFoundError: 401 Client Error. (Request ID: Root=1-6aa672e0-4c134ddd631fc45e5017d1f1;a089335c-fcb8-44b4-942a-f6681cd07c92)

Repository Not Found for url: https://huggingface.co/sentence-transformers/msmarco-mpnet-base-v4/resolve/main/modules.json.
Please make sure you specified the correct `repo_id` and `repo_type`.
If you are trying to access a private or gated repo, make sure you are authenticated and your token has the required permissions.
For more details, see https://huggingface.co/docs/huggingface_hub/authentication
Invalid username or password.
",ecrtm_hicot,15,palmetto_wikipedia,dieng_unique_words_top15,,
sbert_msmpnet,hicot_imdb,50,,,,,42,6.73,error,"401 Client Error. (Request ID: Root=1-6aa672fd-35a1299e36387f01766b0f78;514f59f3-e770-4813-91c6-c6fb230b39d4)

Repository Not Found for url: https://huggingface.co/sentence-transformers/msmarco-mpnet-base-v4/resolve/main/modules.json.
Please make sure you specified the correct `repo_id` and `repo_type`.
If you are trying to access a private or gated repo, make sure you are authenticated and your token has the required permissions.
For more details, see https://huggingface.co/docs/huggingface_hub/authentication
Invalid username or password.
httpx.HTTPStatusError: Client error '401 Unauthorized' for url 'https://huggingface.co/sentence-transformers/msmarco-mpnet-base-v4/resolve/main/modules.json'
For more information check: https://developer.mozilla.org/en-US/docs/Web/HTTP/Status/401

The above exception was the direct cause of the following exception:

Traceback (most recent call last):
  File ""/raid/brunoguilherme/DeepGenerativeTopicCluster/src/vaebm_benchmark/experiment/runner.py"", line 364, in run_single
    model.fit(documents)
  File ""/raid/brunoguilherme/DeepGenerativeTopicCluster/src/vaebm_benchmark/models/sbert_kmeans_adapter.py"", line 79, in fit
    self._encoder = SentenceTransformer(self.embedder_name)
                    ^^^^^^^^^^^^^^^^^^^^^^^^^^^^^^^^^^^^^^^
  File ""/raid/brunoguilherme/venvs/dgtc/lib/python3.12/site-packages/sentence_transformers/util/decorators.py"", line 46, in wrapper
    return func(*args, **kwargs)
           ^^^^^^^^^^^^^^^^^^^^^
huggingface_hub.errors.RepositoryNotFoundError: 401 Client Error. (Request ID: Root=1-6aa672fd-35a1299e36387f01766b0f78;514f59f3-e770-4813-91c6-c6fb230b39d4)

Repository Not Found for url: https://huggingface.co/sentence-transformers/msmarco-mpnet-base-v4/resolve/main/modules.json.
Please make sure you specified the correct `repo_id` and `repo_type`.
If you are trying to access a private or gated repo, make sure you are authenticated and your token has the required permissions.
For more details, see https://huggingface.co/docs/huggingface_hub/authentication
Invalid username or password.
",ecrtm_hicot,15,palmetto_wikipedia,dieng_unique_words_top15,,
sbert_msmpnet,hicot_imdb,50,,,,,42,8.3,error,"401 Client Error. (Request ID: Root=1-6aa6731b-7933a18239eb1e6077f3557f;9eb3ff46-8bf4-47ed-9912-1900e3e0d761)

Repository Not Found for url: https://huggingface.co/sentence-transformers/msmarco-mpnet-base-v4/resolve/main/modules.json.
Please make sure you specified the correct `repo_id` and `repo_type`.
If you are trying to access a private or gated repo, make sure you are authenticated and your token has the required permissions.
For more details, see https://huggingface.co/docs/huggingface_hub/authentication
Invalid username or password.
httpx.HTTPStatusError: Client error '401 Unauthorized' for url 'https://huggingface.co/sentence-transformers/msmarco-mpnet-base-v4/resolve/main/modules.json'
For more information check: https://developer.mozilla.org/en-US/docs/Web/HTTP/Status/401

The above exception was the direct cause of the following exception:

Traceback (most recent call last):
  File ""/raid/brunoguilherme/DeepGenerativeTopicCluster/src/vaebm_benchmark/experiment/runner.py"", line 364, in run_single
    model.fit(documents)
  File ""/raid/brunoguilherme/DeepGenerativeTopicCluster/src/vaebm_benchmark/models/sbert_kmeans_adapter.py"", line 79, in fit
    self._encoder = SentenceTransformer(self.embedder_name)
                    ^^^^^^^^^^^^^^^^^^^^^^^^^^^^^^^^^^^^^^^
  File ""/raid/brunoguilherme/venvs/dgtc/lib/python3.12/site-packages/sentence_transformers/util/decorators.py"", line 46, in wrapper
    return func(*args, **kwargs)
           ^^^^^^^^^^^^^^^^^^^^^
huggingface_hub.errors.RepositoryNotFoundError: 401 Client Error. (Request ID: Root=1-6aa6731b-7933a18239eb1e6077f3557f;9eb3ff46-8bf4-47ed-9912-1900e3e0d761)

Repository Not Found for url: https://huggingface.co/sentence-transformers/msmarco-mpnet-base-v4/resolve/main/modules.json.
Please make sure you specified the correct `repo_id` and `repo_type`.
If you are trying to access a private or gated repo, make sure you are authenticated and your token has the required permissions.
For more details, see https://huggingface.co/docs/huggingface_hub/authentication
Invalid username or password.
",ecrtm_hicot,15,palmetto_wikipedia,dieng_unique_words_top15,,
sbert_msmpnet,hicot_imdb,100,,,,,42,6.453,error,"401 Client Error. (Request ID: Root=1-6aa67323-15ebad313e9b42f964c36699;fd610836-daec-458e-9187-060beef74912)

Repository Not Found for url: https://huggingface.co/sentence-transformers/msmarco-mpnet-base-v4/resolve/main/modules.json.
Please make sure you specified the correct `repo_id` and `repo_type`.
If you are trying to access a private or gated repo, make sure you are authenticated and your token has the required permissions.
For more details, see https://huggingface.co/docs/huggingface_hub/authentication
Invalid username or password.
httpx.HTTPStatusError: Client error '401 Unauthorized' for url 'https://huggingface.co/sentence-transformers/msmarco-mpnet-base-v4/resolve/main/modules.json'
For more information check: https://developer.mozilla.org/en-US/docs/Web/HTTP/Status/401

The above exception was the direct cause of the following exception:

Traceback (most recent call last):
  File ""/raid/brunoguilherme/DeepGenerativeTopicCluster/src/vaebm_benchmark/experiment/runner.py"", line 364, in run_single
    model.fit(documents)
  File ""/raid/brunoguilherme/DeepGenerativeTopicCluster/src/vaebm_benchmark/models/sbert_kmeans_adapter.py"", line 79, in fit
    self._encoder = SentenceTransformer(self.embedder_name)
                    ^^^^^^^^^^^^^^^^^^^^^^^^^^^^^^^^^^^^^^^
  File ""/raid/brunoguilherme/venvs/dgtc/lib/python3.12/site-packages/sentence_transformers/util/decorators.py"", line 46, in wrapper
    return func(*args, **kwargs)
           ^^^^^^^^^^^^^^^^^^^^^
huggingface_hub.errors.RepositoryNotFoundError: 401 Client Error. (Request ID: Root=1-6aa67323-15ebad313e9b42f964c36699;fd610836-daec-458e-9187-060beef74912)

Repository Not Found for url: https://huggingface.co/sentence-transformers/msmarco-mpnet-base-v4/resolve/main/modules.json.
Please make sure you specified the correct `repo_id` and `repo_type`.
If you are trying to access a private or gated repo, make sure you are authenticated and your token has the required permissions.
For more details, see https://huggingface.co/docs/huggingface_hub/authentication
Invalid username or password.
",ecrtm_hicot,15,palmetto_wikipedia,dieng_unique_words_top15,,
sbert_msmpnet,hicot_imdb,100,,,,,42,6.726,error,"401 Client Error. (Request ID: Root=1-6aa6733f-0b5deb44788bce706bda6b5c;58b5546e-91b5-4777-9541-e424c36b428d)

Repository Not Found for url: https://huggingface.co/sentence-transformers/msmarco-mpnet-base-v4/resolve/main/modules.json.
Please make sure you specified the correct `repo_id` and `repo_type`.
If you are trying to access a private or gated repo, make sure you are authenticated and your token has the required permissions.
For more details, see https://huggingface.co/docs/huggingface_hub/authentication
Invalid username or password.
httpx.HTTPStatusError: Client error '401 Unauthorized' for url 'https://huggingface.co/sentence-transformers/msmarco-mpnet-base-v4/resolve/main/modules.json'
For more information check: https://developer.mozilla.org/en-US/docs/Web/HTTP/Status/401

The above exception was the direct cause of the following exception:

Traceback (most recent call last):
  File ""/raid/brunoguilherme/DeepGenerativeTopicCluster/src/vaebm_benchmark/experiment/runner.py"", line 364, in run_single
    model.fit(documents)
  File ""/raid/brunoguilherme/DeepGenerativeTopicCluster/src/vaebm_benchmark/models/sbert_kmeans_adapter.py"", line 79, in fit
    self._encoder = SentenceTransformer(self.embedder_name)
                    ^^^^^^^^^^^^^^^^^^^^^^^^^^^^^^^^^^^^^^^
  File ""/raid/brunoguilherme/venvs/dgtc/lib/python3.12/site-packages/sentence_transformers/util/decorators.py"", line 46, in wrapper
    return func(*args, **kwargs)
           ^^^^^^^^^^^^^^^^^^^^^
huggingface_hub.errors.RepositoryNotFoundError: 401 Client Error. (Request ID: Root=1-6aa6733f-0b5deb44788bce706bda6b5c;58b5546e-91b5-4777-9541-e424c36b428d)

Repository Not Found for url: https://huggingface.co/sentence-transformers/msmarco-mpnet-base-v4/resolve/main/modules.json.
Please make sure you specified the correct `repo_id` and `repo_type`.
If you are trying to access a private or gated repo, make sure you are authenticated and your token has the required permissions.
For more details, see https://huggingface.co/docs/huggingface_hub/authentication
Invalid username or password.
",ecrtm_hicot,15,palmetto_wikipedia,dieng_unique_words_top15,,
sbert_msmpnet,hicot_imdb,100,,,,,42,9.092,error,"401 Client Error. (Request ID: Root=1-6aa6735e-7ff4191337a7d5e143955da3;46a6e9b5-55fe-4808-9789-802c1d15a2f5)

Repository Not Found for url: https://huggingface.co/sentence-transformers/msmarco-mpnet-base-v4/resolve/main/modules.json.
Please make sure you specified the correct `repo_id` and `repo_type`.
If you are trying to access a private or gated repo, make sure you are authenticated and your token has the required permissions.
For more details, see https://huggingface.co/docs/huggingface_hub/authentication
Invalid username or password.
httpx.HTTPStatusError: Client error '401 Unauthorized' for url 'https://huggingface.co/sentence-transformers/msmarco-mpnet-base-v4/resolve/main/modules.json'
For more information check: https://developer.mozilla.org/en-US/docs/Web/HTTP/Status/401

The above exception was the direct cause of the following exception:

Traceback (most recent call last):
  File ""/raid/brunoguilherme/DeepGenerativeTopicCluster/src/vaebm_benchmark/experiment/runner.py"", line 364, in run_single
    model.fit(documents)
  File ""/raid/brunoguilherme/DeepGenerativeTopicCluster/src/vaebm_benchmark/models/sbert_kmeans_adapter.py"", line 79, in fit
    self._encoder = SentenceTransformer(self.embedder_name)
                    ^^^^^^^^^^^^^^^^^^^^^^^^^^^^^^^^^^^^^^^
  File ""/raid/brunoguilherme/venvs/dgtc/lib/python3.12/site-packages/sentence_transformers/util/decorators.py"", line 46, in wrapper
    return func(*args, **kwargs)
           ^^^^^^^^^^^^^^^^^^^^^
huggingface_hub.errors.RepositoryNotFoundError: 401 Client Error. (Request ID: Root=1-6aa6735e-7ff4191337a7d5e143955da3;46a6e9b5-55fe-4808-9789-802c1d15a2f5)

Repository Not Found for url: https://huggingface.co/sentence-transformers/msmarco-mpnet-base-v4/resolve/main/modules.json.
Please make sure you specified the correct `repo_id` and `repo_type`.
If you are trying to access a private or gated repo, make sure you are authenticated and your token has the required permissions.
For more details, see https://huggingface.co/docs/huggingface_hub/authentication
Invalid username or password.
",ecrtm_hicot,15,palmetto_wikipedia,dieng_unique_words_top15,,
sbert_msmpnet,hicot_agnews,50,,,,,42,6.976,error,"401 Client Error. (Request ID: Root=1-6aa67366-0c54b6810580df977dc6de7f;fda80173-eb31-4a9a-aeca-c850f00a9094)

Repository Not Found for url: https://huggingface.co/sentence-transformers/msmarco-mpnet-base-v4/resolve/main/modules.json.
Please make sure you specified the correct `repo_id` and `repo_type`.
If you are trying to access a private or gated repo, make sure you are authenticated and your token has the required permissions.
For more details, see https://huggingface.co/docs/huggingface_hub/authentication
Invalid username or password.
httpx.HTTPStatusError: Client error '401 Unauthorized' for url 'https://huggingface.co/sentence-transformers/msmarco-mpnet-base-v4/resolve/main/modules.json'
For more information check: https://developer.mozilla.org/en-US/docs/Web/HTTP/Status/401

The above exception was the direct cause of the following exception:

Traceback (most recent call last):
  File ""/raid/brunoguilherme/DeepGenerativeTopicCluster/src/vaebm_benchmark/experiment/runner.py"", line 364, in run_single
    model.fit(documents)
  File ""/raid/brunoguilherme/DeepGenerativeTopicCluster/src/vaebm_benchmark/models/sbert_kmeans_adapter.py"", line 79, in fit
    self._encoder = SentenceTransformer(self.embedder_name)
                    ^^^^^^^^^^^^^^^^^^^^^^^^^^^^^^^^^^^^^^^
  File ""/raid/brunoguilherme/venvs/dgtc/lib/python3.12/site-packages/sentence_transformers/util/decorators.py"", line 46, in wrapper
    return func(*args, **kwargs)
           ^^^^^^^^^^^^^^^^^^^^^
huggingface_hub.errors.RepositoryNotFoundError: 401 Client Error. (Request ID: Root=1-6aa67366-0c54b6810580df977dc6de7f;fda80173-eb31-4a9a-aeca-c850f00a9094)

Repository Not Found for url: https://huggingface.co/sentence-transformers/msmarco-mpnet-base-v4/resolve/main/modules.json.
Please make sure you specified the correct `repo_id` and `repo_type`.
If you are trying to access a private or gated repo, make sure you are authenticated and your token has the required permissions.
For more details, see https://huggingface.co/docs/huggingface_hub/authentication
Invalid username or password.
",ecrtm_hicot,15,palmetto_wikipedia,dieng_unique_words_top15,,
sbert_msmpnet,hicot_agnews,50,,,,,42,6.214,error,"401 Client Error. (Request ID: Root=1-6aa67382-4b1be24f022e65d3539444c8;60f0d6db-a243-4a9c-961f-f8919154e6bf)

Repository Not Found for url: https://huggingface.co/sentence-transformers/msmarco-mpnet-base-v4/resolve/main/modules.json.
Please make sure you specified the correct `repo_id` and `repo_type`.
If you are trying to access a private or gated repo, make sure you are authenticated and your token has the required permissions.
For more details, see https://huggingface.co/docs/huggingface_hub/authentication
Invalid username or password.
httpx.HTTPStatusError: Client error '401 Unauthorized' for url 'https://huggingface.co/sentence-transformers/msmarco-mpnet-base-v4/resolve/main/modules.json'
For more information check: https://developer.mozilla.org/en-US/docs/Web/HTTP/Status/401

The above exception was the direct cause of the following exception:

Traceback (most recent call last):
  File ""/raid/brunoguilherme/DeepGenerativeTopicCluster/src/vaebm_benchmark/experiment/runner.py"", line 364, in run_single
    model.fit(documents)
  File ""/raid/brunoguilherme/DeepGenerativeTopicCluster/src/vaebm_benchmark/models/sbert_kmeans_adapter.py"", line 79, in fit
    self._encoder = SentenceTransformer(self.embedder_name)
                    ^^^^^^^^^^^^^^^^^^^^^^^^^^^^^^^^^^^^^^^
  File ""/raid/brunoguilherme/venvs/dgtc/lib/python3.12/site-packages/sentence_transformers/util/decorators.py"", line 46, in wrapper
    return func(*args, **kwargs)
           ^^^^^^^^^^^^^^^^^^^^^
huggingface_hub.errors.RepositoryNotFoundError: 401 Client Error. (Request ID: Root=1-6aa67382-4b1be24f022e65d3539444c8;60f0d6db-a243-4a9c-961f-f8919154e6bf)

Repository Not Found for url: https://huggingface.co/sentence-transformers/msmarco-mpnet-base-v4/resolve/main/modules.json.
Please make sure you specified the correct `repo_id` and `repo_type`.
If you are trying to access a private or gated repo, make sure you are authenticated and your token has the required permissions.
For more details, see https://huggingface.co/docs/huggingface_hub/authentication
Invalid username or password.
",ecrtm_hicot,15,palmetto_wikipedia,dieng_unique_words_top15,,
sbert_msmpnet,hicot_agnews,50,,,,,42,7.147,error,"401 Client Error. (Request ID: Root=1-6aa6739f-69937b350eabe051025b4992;21e4d0fa-1e7b-4edd-bea0-03da208510a7)

Repository Not Found for url: https://huggingface.co/sentence-transformers/msmarco-mpnet-base-v4/resolve/main/modules.json.
Please make sure you specified the correct `repo_id` and `repo_type`.
If you are trying to access a private or gated repo, make sure you are authenticated and your token has the required permissions.
For more details, see https://huggingface.co/docs/huggingface_hub/authentication
Invalid username or password.
httpx.HTTPStatusError: Client error '401 Unauthorized' for url 'https://huggingface.co/sentence-transformers/msmarco-mpnet-base-v4/resolve/main/modules.json'
For more information check: https://developer.mozilla.org/en-US/docs/Web/HTTP/Status/401

The above exception was the direct cause of the following exception:

Traceback (most recent call last):
  File ""/raid/brunoguilherme/DeepGenerativeTopicCluster/src/vaebm_benchmark/experiment/runner.py"", line 364, in run_single
    model.fit(documents)
  File ""/raid/brunoguilherme/DeepGenerativeTopicCluster/src/vaebm_benchmark/models/sbert_kmeans_adapter.py"", line 79, in fit
    self._encoder = SentenceTransformer(self.embedder_name)
                    ^^^^^^^^^^^^^^^^^^^^^^^^^^^^^^^^^^^^^^^
  File ""/raid/brunoguilherme/venvs/dgtc/lib/python3.12/site-packages/sentence_transformers/util/decorators.py"", line 46, in wrapper
    return func(*args, **kwargs)
           ^^^^^^^^^^^^^^^^^^^^^
huggingface_hub.errors.RepositoryNotFoundError: 401 Client Error. (Request ID: Root=1-6aa6739f-69937b350eabe051025b4992;21e4d0fa-1e7b-4edd-bea0-03da208510a7)

Repository Not Found for url: https://huggingface.co/sentence-transformers/msmarco-mpnet-base-v4/resolve/main/modules.json.
Please make sure you specified the correct `repo_id` and `repo_type`.
If you are trying to access a private or gated repo, make sure you are authenticated and your token has the required permissions.
For more details, see https://huggingface.co/docs/huggingface_hub/authentication
Invalid username or password.
",ecrtm_hicot,15,palmetto_wikipedia,dieng_unique_words_top15,,
sbert_msmpnet,hicot_agnews,100,,,,,42,7.042,error,"401 Client Error. (Request ID: Root=1-6aa673a8-01f897472a1045e30ee8fd8c;9aab07b3-8191-4cad-8e71-74ef7979e9e9)

Repository Not Found for url: https://huggingface.co/sentence-transformers/msmarco-mpnet-base-v4/resolve/main/modules.json.
Please make sure you specified the correct `repo_id` and `repo_type`.
If you are trying to access a private or gated repo, make sure you are authenticated and your token has the required permissions.
For more details, see https://huggingface.co/docs/huggingface_hub/authentication
Invalid username or password.
httpx.HTTPStatusError: Client error '401 Unauthorized' for url 'https://huggingface.co/sentence-transformers/msmarco-mpnet-base-v4/resolve/main/modules.json'
For more information check: https://developer.mozilla.org/en-US/docs/Web/HTTP/Status/401

The above exception was the direct cause of the following exception:

Traceback (most recent call last):
  File ""/raid/brunoguilherme/DeepGenerativeTopicCluster/src/vaebm_benchmark/experiment/runner.py"", line 364, in run_single
    model.fit(documents)
  File ""/raid/brunoguilherme/DeepGenerativeTopicCluster/src/vaebm_benchmark/models/sbert_kmeans_adapter.py"", line 79, in fit
    self._encoder = SentenceTransformer(self.embedder_name)
                    ^^^^^^^^^^^^^^^^^^^^^^^^^^^^^^^^^^^^^^^
  File ""/raid/brunoguilherme/venvs/dgtc/lib/python3.12/site-packages/sentence_transformers/util/decorators.py"", line 46, in wrapper
    return func(*args, **kwargs)
           ^^^^^^^^^^^^^^^^^^^^^
huggingface_hub.errors.RepositoryNotFoundError: 401 Client Error. (Request ID: Root=1-6aa673a8-01f897472a1045e30ee8fd8c;9aab07b3-8191-4cad-8e71-74ef7979e9e9)

Repository Not Found for url: https://huggingface.co/sentence-transformers/msmarco-mpnet-base-v4/resolve/main/modules.json.
Please make sure you specified the correct `repo_id` and `repo_type`.
If you are trying to access a private or gated repo, make sure you are authenticated and your token has the required permissions.
For more details, see https://huggingface.co/docs/huggingface_hub/authentication
Invalid username or password.
",ecrtm_hicot,15,palmetto_wikipedia,dieng_unique_words_top15,,
sbert_msmpnet,hicot_agnews,100,,,,,42,7.866,error,"401 Client Error. (Request ID: Root=1-6aa673c5-3c07015c449367fa0e2a7457;be6e7f08-1629-46d9-b786-733c72fd9831)

Repository Not Found for url: https://huggingface.co/sentence-transformers/msmarco-mpnet-base-v4/resolve/main/modules.json.
Please make sure you specified the correct `repo_id` and `repo_type`.
If you are trying to access a private or gated repo, make sure you are authenticated and your token has the required permissions.
For more details, see https://huggingface.co/docs/huggingface_hub/authentication
Invalid username or password.
httpx.HTTPStatusError: Client error '401 Unauthorized' for url 'https://huggingface.co/sentence-transformers/msmarco-mpnet-base-v4/resolve/main/modules.json'
For more information check: https://developer.mozilla.org/en-US/docs/Web/HTTP/Status/401

The above exception was the direct cause of the following exception:

Traceback (most recent call last):
  File ""/raid/brunoguilherme/DeepGenerativeTopicCluster/src/vaebm_benchmark/experiment/runner.py"", line 364, in run_single
    model.fit(documents)
  File ""/raid/brunoguilherme/DeepGenerativeTopicCluster/src/vaebm_benchmark/models/sbert_kmeans_adapter.py"", line 79, in fit
    self._encoder = SentenceTransformer(self.embedder_name)
                    ^^^^^^^^^^^^^^^^^^^^^^^^^^^^^^^^^^^^^^^
  File ""/raid/brunoguilherme/venvs/dgtc/lib/python3.12/site-packages/sentence_transformers/util/decorators.py"", line 46, in wrapper
    return func(*args, **kwargs)
           ^^^^^^^^^^^^^^^^^^^^^
huggingface_hub.errors.RepositoryNotFoundError: 401 Client Error. (Request ID: Root=1-6aa673c5-3c07015c449367fa0e2a7457;be6e7f08-1629-46d9-b786-733c72fd9831)

Repository Not Found for url: https://huggingface.co/sentence-transformers/msmarco-mpnet-base-v4/resolve/main/modules.json.
Please make sure you specified the correct `repo_id` and `repo_type`.
If you are trying to access a private or gated repo, make sure you are authenticated and your token has the required permissions.
For more details, see https://huggingface.co/docs/huggingface_hub/authentication
Invalid username or password.
",ecrtm_hicot,15,palmetto_wikipedia,dieng_unique_words_top15,,
sbert_msmpnet,hicot_agnews,100,,,,,42,6.242,error,"401 Client Error. (Request ID: Root=1-6aa673e1-32e7d08949406b193f236ea0;9de50375-cc4e-4a21-b604-0610151442ac)

Repository Not Found for url: https://huggingface.co/sentence-transformers/msmarco-mpnet-base-v4/resolve/main/modules.json.
Please make sure you specified the correct `repo_id` and `repo_type`.
If you are trying to access a private or gated repo, make sure you are authenticated and your token has the required permissions.
For more details, see https://huggingface.co/docs/huggingface_hub/authentication
Invalid username or password.
httpx.HTTPStatusError: Client error '401 Unauthorized' for url 'https://huggingface.co/sentence-transformers/msmarco-mpnet-base-v4/resolve/main/modules.json'
For more information check: https://developer.mozilla.org/en-US/docs/Web/HTTP/Status/401

The above exception was the direct cause of the following exception:

Traceback (most recent call last):
  File ""/raid/brunoguilherme/DeepGenerativeTopicCluster/src/vaebm_benchmark/experiment/runner.py"", line 364, in run_single
    model.fit(documents)
  File ""/raid/brunoguilherme/DeepGenerativeTopicCluster/src/vaebm_benchmark/models/sbert_kmeans_adapter.py"", line 79, in fit
    self._encoder = SentenceTransformer(self.embedder_name)
                    ^^^^^^^^^^^^^^^^^^^^^^^^^^^^^^^^^^^^^^^
  File ""/raid/brunoguilherme/venvs/dgtc/lib/python3.12/site-packages/sentence_transformers/util/decorators.py"", line 46, in wrapper
    return func(*args, **kwargs)
           ^^^^^^^^^^^^^^^^^^^^^
huggingface_hub.errors.RepositoryNotFoundError: 401 Client Error. (Request ID: Root=1-6aa673e1-32e7d08949406b193f236ea0;9de50375-cc4e-4a21-b604-0610151442ac)

Repository Not Found for url: https://huggingface.co/sentence-transformers/msmarco-mpnet-base-v4/resolve/main/modules.json.
Please make sure you specified the correct `repo_id` and `repo_type`.
If you are trying to access a private or gated repo, make sure you are authenticated and your token has the required permissions.
For more details, see https://huggingface.co/docs/huggingface_hub/authentication
Invalid username or password.
",ecrtm_hicot,15,palmetto_wikipedia,dieng_unique_words_top15,,
sbert_msmpnet,hicot_search_snippets,50,,,,,42,6.289,error,"401 Client Error. (Request ID: Root=1-6aa673e9-61b5846d312972152ec594be;571f3f6c-eaef-49bf-a99c-afdac4de6655)

Repository Not Found for url: https://huggingface.co/sentence-transformers/msmarco-mpnet-base-v4/resolve/main/modules.json.
Please make sure you specified the correct `repo_id` and `repo_type`.
If you are trying to access a private or gated repo, make sure you are authenticated and your token has the required permissions.
For more details, see https://huggingface.co/docs/huggingface_hub/authentication
Invalid username or password.
httpx.HTTPStatusError: Client error '401 Unauthorized' for url 'https://huggingface.co/sentence-transformers/msmarco-mpnet-base-v4/resolve/main/modules.json'
For more information check: https://developer.mozilla.org/en-US/docs/Web/HTTP/Status/401

The above exception was the direct cause of the following exception:

Traceback (most recent call last):
  File ""/raid/brunoguilherme/DeepGenerativeTopicCluster/src/vaebm_benchmark/experiment/runner.py"", line 364, in run_single
    model.fit(documents)
  File ""/raid/brunoguilherme/DeepGenerativeTopicCluster/src/vaebm_benchmark/models/sbert_kmeans_adapter.py"", line 79, in fit
    self._encoder = SentenceTransformer(self.embedder_name)
                    ^^^^^^^^^^^^^^^^^^^^^^^^^^^^^^^^^^^^^^^
  File ""/raid/brunoguilherme/venvs/dgtc/lib/python3.12/site-packages/sentence_transformers/util/decorators.py"", line 46, in wrapper
    return func(*args, **kwargs)
           ^^^^^^^^^^^^^^^^^^^^^
huggingface_hub.errors.RepositoryNotFoundError: 401 Client Error. (Request ID: Root=1-6aa673e9-61b5846d312972152ec594be;571f3f6c-eaef-49bf-a99c-afdac4de6655)

Repository Not Found for url: https://huggingface.co/sentence-transformers/msmarco-mpnet-base-v4/resolve/main/modules.json.
Please make sure you specified the correct `repo_id` and `repo_type`.
If you are trying to access a private or gated repo, make sure you are authenticated and your token has the required permissions.
For more details, see https://huggingface.co/docs/huggingface_hub/authentication
Invalid username or password.
",ecrtm_hicot,15,palmetto_wikipedia,dieng_unique_words_top15,,
sbert_msmpnet,hicot_search_snippets,50,,,,,42,7.795,error,"401 Client Error. (Request ID: Root=1-6aa67407-58535ab543e3fb4335ea201e;6891a1d0-2f96-48b9-b438-f3c200d65da6)

Repository Not Found for url: https://huggingface.co/sentence-transformers/msmarco-mpnet-base-v4/resolve/main/modules.json.
Please make sure you specified the correct `repo_id` and `repo_type`.
If you are trying to access a private or gated repo, make sure you are authenticated and your token has the required permissions.
For more details, see https://huggingface.co/docs/huggingface_hub/authentication
Invalid username or password.
httpx.HTTPStatusError: Client error '401 Unauthorized' for url 'https://huggingface.co/sentence-transformers/msmarco-mpnet-base-v4/resolve/main/modules.json'
For more information check: https://developer.mozilla.org/en-US/docs/Web/HTTP/Status/401

The above exception was the direct cause of the following exception:

Traceback (most recent call last):
  File ""/raid/brunoguilherme/DeepGenerativeTopicCluster/src/vaebm_benchmark/experiment/runner.py"", line 364, in run_single
    model.fit(documents)
  File ""/raid/brunoguilherme/DeepGenerativeTopicCluster/src/vaebm_benchmark/models/sbert_kmeans_adapter.py"", line 79, in fit
    self._encoder = SentenceTransformer(self.embedder_name)
                    ^^^^^^^^^^^^^^^^^^^^^^^^^^^^^^^^^^^^^^^
  File ""/raid/brunoguilherme/venvs/dgtc/lib/python3.12/site-packages/sentence_transformers/util/decorators.py"", line 46, in wrapper
    return func(*args, **kwargs)
           ^^^^^^^^^^^^^^^^^^^^^
huggingface_hub.errors.RepositoryNotFoundError: 401 Client Error. (Request ID: Root=1-6aa67407-58535ab543e3fb4335ea201e;6891a1d0-2f96-48b9-b438-f3c200d65da6)

Repository Not Found for url: https://huggingface.co/sentence-transformers/msmarco-mpnet-base-v4/resolve/main/modules.json.
Please make sure you specified the correct `repo_id` and `repo_type`.
If you are trying to access a private or gated repo, make sure you are authenticated and your token has the required permissions.
For more details, see https://huggingface.co/docs/huggingface_hub/authentication
Invalid username or password.
",ecrtm_hicot,15,palmetto_wikipedia,dieng_unique_words_top15,,
sbert_msmpnet,hicot_search_snippets,50,,,,,42,9.565,error,"401 Client Error. (Request ID: Root=1-6aa67426-03e7961b76775ff850e2ef07;759d8354-1235-4a16-90b3-ca34adabbec0)

Repository Not Found for url: https://huggingface.co/sentence-transformers/msmarco-mpnet-base-v4/resolve/main/modules.json.
Please make sure you specified the correct `repo_id` and `repo_type`.
If you are trying to access a private or gated repo, make sure you are authenticated and your token has the required permissions.
For more details, see https://huggingface.co/docs/huggingface_hub/authentication
Invalid username or password.
httpx.HTTPStatusError: Client error '401 Unauthorized' for url 'https://huggingface.co/sentence-transformers/msmarco-mpnet-base-v4/resolve/main/modules.json'
For more information check: https://developer.mozilla.org/en-US/docs/Web/HTTP/Status/401

The above exception was the direct cause of the following exception:

Traceback (most recent call last):
  File ""/raid/brunoguilherme/DeepGenerativeTopicCluster/src/vaebm_benchmark/experiment/runner.py"", line 364, in run_single
    model.fit(documents)
  File ""/raid/brunoguilherme/DeepGenerativeTopicCluster/src/vaebm_benchmark/models/sbert_kmeans_adapter.py"", line 79, in fit
    self._encoder = SentenceTransformer(self.embedder_name)
                    ^^^^^^^^^^^^^^^^^^^^^^^^^^^^^^^^^^^^^^^
  File ""/raid/brunoguilherme/venvs/dgtc/lib/python3.12/site-packages/sentence_transformers/util/decorators.py"", line 46, in wrapper
    return func(*args, **kwargs)
           ^^^^^^^^^^^^^^^^^^^^^
huggingface_hub.errors.RepositoryNotFoundError: 401 Client Error. (Request ID: Root=1-6aa67426-03e7961b76775ff850e2ef07;759d8354-1235-4a16-90b3-ca34adabbec0)

Repository Not Found for url: https://huggingface.co/sentence-transformers/msmarco-mpnet-base-v4/resolve/main/modules.json.
Please make sure you specified the correct `repo_id` and `repo_type`.
If you are trying to access a private or gated repo, make sure you are authenticated and your token has the required permissions.
For more details, see https://huggingface.co/docs/huggingface_hub/authentication
Invalid username or password.
",ecrtm_hicot,15,palmetto_wikipedia,dieng_unique_words_top15,,
sbert_msmpnet,hicot_search_snippets,100,,,,,42,6.196,error,"401 Client Error. (Request ID: Root=1-6aa6742d-0ec60937764dbdb16403c122;f4e82970-1772-4a2a-9c1c-6b00a89ab995)

Repository Not Found for url: https://huggingface.co/sentence-transformers/msmarco-mpnet-base-v4/resolve/main/modules.json.
Please make sure you specified the correct `repo_id` and `repo_type`.
If you are trying to access a private or gated repo, make sure you are authenticated and your token has the required permissions.
For more details, see https://huggingface.co/docs/huggingface_hub/authentication
Invalid username or password.
httpx.HTTPStatusError: Client error '401 Unauthorized' for url 'https://huggingface.co/sentence-transformers/msmarco-mpnet-base-v4/resolve/main/modules.json'
For more information check: https://developer.mozilla.org/en-US/docs/Web/HTTP/Status/401

The above exception was the direct cause of the following exception:

Traceback (most recent call last):
  File ""/raid/brunoguilherme/DeepGenerativeTopicCluster/src/vaebm_benchmark/experiment/runner.py"", line 364, in run_single
    model.fit(documents)
  File ""/raid/brunoguilherme/DeepGenerativeTopicCluster/src/vaebm_benchmark/models/sbert_kmeans_adapter.py"", line 79, in fit
    self._encoder = SentenceTransformer(self.embedder_name)
                    ^^^^^^^^^^^^^^^^^^^^^^^^^^^^^^^^^^^^^^^
  File ""/raid/brunoguilherme/venvs/dgtc/lib/python3.12/site-packages/sentence_transformers/util/decorators.py"", line 46, in wrapper
    return func(*args, **kwargs)
           ^^^^^^^^^^^^^^^^^^^^^
huggingface_hub.errors.RepositoryNotFoundError: 401 Client Error. (Request ID: Root=1-6aa6742d-0ec60937764dbdb16403c122;f4e82970-1772-4a2a-9c1c-6b00a89ab995)

Repository Not Found for url: https://huggingface.co/sentence-transformers/msmarco-mpnet-base-v4/resolve/main/modules.json.
Please make sure you specified the correct `repo_id` and `repo_type`.
If you are trying to access a private or gated repo, make sure you are authenticated and your token has the required permissions.
For more details, see https://huggingface.co/docs/huggingface_hub/authentication
Invalid username or password.
",ecrtm_hicot,15,palmetto_wikipedia,dieng_unique_words_top15,,
sbert_msmpnet,hicot_search_snippets,100,,,,,42,7.21,error,"401 Client Error. (Request ID: Root=1-6aa6744a-1bd7879b3db2c9d645dc5589;a873769f-85f5-40ea-ae1c-7192f3537f32)

Repository Not Found for url: https://huggingface.co/sentence-transformers/msmarco-mpnet-base-v4/resolve/main/modules.json.
Please make sure you specified the correct `repo_id` and `repo_type`.
If you are trying to access a private or gated repo, make sure you are authenticated and your token has the required permissions.
For more details, see https://huggingface.co/docs/huggingface_hub/authentication
Invalid username or password.
httpx.HTTPStatusError: Client error '401 Unauthorized' for url 'https://huggingface.co/sentence-transformers/msmarco-mpnet-base-v4/resolve/main/modules.json'
For more information check: https://developer.mozilla.org/en-US/docs/Web/HTTP/Status/401

The above exception was the direct cause of the following exception:

Traceback (most recent call last):
  File ""/raid/brunoguilherme/DeepGenerativeTopicCluster/src/vaebm_benchmark/experiment/runner.py"", line 364, in run_single
    model.fit(documents)
  File ""/raid/brunoguilherme/DeepGenerativeTopicCluster/src/vaebm_benchmark/models/sbert_kmeans_adapter.py"", line 79, in fit
    self._encoder = SentenceTransformer(self.embedder_name)
                    ^^^^^^^^^^^^^^^^^^^^^^^^^^^^^^^^^^^^^^^
  File ""/raid/brunoguilherme/venvs/dgtc/lib/python3.12/site-packages/sentence_transformers/util/decorators.py"", line 46, in wrapper
    return func(*args, **kwargs)
           ^^^^^^^^^^^^^^^^^^^^^
huggingface_hub.errors.RepositoryNotFoundError: 401 Client Error. (Request ID: Root=1-6aa6744a-1bd7879b3db2c9d645dc5589;a873769f-85f5-40ea-ae1c-7192f3537f32)

Repository Not Found for url: https://huggingface.co/sentence-transformers/msmarco-mpnet-base-v4/resolve/main/modules.json.
Please make sure you specified the correct `repo_id` and `repo_type`.
If you are trying to access a private or gated repo, make sure you are authenticated and your token has the required permissions.
For more details, see https://huggingface.co/docs/huggingface_hub/authentication
Invalid username or password.
",ecrtm_hicot,15,palmetto_wikipedia,dieng_unique_words_top15,,
sbert_msmpnet,hicot_search_snippets,100,,,,,42,8.602,error,"401 Client Error. (Request ID: Root=1-6aa67469-038313916044056b30dae96c;7472243f-f7fc-4da2-aff5-d357d4368270)

Repository Not Found for url: https://huggingface.co/sentence-transformers/msmarco-mpnet-base-v4/resolve/main/modules.json.
Please make sure you specified the correct `repo_id` and `repo_type`.
If you are trying to access a private or gated repo, make sure you are authenticated and your token has the required permissions.
For more details, see https://huggingface.co/docs/huggingface_hub/authentication
Invalid username or password.
httpx.HTTPStatusError: Client error '401 Unauthorized' for url 'https://huggingface.co/sentence-transformers/msmarco-mpnet-base-v4/resolve/main/modules.json'
For more information check: https://developer.mozilla.org/en-US/docs/Web/HTTP/Status/401

The above exception was the direct cause of the following exception:

Traceback (most recent call last):
  File ""/raid/brunoguilherme/DeepGenerativeTopicCluster/src/vaebm_benchmark/experiment/runner.py"", line 364, in run_single
    model.fit(documents)
  File ""/raid/brunoguilherme/DeepGenerativeTopicCluster/src/vaebm_benchmark/models/sbert_kmeans_adapter.py"", line 79, in fit
    self._encoder = SentenceTransformer(self.embedder_name)
                    ^^^^^^^^^^^^^^^^^^^^^^^^^^^^^^^^^^^^^^^
  File ""/raid/brunoguilherme/venvs/dgtc/lib/python3.12/site-packages/sentence_transformers/util/decorators.py"", line 46, in wrapper
    return func(*args, **kwargs)
           ^^^^^^^^^^^^^^^^^^^^^
huggingface_hub.errors.RepositoryNotFoundError: 401 Client Error. (Request ID: Root=1-6aa67469-038313916044056b30dae96c;7472243f-f7fc-4da2-aff5-d357d4368270)

Repository Not Found for url: https://huggingface.co/sentence-transformers/msmarco-mpnet-base-v4/resolve/main/modules.json.
Please make sure you specified the correct `repo_id` and `repo_type`.
If you are trying to access a private or gated repo, make sure you are authenticated and your token has the required permissions.
For more details, see https://huggingface.co/docs/huggingface_hub/authentication
Invalid username or password.
",ecrtm_hicot,15,palmetto_wikipedia,dieng_unique_words_top15,,
sbert_msmpnet,hicot_google_news,50,,,,,42,7.416,error,"401 Client Error. (Request ID: Root=1-6aa67472-764553d81dab927244e03deb;dbb61c58-3532-4f64-80da-da5ed19e1b39)

Repository Not Found for url: https://huggingface.co/sentence-transformers/msmarco-mpnet-base-v4/resolve/main/modules.json.
Please make sure you specified the correct `repo_id` and `repo_type`.
If you are trying to access a private or gated repo, make sure you are authenticated and your token has the required permissions.
For more details, see https://huggingface.co/docs/huggingface_hub/authentication
Invalid username or password.
httpx.HTTPStatusError: Client error '401 Unauthorized' for url 'https://huggingface.co/sentence-transformers/msmarco-mpnet-base-v4/resolve/main/modules.json'
For more information check: https://developer.mozilla.org/en-US/docs/Web/HTTP/Status/401

The above exception was the direct cause of the following exception:

Traceback (most recent call last):
  File ""/raid/brunoguilherme/DeepGenerativeTopicCluster/src/vaebm_benchmark/experiment/runner.py"", line 364, in run_single
    model.fit(documents)
  File ""/raid/brunoguilherme/DeepGenerativeTopicCluster/src/vaebm_benchmark/models/sbert_kmeans_adapter.py"", line 79, in fit
    self._encoder = SentenceTransformer(self.embedder_name)
                    ^^^^^^^^^^^^^^^^^^^^^^^^^^^^^^^^^^^^^^^
  File ""/raid/brunoguilherme/venvs/dgtc/lib/python3.12/site-packages/sentence_transformers/util/decorators.py"", line 46, in wrapper
    return func(*args, **kwargs)
           ^^^^^^^^^^^^^^^^^^^^^
huggingface_hub.errors.RepositoryNotFoundError: 401 Client Error. (Request ID: Root=1-6aa67472-764553d81dab927244e03deb;dbb61c58-3532-4f64-80da-da5ed19e1b39)

Repository Not Found for url: https://huggingface.co/sentence-transformers/msmarco-mpnet-base-v4/resolve/main/modules.json.
Please make sure you specified the correct `repo_id` and `repo_type`.
If you are trying to access a private or gated repo, make sure you are authenticated and your token has the required permissions.
For more details, see https://huggingface.co/docs/huggingface_hub/authentication
Invalid username or password.
",ecrtm_hicot,15,palmetto_wikipedia,dieng_unique_words_top15,,
sbert_msmpnet,hicot_google_news,50,,,,,42,7.685,error,"401 Client Error. (Request ID: Root=1-6aa6748f-4492f66e6e186ecb17486c01;b7c1befe-d816-418b-8cc6-37ea54bf0e90)

Repository Not Found for url: https://huggingface.co/sentence-transformers/msmarco-mpnet-base-v4/resolve/main/modules.json.
Please make sure you specified the correct `repo_id` and `repo_type`.
If you are trying to access a private or gated repo, make sure you are authenticated and your token has the required permissions.
For more details, see https://huggingface.co/docs/huggingface_hub/authentication
Invalid username or password.
httpx.HTTPStatusError: Client error '401 Unauthorized' for url 'https://huggingface.co/sentence-transformers/msmarco-mpnet-base-v4/resolve/main/modules.json'
For more information check: https://developer.mozilla.org/en-US/docs/Web/HTTP/Status/401

The above exception was the direct cause of the following exception:

Traceback (most recent call last):
  File ""/raid/brunoguilherme/DeepGenerativeTopicCluster/src/vaebm_benchmark/experiment/runner.py"", line 364, in run_single
    model.fit(documents)
  File ""/raid/brunoguilherme/DeepGenerativeTopicCluster/src/vaebm_benchmark/models/sbert_kmeans_adapter.py"", line 79, in fit
    self._encoder = SentenceTransformer(self.embedder_name)
                    ^^^^^^^^^^^^^^^^^^^^^^^^^^^^^^^^^^^^^^^
  File ""/raid/brunoguilherme/venvs/dgtc/lib/python3.12/site-packages/sentence_transformers/util/decorators.py"", line 46, in wrapper
    return func(*args, **kwargs)
           ^^^^^^^^^^^^^^^^^^^^^
huggingface_hub.errors.RepositoryNotFoundError: 401 Client Error. (Request ID: Root=1-6aa6748f-4492f66e6e186ecb17486c01;b7c1befe-d816-418b-8cc6-37ea54bf0e90)

Repository Not Found for url: https://huggingface.co/sentence-transformers/msmarco-mpnet-base-v4/resolve/main/modules.json.
Please make sure you specified the correct `repo_id` and `repo_type`.
If you are trying to access a private or gated repo, make sure you are authenticated and your token has the required permissions.
For more details, see https://huggingface.co/docs/huggingface_hub/authentication
Invalid username or password.
",ecrtm_hicot,15,palmetto_wikipedia,dieng_unique_words_top15,,
sbert_msmpnet,hicot_google_news,50,,,,,42,6.322,error,"401 Client Error. (Request ID: Root=1-6aa674ab-0e89c1664cf238a92cdb9914;b49b0292-5911-4eb1-ba24-1bbad1676d33)

Repository Not Found for url: https://huggingface.co/sentence-transformers/msmarco-mpnet-base-v4/resolve/main/modules.json.
Please make sure you specified the correct `repo_id` and `repo_type`.
If you are trying to access a private or gated repo, make sure you are authenticated and your token has the required permissions.
For more details, see https://huggingface.co/docs/huggingface_hub/authentication
Invalid username or password.
httpx.HTTPStatusError: Client error '401 Unauthorized' for url 'https://huggingface.co/sentence-transformers/msmarco-mpnet-base-v4/resolve/main/modules.json'
For more information check: https://developer.mozilla.org/en-US/docs/Web/HTTP/Status/401

The above exception was the direct cause of the following exception:

Traceback (most recent call last):
  File ""/raid/brunoguilherme/DeepGenerativeTopicCluster/src/vaebm_benchmark/experiment/runner.py"", line 364, in run_single
    model.fit(documents)
  File ""/raid/brunoguilherme/DeepGenerativeTopicCluster/src/vaebm_benchmark/models/sbert_kmeans_adapter.py"", line 79, in fit
    self._encoder = SentenceTransformer(self.embedder_name)
                    ^^^^^^^^^^^^^^^^^^^^^^^^^^^^^^^^^^^^^^^
  File ""/raid/brunoguilherme/venvs/dgtc/lib/python3.12/site-packages/sentence_transformers/util/decorators.py"", line 46, in wrapper
    return func(*args, **kwargs)
           ^^^^^^^^^^^^^^^^^^^^^
huggingface_hub.errors.RepositoryNotFoundError: 401 Client Error. (Request ID: Root=1-6aa674ab-0e89c1664cf238a92cdb9914;b49b0292-5911-4eb1-ba24-1bbad1676d33)

Repository Not Found for url: https://huggingface.co/sentence-transformers/msmarco-mpnet-base-v4/resolve/main/modules.json.
Please make sure you specified the correct `repo_id` and `repo_type`.
If you are trying to access a private or gated repo, make sure you are authenticated and your token has the required permissions.
For more details, see https://huggingface.co/docs/huggingface_hub/authentication
Invalid username or password.
",ecrtm_hicot,15,palmetto_wikipedia,dieng_unique_words_top15,,
sbert_msmpnet,hicot_google_news,100,,,,,42,6.392,error,"401 Client Error. (Request ID: Root=1-6aa674b3-7d5c5e355fe07d935804dbe8;eeff90a7-a90c-45bd-b979-bb5ad2c14652)

Repository Not Found for url: https://huggingface.co/sentence-transformers/msmarco-mpnet-base-v4/resolve/main/modules.json.
Please make sure you specified the correct `repo_id` and `repo_type`.
If you are trying to access a private or gated repo, make sure you are authenticated and your token has the required permissions.
For more details, see https://huggingface.co/docs/huggingface_hub/authentication
Invalid username or password.
httpx.HTTPStatusError: Client error '401 Unauthorized' for url 'https://huggingface.co/sentence-transformers/msmarco-mpnet-base-v4/resolve/main/modules.json'
For more information check: https://developer.mozilla.org/en-US/docs/Web/HTTP/Status/401

The above exception was the direct cause of the following exception:

Traceback (most recent call last):
  File ""/raid/brunoguilherme/DeepGenerativeTopicCluster/src/vaebm_benchmark/experiment/runner.py"", line 364, in run_single
    model.fit(documents)
  File ""/raid/brunoguilherme/DeepGenerativeTopicCluster/src/vaebm_benchmark/models/sbert_kmeans_adapter.py"", line 79, in fit
    self._encoder = SentenceTransformer(self.embedder_name)
                    ^^^^^^^^^^^^^^^^^^^^^^^^^^^^^^^^^^^^^^^
  File ""/raid/brunoguilherme/venvs/dgtc/lib/python3.12/site-packages/sentence_transformers/util/decorators.py"", line 46, in wrapper
    return func(*args, **kwargs)
           ^^^^^^^^^^^^^^^^^^^^^
huggingface_hub.errors.RepositoryNotFoundError: 401 Client Error. (Request ID: Root=1-6aa674b3-7d5c5e355fe07d935804dbe8;eeff90a7-a90c-45bd-b979-bb5ad2c14652)

Repository Not Found for url: https://huggingface.co/sentence-transformers/msmarco-mpnet-base-v4/resolve/main/modules.json.
Please make sure you specified the correct `repo_id` and `repo_type`.
If you are trying to access a private or gated repo, make sure you are authenticated and your token has the required permissions.
For more details, see https://huggingface.co/docs/huggingface_hub/authentication
Invalid username or password.
",ecrtm_hicot,15,palmetto_wikipedia,dieng_unique_words_top15,,
sbert_msmpnet,hicot_google_news,100,,,,,42,8.635,error,"401 Client Error. (Request ID: Root=1-6aa674d1-553a6b2d0dea5b534d11ee38;2e262041-b1ec-4b87-80f3-a83246e9ff28)

Repository Not Found for url: https://huggingface.co/sentence-transformers/msmarco-mpnet-base-v4/resolve/main/modules.json.
Please make sure you specified the correct `repo_id` and `repo_type`.
If you are trying to access a private or gated repo, make sure you are authenticated and your token has the required permissions.
For more details, see https://huggingface.co/docs/huggingface_hub/authentication
Invalid username or password.
httpx.HTTPStatusError: Client error '401 Unauthorized' for url 'https://huggingface.co/sentence-transformers/msmarco-mpnet-base-v4/resolve/main/modules.json'
For more information check: https://developer.mozilla.org/en-US/docs/Web/HTTP/Status/401

The above exception was the direct cause of the following exception:

Traceback (most recent call last):
  File ""/raid/brunoguilherme/DeepGenerativeTopicCluster/src/vaebm_benchmark/experiment/runner.py"", line 364, in run_single
    model.fit(documents)
  File ""/raid/brunoguilherme/DeepGenerativeTopicCluster/src/vaebm_benchmark/models/sbert_kmeans_adapter.py"", line 79, in fit
    self._encoder = SentenceTransformer(self.embedder_name)
                    ^^^^^^^^^^^^^^^^^^^^^^^^^^^^^^^^^^^^^^^
  File ""/raid/brunoguilherme/venvs/dgtc/lib/python3.12/site-packages/sentence_transformers/util/decorators.py"", line 46, in wrapper
    return func(*args, **kwargs)
           ^^^^^^^^^^^^^^^^^^^^^
huggingface_hub.errors.RepositoryNotFoundError: 401 Client Error. (Request ID: Root=1-6aa674d1-553a6b2d0dea5b534d11ee38;2e262041-b1ec-4b87-80f3-a83246e9ff28)

Repository Not Found for url: https://huggingface.co/sentence-transformers/msmarco-mpnet-base-v4/resolve/main/modules.json.
Please make sure you specified the correct `repo_id` and `repo_type`.
If you are trying to access a private or gated repo, make sure you are authenticated and your token has the required permissions.
For more details, see https://huggingface.co/docs/huggingface_hub/authentication
Invalid username or password.
",ecrtm_hicot,15,palmetto_wikipedia,dieng_unique_words_top15,,
sbert_msmpnet,hicot_google_news,100,,,,,42,7.959,error,"401 Client Error. (Request ID: Root=1-6aa674ef-10d0d0ec71732be422f3c3d8;8e8e80f4-914a-4e22-9401-b48ca0d2544e)

Repository Not Found for url: https://huggingface.co/sentence-transformers/msmarco-mpnet-base-v4/resolve/main/modules.json.
Please make sure you specified the correct `repo_id` and `repo_type`.
If you are trying to access a private or gated repo, make sure you are authenticated and your token has the required permissions.
For more details, see https://huggingface.co/docs/huggingface_hub/authentication
Invalid username or password.
httpx.HTTPStatusError: Client error '401 Unauthorized' for url 'https://huggingface.co/sentence-transformers/msmarco-mpnet-base-v4/resolve/main/modules.json'
For more information check: https://developer.mozilla.org/en-US/docs/Web/HTTP/Status/401

The above exception was the direct cause of the following exception:

Traceback (most recent call last):
  File ""/raid/brunoguilherme/DeepGenerativeTopicCluster/src/vaebm_benchmark/experiment/runner.py"", line 364, in run_single
    model.fit(documents)
  File ""/raid/brunoguilherme/DeepGenerativeTopicCluster/src/vaebm_benchmark/models/sbert_kmeans_adapter.py"", line 79, in fit
    self._encoder = SentenceTransformer(self.embedder_name)
                    ^^^^^^^^^^^^^^^^^^^^^^^^^^^^^^^^^^^^^^^
  File ""/raid/brunoguilherme/venvs/dgtc/lib/python3.12/site-packages/sentence_transformers/util/decorators.py"", line 46, in wrapper
    return func(*args, **kwargs)
           ^^^^^^^^^^^^^^^^^^^^^
huggingface_hub.errors.RepositoryNotFoundError: 401 Client Error. (Request ID: Root=1-6aa674ef-10d0d0ec71732be422f3c3d8;8e8e80f4-914a-4e22-9401-b48ca0d2544e)

Repository Not Found for url: https://huggingface.co/sentence-transformers/msmarco-mpnet-base-v4/resolve/main/modules.json.
Please make sure you specified the correct `repo_id` and `repo_type`.
If you are trying to access a private or gated repo, make sure you are authenticated and your token has the required permissions.
For more details, see https://huggingface.co/docs/huggingface_hub/authentication
Invalid username or password.
",ecrtm_hicot,15,palmetto_wikipedia,dieng_unique_words_top15,,
sbert_msdistilbert,20ng,50,,0.5002122466305847,0.41320561796037397,0.11333333333333333,42,172.33,ok,,ecrtm_hicot,15,palmetto_wikipedia,dieng_unique_words_top15,kmeans_on_embeddings,cluster-derived
sbert_msdistilbert,20ng,100,,0.5444126074498568,0.4096377880686673,0.142,42,208.275,ok,,ecrtm_hicot,15,palmetto_wikipedia,dieng_unique_words_top15,kmeans_on_embeddings,cluster-derived
sbert_msdistilbert,imdb,50,0.4539794,0.66968,0.03949655459221696,0.037333333333333336,42,444.148,ok,,ecrtm_hicot,15,palmetto_wikipedia,dieng_unique_words_top15,kmeans_on_embeddings,cluster-derived
sbert_msdistilbert,imdb,100,0.454988,0.67484,0.037149006059704254,0.027333333333333334,42,522.554,ok,,ecrtm_hicot,15,palmetto_wikipedia,dieng_unique_words_top15,kmeans_on_embeddings,cluster-derived
sbert_msdistilbert,agnews_short,50,0.46376379999999995,0.79675,0.3183766388243768,0.8106666666666666,42,95.329,ok,,ecrtm_hicot,15,palmetto_wikipedia,dieng_unique_words_top15,kmeans_on_embeddings,cluster-derived
sbert_msdistilbert,agnews_short,100,0.4572779,0.824375,0.3029750446628888,0.7753333333333333,42,150.461,ok,,ecrtm_hicot,15,palmetto_wikipedia,dieng_unique_words_top15,kmeans_on_embeddings,cluster-derived
sbert_msdistilbert,search_snippets,50,0.4372862,0.63387358184765,0.3094004443153032,0.7653333333333333,42,121.23,ok,,ecrtm_hicot,15,palmetto_wikipedia,dieng_unique_words_top15,kmeans_on_embeddings,cluster-derived
sbert_msdistilbert,search_snippets,100,0.4316056,0.6816045380875203,0.31991430431130075,0.6826666666666666,42,191.778,ok,,ecrtm_hicot,15,palmetto_wikipedia,dieng_unique_words_top15,kmeans_on_embeddings,cluster-derived
sbert_msdistilbert,stack_overflow,50,0.4308384,0.74655,0.624483896497192,0.376,42,80.015,ok,,ecrtm_hicot,15,palmetto_wikipedia,dieng_unique_words_top15,kmeans_on_embeddings,cluster-derived
sbert_msdistilbert,stack_overflow,100,0.4346492,0.76385,0.581833284447876,0.38133333333333336,42,139.922,ok,,ecrtm_hicot,15,palmetto_wikipedia,dieng_unique_words_top15,kmeans_on_embeddings,cluster-derived
sbert_msdistilbert,biomedical,50,0.5276522,0.4716,0.3543061899601561,0.38666666666666666,42,88.798,ok,,ecrtm_hicot,15,palmetto_wikipedia,dieng_unique_words_top15,kmeans_on_embeddings,cluster-derived
sbert_msdistilbert,biomedical,100,0.524998,0.4965,0.3494776426461144,0.388,42,139.388,ok,,ecrtm_hicot,15,palmetto_wikipedia,dieng_unique_words_top15,kmeans_on_embeddings,cluster-derived
sbert_msdistilbert,google_news_ts,50,0.4529334,0.6242686110360969,0.8159853493012431,0.896,42,101.428,ok,,ecrtm_hicot,15,palmetto_wikipedia,dieng_unique_words_top15,kmeans_on_embeddings,cluster-derived
sbert_msdistilbert,google_news_ts,100,0.4447717,0.811054100279053,0.8789971904666837,0.7886666666666666,42,184.511,ok,,ecrtm_hicot,15,palmetto_wikipedia,dieng_unique_words_top15,kmeans_on_embeddings,cluster-derived
sbert_msdistilbert,google_news_t,50,0.4245292,0.5685091825711199,0.7401995073023724,0.8906666666666667,42,100.533,ok,,ecrtm_hicot,15,palmetto_wikipedia,dieng_unique_words_top15,kmeans_on_embeddings,cluster-derived
sbert_msdistilbert,google_news_t,100,0.41639200000000004,0.7343356139719122,0.8168583476371687,0.788,42,201.109,ok,,ecrtm_hicot,15,palmetto_wikipedia,dieng_unique_words_top15,kmeans_on_embeddings,cluster-derived
sbert_msdistilbert,google_news_s,50,0.4525482,0.5845336694274397,0.7610906998317827,0.8906666666666667,42,101.483,ok,,ecrtm_hicot,15,palmetto_wikipedia,dieng_unique_words_top15,kmeans_on_embeddings,cluster-derived
sbert_msdistilbert,google_news_s,100,0.4430807,0.7542311847317249,0.8253999571805098,0.7633333333333333,42,182.854,ok,,ecrtm_hicot,15,palmetto_wikipedia,dieng_unique_words_top15,kmeans_on_embeddings,cluster-derived
sbert_msdistilbert,tweet,50,0.4062692,0.7787216828478964,0.7978082816840779,0.8386666666666667,42,95.825,ok,,ecrtm_hicot,15,palmetto_wikipedia,dieng_unique_words_top15,kmeans_on_embeddings,cluster-derived
sbert_msdistilbert,tweet,100,,0.8952265372168284,0.837299170190516,0.7666666666666667,42,174.306,ok,,ecrtm_hicot,15,palmetto_wikipedia,dieng_unique_words_top15,kmeans_on_embeddings,cluster-derived
sbert_msdistilbert,hicot_20ng,50,0.3974414,0.5038735010081715,0.41241646923813546,0.384,42,257.943,ok,,ecrtm_hicot,15,palmetto_wikipedia,dieng_unique_words_top15,kmeans_on_embeddings,cluster-derived
sbert_msdistilbert,hicot_20ng,100,0.4080367,0.51835933354558,0.40289976860117616,0.38333333333333336,42,421.173,ok,,ecrtm_hicot,15,palmetto_wikipedia,dieng_unique_words_top15,kmeans_on_embeddings,cluster-derived
sbert_msdistilbert,hicot_imdb,50,0.32546260000000005,0.66778,0.03902648502854877,0.13333333333333333,42,542.314,ok,,ecrtm_hicot,15,palmetto_wikipedia,dieng_unique_words_top15,kmeans_on_embeddings,cluster-derived
sbert_msdistilbert,hicot_imdb,100,,0.6767,0.03768852896956954,0.118,42,828.733,ok,,ecrtm_hicot,15,palmetto_wikipedia,dieng_unique_words_top15,kmeans_on_embeddings,cluster-derived
sbert_msdistilbert,hicot_agnews,50,0.4501688,0.79544,0.31900992057406824,0.756,42,132.6,ok,,ecrtm_hicot,15,palmetto_wikipedia,dieng_unique_words_top15,kmeans_on_embeddings,cluster-derived
sbert_msdistilbert,hicot_agnews,100,0.4367709,0.80448,0.2909627761300783,0.692,42,210.211,ok,,ecrtm_hicot,15,palmetto_wikipedia,dieng_unique_words_top15,kmeans_on_embeddings,cluster-derived
sbert_msdistilbert,hicot_search_snippets,50,0.4252826,0.6698389458272328,0.3295380526859195,0.748,42,117.629,ok,,ecrtm_hicot,15,palmetto_wikipedia,dieng_unique_words_top15,kmeans_on_embeddings,cluster-derived
sbert_msdistilbert,hicot_search_snippets,100,0.42999580000000004,0.720758093378884,0.34651549116857144,0.6746666666666666,42,192.731,ok,,ecrtm_hicot,15,palmetto_wikipedia,dieng_unique_words_top15,kmeans_on_embeddings,cluster-derived
sbert_msdistilbert,hicot_google_news,50,0.4153374,0.5825392503856974,0.7576740438917916,0.904,42,102.745,ok,,ecrtm_hicot,15,palmetto_wikipedia,dieng_unique_words_top15,kmeans_on_embeddings,cluster-derived
sbert_msdistilbert,hicot_google_news,100,0.4089754,0.7543334240856702,0.8319622940857153,0.796,42,198.445,ok,,ecrtm_hicot,15,palmetto_wikipedia,dieng_unique_words_top15,kmeans_on_embeddings,cluster-derived
sbert_distilroberta,20ng,50,0.47077918367346944,0.6044253422476918,0.5137778224428606,0.12266666666666666,42,155.152,ok,,ecrtm_hicot,15,palmetto_wikipedia,dieng_unique_words_top15,kmeans_on_embeddings,cluster-derived
sbert_distilroberta,20ng,100,0.47596636363636363,0.6217234426403481,0.4849428361274177,0.14933333333333335,42,192.454,ok,,ecrtm_hicot,15,palmetto_wikipedia,dieng_unique_words_top15,kmeans_on_embeddings,cluster-derived
sbert_distilroberta,imdb,50,0.452885,0.68826,0.051260374017372226,0.037333333333333336,42,417.313,ok,,ecrtm_hicot,15,palmetto_wikipedia,dieng_unique_words_top15,kmeans_on_embeddings,cluster-derived
sbert_distilroberta,imdb,100,0.4565364,0.71362,0.05386603278751333,0.028,42,483.322,ok,,ecrtm_hicot,15,palmetto_wikipedia,dieng_unique_words_top15,kmeans_on_embeddings,cluster-derived
sbert_distilroberta,agnews_short,50,0.4540954,0.86075,0.3648923297417199,0.848,42,91.027,ok,,ecrtm_hicot,15,palmetto_wikipedia,dieng_unique_words_top15,kmeans_on_embeddings,cluster-derived
sbert_distilroberta,agnews_short,100,0.4613565,0.862625,0.33174069835430925,0.7746666666666666,42,141.881,ok,,ecrtm_hicot,15,palmetto_wikipedia,dieng_unique_words_top15,kmeans_on_embeddings,cluster-derived
sbert_distilroberta,search_snippets,50,0.44453539999999997,0.8120745542949757,0.45903737696094077,0.812,42,103.305,ok,,ecrtm_hicot,15,palmetto_wikipedia,dieng_unique_words_top15,kmeans_on_embeddings,cluster-derived
sbert_distilroberta,search_snippets,100,0.4415961,0.8340356564019449,0.4371899853355747,0.7426666666666667,42,177.539,ok,,ecrtm_hicot,15,palmetto_wikipedia,dieng_unique_words_top15,kmeans_on_embeddings,cluster-derived
sbert_distilroberta,stack_overflow,50,0.4430384,0.74345,0.6340239133474198,0.3893333333333333,42,81.411,ok,,ecrtm_hicot,15,palmetto_wikipedia,dieng_unique_words_top15,kmeans_on_embeddings,cluster-derived
sbert_distilroberta,stack_overflow,100,0.4309301,0.7581,0.5866405943989919,0.3993333333333333,42,142.522,ok,,ecrtm_hicot,15,palmetto_wikipedia,dieng_unique_words_top15,kmeans_on_embeddings,cluster-derived
sbert_distilroberta,biomedical,50,0.5484144,0.53865,0.41367549468083453,0.4613333333333333,42,79.289,ok,,ecrtm_hicot,15,palmetto_wikipedia,dieng_unique_words_top15,kmeans_on_embeddings,cluster-derived
sbert_distilroberta,biomedical,100,0.5469393,0.5403,0.3935079613348182,0.456,42,124.488,ok,,ecrtm_hicot,15,palmetto_wikipedia,dieng_unique_words_top15,kmeans_on_embeddings,cluster-derived
sbert_distilroberta,google_news_ts,50,0.4579824,0.6333603384643082,0.8471098505211841,0.8986666666666666,42,104.772,ok,,ecrtm_hicot,15,palmetto_wikipedia,dieng_unique_words_top15,kmeans_on_embeddings,cluster-derived
sbert_distilroberta,google_news_ts,100,0.45054079999999996,0.8273471959672338,0.907252439217398,0.8046666666666666,42,180.038,ok,,ecrtm_hicot,15,palmetto_wikipedia,dieng_unique_words_top15,kmeans_on_embeddings,cluster-derived
sbert_distilroberta,google_news_t,50,0.42634819999999995,0.5781418797263234,0.7772117781761803,0.9053333333333333,42,98.547,ok,,ecrtm_hicot,15,palmetto_wikipedia,dieng_unique_words_top15,kmeans_on_embeddings,cluster-derived
sbert_distilroberta,google_news_t,100,0.409913,0.7531508822470292,0.8352450676816503,0.8086666666666666,42,195.526,ok,,ecrtm_hicot,15,palmetto_wikipedia,dieng_unique_words_top15,kmeans_on_embeddings,cluster-derived
sbert_distilroberta,google_news_s,50,0.457532,0.6166726683471372,0.8155482950254793,0.9026666666666666,42,104.125,ok,,ecrtm_hicot,15,palmetto_wikipedia,dieng_unique_words_top15,kmeans_on_embeddings,cluster-derived
sbert_distilroberta,google_news_s,100,0.44842950000000004,0.7944724522866402,0.8701315567795851,0.796,42,182.998,ok,,ecrtm_hicot,15,palmetto_wikipedia,dieng_unique_words_top15,kmeans_on_embeddings,cluster-derived
sbert_distilroberta,tweet,50,0.401575,0.8175566343042071,0.8612282086570672,0.8706666666666667,42,95.657,ok,,ecrtm_hicot,15,palmetto_wikipedia,dieng_unique_words_top15,kmeans_on_embeddings,cluster-derived
sbert_distilroberta,tweet,100,,0.9146440129449838,0.8587880349687331,0.76,42,185.358,ok,,ecrtm_hicot,15,palmetto_wikipedia,dieng_unique_words_top15,kmeans_on_embeddings,cluster-derived
sbert_distilroberta,hicot_20ng,50,0.42320660000000004,0.6030988008065372,0.5157241917671592,0.4053333333333333,42,247.384,ok,,ecrtm_hicot,15,palmetto_wikipedia,dieng_unique_words_top15,kmeans_on_embeddings,cluster-derived
sbert_distilroberta,hicot_20ng,100,0.4235984,0.62225405921681,0.4910153245952318,0.37533333333333335,42,387.975,ok,,ecrtm_hicot,15,palmetto_wikipedia,dieng_unique_words_top15,kmeans_on_embeddings,cluster-derived
sbert_distilroberta,hicot_imdb,50,0.320779,0.70602,0.05992395713392661,0.13333333333333333,42,548.189,ok,,ecrtm_hicot,15,palmetto_wikipedia,dieng_unique_words_top15,kmeans_on_embeddings,cluster-derived
sbert_distilroberta,hicot_imdb,100,,0.71908,0.055693495810261964,0.12266666666666666,42,842.121,ok,,ecrtm_hicot,15,palmetto_wikipedia,dieng_unique_words_top15,kmeans_on_embeddings,cluster-derived
sbert_distilroberta,hicot_agnews,50,0.4497256,0.83896,0.3504794282038026,0.8,42,121.991,ok,,ecrtm_hicot,15,palmetto_wikipedia,dieng_unique_words_top15,kmeans_on_embeddings,cluster-derived
sbert_distilroberta,hicot_agnews,100,0.4423099,0.84848,0.3226307407120895,0.706,42,187.716,ok,,ecrtm_hicot,15,palmetto_wikipedia,dieng_unique_words_top15,kmeans_on_embeddings,cluster-derived
sbert_distilroberta,hicot_search_snippets,50,0.4524474,0.8230844314299658,0.46950342003143436,0.84,42,99.079,ok,,ecrtm_hicot,15,palmetto_wikipedia,dieng_unique_words_top15,kmeans_on_embeddings,cluster-derived
sbert_distilroberta,hicot_search_snippets,100,0.44032069999999995,0.8422807873759558,0.445247882332956,0.7373333333333333,42,175.622,ok,,ecrtm_hicot,15,palmetto_wikipedia,dieng_unique_words_top15,kmeans_on_embeddings,cluster-derived
sbert_distilroberta,hicot_google_news,50,0.4227724,0.6114892458480806,0.7888803878242269,0.9133333333333333,42,99.78,ok,,ecrtm_hicot,15,palmetto_wikipedia,dieng_unique_words_top15,kmeans_on_embeddings,cluster-derived
sbert_distilroberta,hicot_google_news,100,0.4050009,0.7684907886378074,0.8503777848455432,0.8006666666666666,42,200.63,ok,,ecrtm_hicot,15,palmetto_wikipedia,dieng_unique_words_top15,kmeans_on_embeddings,cluster-derived
sbert_paraphrase,20ng,50,0.4685865306122449,0.5208001697973045,0.449472452348658,0.10933333333333334,42,178.008,ok,,ecrtm_hicot,15,palmetto_wikipedia,dieng_unique_words_top15,kmeans_on_embeddings,cluster-derived
sbert_paraphrase,20ng,100,0.47586343434343437,0.5566167887084793,0.43424571366224946,0.11466666666666667,42,185.721,ok,,ecrtm_hicot,15,palmetto_wikipedia,dieng_unique_words_top15,kmeans_on_embeddings,cluster-derived
sbert_paraphrase,imdb,50,0.451901,0.69228,0.05794954549752678,0.03866666666666667,42,358.675,ok,,ecrtm_hicot,15,palmetto_wikipedia,dieng_unique_words_top15,kmeans_on_embeddings,cluster-derived
sbert_paraphrase,imdb,100,0.45133639999999997,0.70734,0.055383732135321634,0.023333333333333334,42,418.224,ok,,ecrtm_hicot,15,palmetto_wikipedia,dieng_unique_words_top15,kmeans_on_embeddings,cluster-derived
sbert_paraphrase,agnews_short,50,0.46556159999999996,0.834625,0.347513269781818,0.8426666666666667,42,103.917,ok,,ecrtm_hicot,15,palmetto_wikipedia,dieng_unique_words_top15,kmeans_on_embeddings,cluster-derived
sbert_paraphrase,agnews_short,100,0.450684,0.853,0.32652626466325474,0.7606666666666667,42,157.244,ok,,ecrtm_hicot,15,palmetto_wikipedia,dieng_unique_words_top15,kmeans_on_embeddings,cluster-derived
sbert_paraphrase,search_snippets,50,0.4507714,0.8269854132901134,0.47338409796507896,0.86,42,118.57,ok,,ecrtm_hicot,15,palmetto_wikipedia,dieng_unique_words_top15,kmeans_on_embeddings,cluster-derived
sbert_paraphrase,search_snippets,100,0.44106029999999996,0.8481361426256078,0.4498146547194811,0.766,42,192.225,ok,,ecrtm_hicot,15,palmetto_wikipedia,dieng_unique_words_top15,kmeans_on_embeddings,cluster-derived
sbert_paraphrase,stack_overflow,50,0.4428674,0.78415,0.6560235728493141,0.388,42,91.949,ok,,ecrtm_hicot,15,palmetto_wikipedia,dieng_unique_words_top15,kmeans_on_embeddings,cluster-derived
sbert_paraphrase,stack_overflow,100,0.4268394,0.793,0.6073771556042279,0.382,42,156.164,ok,,ecrtm_hicot,15,palmetto_wikipedia,dieng_unique_words_top15,kmeans_on_embeddings,cluster-derived
sbert_paraphrase,biomedical,50,0.5572296,0.4993,0.3828503107537127,0.42933333333333334,42,97.063,ok,,ecrtm_hicot,15,palmetto_wikipedia,dieng_unique_words_top15,kmeans_on_embeddings,cluster-derived
sbert_paraphrase,biomedical,100,0.5446207,0.5166,0.371198580690896,0.43666666666666665,42,137.394,ok,,ecrtm_hicot,15,palmetto_wikipedia,dieng_unique_words_top15,kmeans_on_embeddings,cluster-derived
sbert_paraphrase,google_news_ts,50,0.4551024,0.6296696372310739,0.8411363646945093,0.9026666666666666,42,118.562,ok,,ecrtm_hicot,15,palmetto_wikipedia,dieng_unique_words_top15,kmeans_on_embeddings,cluster-derived
sbert_paraphrase,google_news_ts,100,0.4454444,0.8338284274012062,0.9031878808261221,0.8133333333333334,42,203.865,ok,,ecrtm_hicot,15,palmetto_wikipedia,dieng_unique_words_top15,kmeans_on_embeddings,cluster-derived
sbert_paraphrase,google_news_t,50,0.4217658,0.5549153763053655,0.7406741767950704,0.8946666666666667,42,107.089,ok,,ecrtm_hicot,15,palmetto_wikipedia,dieng_unique_words_top15,kmeans_on_embeddings,cluster-derived
sbert_paraphrase,google_news_t,100,0.4133276,0.7217320849837955,0.8063895921523573,0.792,42,196.287,ok,,ecrtm_hicot,15,palmetto_wikipedia,dieng_unique_words_top15,kmeans_on_embeddings,cluster-derived
sbert_paraphrase,google_news_s,50,0.4554422,0.5971371984155563,0.7902284585832949,0.876,42,115.675,ok,,ecrtm_hicot,15,palmetto_wikipedia,dieng_unique_words_top15,kmeans_on_embeddings,cluster-derived
sbert_paraphrase,google_news_s,100,0.4437814,0.7903312927619733,0.8572242167504976,0.7966666666666666,42,199.665,ok,,ecrtm_hicot,15,palmetto_wikipedia,dieng_unique_words_top15,kmeans_on_embeddings,cluster-derived
sbert_paraphrase,tweet,50,0.3973074,0.811084142394822,0.8477375778597266,0.8666666666666667,42,99.434,ok,,ecrtm_hicot,15,palmetto_wikipedia,dieng_unique_words_top15,kmeans_on_embeddings,cluster-derived
sbert_paraphrase,tweet,100,,0.8895631067961165,0.8442739070460898,0.758,42,183.226,ok,,ecrtm_hicot,15,palmetto_wikipedia,dieng_unique_words_top15,kmeans_on_embeddings,cluster-derived
sbert_paraphrase,hicot_20ng,50,0.4136956,0.5870211185397431,0.5072305968986391,0.42133333333333334,42,278.545,ok,,ecrtm_hicot,15,palmetto_wikipedia,dieng_unique_words_top15,kmeans_on_embeddings,cluster-derived
sbert_paraphrase,hicot_20ng,100,0.41900170000000003,0.6193887297039159,0.4945901474513931,0.39466666666666667,42,405.761,ok,,ecrtm_hicot,15,palmetto_wikipedia,dieng_unique_words_top15,kmeans_on_embeddings,cluster-derived
sbert_paraphrase,hicot_imdb,50,0.3310398,0.6832,0.04872798635940245,0.13733333333333334,42,618.537,ok,,ecrtm_hicot,15,palmetto_wikipedia,dieng_unique_words_top15,kmeans_on_embeddings,cluster-derived
sbert_paraphrase,hicot_imdb,100,,0.69306,0.045668173455534665,0.12066666666666667,42,914.909,ok,,ecrtm_hicot,15,palmetto_wikipedia,dieng_unique_words_top15,kmeans_on_embeddings,cluster-derived
sbert_paraphrase,hicot_agnews,50,0.4534972,0.83928,0.34623507227274236,0.7933333333333333,42,134.534,ok,,ecrtm_hicot,15,palmetto_wikipedia,dieng_unique_words_top15,kmeans_on_embeddings,cluster-derived
sbert_paraphrase,hicot_agnews,100,0.43509210000000004,0.84456,0.31990844797934964,0.6946666666666667,42,216.108,ok,,ecrtm_hicot,15,palmetto_wikipedia,dieng_unique_words_top15,kmeans_on_embeddings,cluster-derived
sbert_paraphrase,hicot_search_snippets,50,0.45285960000000003,0.8552952659834065,0.49542192800515017,0.8466666666666667,42,112.752,ok,,ecrtm_hicot,15,palmetto_wikipedia,dieng_unique_words_top15,kmeans_on_embeddings,cluster-derived
sbert_paraphrase,hicot_search_snippets,100,0.43973300000000004,0.851634943875061,0.4578235506793351,0.7446666666666667,42,186.367,ok,,ecrtm_hicot,15,palmetto_wikipedia,dieng_unique_words_top15,kmeans_on_embeddings,cluster-derived
sbert_paraphrase,hicot_google_news,50,0.42671840000000005,0.5526817315545876,0.7486579356722121,0.9,42,102.615,ok,,ecrtm_hicot,15,palmetto_wikipedia,dieng_unique_words_top15,kmeans_on_embeddings,cluster-derived
sbert_paraphrase,hicot_google_news,100,0.4042971,0.7314638351937562,0.8097035097760532,0.794,42,210.746,ok,,ecrtm_hicot,15,palmetto_wikipedia,dieng_unique_words_top15,kmeans_on_embeddings,cluster-derived
sbert_distilbert,20ng,50,,0.4206728218189536,0.32779985588714944,0.104,42,121.716,ok,,ecrtm_hicot,15,palmetto_wikipedia,dieng_unique_words_top15,kmeans_on_embeddings,cluster-derived
sbert_distilbert,20ng,100,,0.4372811206622095,0.31940740473074436,0.122,42,151.045,ok,,ecrtm_hicot,15,palmetto_wikipedia,dieng_unique_words_top15,kmeans_on_embeddings,cluster-derived
sbert_distilbert,imdb,50,0.4504872,0.71386,0.06393326854296762,0.030666666666666665,42,243.325,ok,,ecrtm_hicot,15,palmetto_wikipedia,dieng_unique_words_top15,kmeans_on_embeddings,cluster-derived
sbert_distilbert,imdb,100,0.45145919999999995,0.72414,0.05845125043530145,0.02,42,311.717,ok,,ecrtm_hicot,15,palmetto_wikipedia,dieng_unique_words_top15,kmeans_on_embeddings,cluster-derived
sbert_distilbert,agnews_short,50,0.47259,0.7285,0.26361852865365487,0.8053333333333333,42,85.437,ok,,ecrtm_hicot,15,palmetto_wikipedia,dieng_unique_words_top15,kmeans_on_embeddings,cluster-derived
sbert_distilbert,agnews_short,100,0.4675164,0.760625,0.2557038352405581,0.7513333333333333,42,133.107,ok,,ecrtm_hicot,15,palmetto_wikipedia,dieng_unique_words_top15,kmeans_on_embeddings,cluster-derived
sbert_distilbert,search_snippets,50,0.44009560000000003,0.6725283630470016,0.3405560854250843,0.796,42,115.307,ok,,ecrtm_hicot,15,palmetto_wikipedia,dieng_unique_words_top15,kmeans_on_embeddings,cluster-derived
sbert_distilbert,search_snippets,100,0.4426311,0.7054294975688817,0.33567009588511343,0.71,42,185.932,ok,,ecrtm_hicot,15,palmetto_wikipedia,dieng_unique_words_top15,kmeans_on_embeddings,cluster-derived
sbert_distilbert,stack_overflow,50,0.4404662,0.6257,0.4979524467900312,0.34,42,75.921,ok,,ecrtm_hicot,15,palmetto_wikipedia,dieng_unique_words_top15,kmeans_on_embeddings,cluster-derived
sbert_distilbert,stack_overflow,100,0.437467,0.65485,0.4771026820279869,0.35133333333333333,42,138.89,ok,,ecrtm_hicot,15,palmetto_wikipedia,dieng_unique_words_top15,kmeans_on_embeddings,cluster-derived
sbert_distilbert,biomedical,50,0.5370068,0.43575,0.31785662361097194,0.3466666666666667,42,87.122,ok,,ecrtm_hicot,15,palmetto_wikipedia,dieng_unique_words_top15,kmeans_on_embeddings,cluster-derived
sbert_distilbert,biomedical,100,0.5417528,0.45665,0.3153845691463842,0.37866666666666665,42,139.439,ok,,ecrtm_hicot,15,palmetto_wikipedia,dieng_unique_words_top15,kmeans_on_embeddings,cluster-derived
sbert_distilbert,google_news_ts,50,0.4550056,0.6043748312179315,0.78927169061815,0.888,42,99.357,ok,,ecrtm_hicot,15,palmetto_wikipedia,dieng_unique_words_top15,kmeans_on_embeddings,cluster-derived
sbert_distilbert,google_news_ts,100,0.44873240000000003,0.7873796021244036,0.8637069401319865,0.802,42,185.224,ok,,ecrtm_hicot,15,palmetto_wikipedia,dieng_unique_words_top15,kmeans_on_embeddings,cluster-derived
sbert_distilbert,google_news_t,50,0.43066879999999996,0.5208858480374505,0.6827650002013779,0.9053333333333333,42,100.271,ok,,ecrtm_hicot,15,palmetto_wikipedia,dieng_unique_words_top15,kmeans_on_embeddings,cluster-derived
sbert_distilbert,google_news_t,100,0.4179654,0.6914836154123154,0.7630104174406782,0.7866666666666666,42,200.272,ok,,ecrtm_hicot,15,palmetto_wikipedia,dieng_unique_words_top15,kmeans_on_embeddings,cluster-derived
sbert_distilbert,google_news_s,50,0.44833019999999996,0.5689593086064098,0.728873312536523,0.8893333333333333,42,105.002,ok,,ecrtm_hicot,15,palmetto_wikipedia,dieng_unique_words_top15,kmeans_on_embeddings,cluster-derived
sbert_distilbert,google_news_s,100,0.4481627,0.7139899171768095,0.7926588113729683,0.768,42,184.733,ok,,ecrtm_hicot,15,palmetto_wikipedia,dieng_unique_words_top15,kmeans_on_embeddings,cluster-derived
sbert_distilbert,tweet,50,0.4081524,0.7285598705501618,0.7624204737010516,0.844,42,94.29,ok,,ecrtm_hicot,15,palmetto_wikipedia,dieng_unique_words_top15,kmeans_on_embeddings,cluster-derived
sbert_distilbert,tweet,100,,0.8414239482200647,0.7961295061071278,0.7626666666666667,42,167.213,ok,,ecrtm_hicot,15,palmetto_wikipedia,dieng_unique_words_top15,kmeans_on_embeddings,cluster-derived
sbert_distilbert,hicot_20ng,50,0.40903779999999995,0.45351798790194203,0.3594272552130143,0.3333333333333333,42,265.383,ok,,ecrtm_hicot,15,palmetto_wikipedia,dieng_unique_words_top15,kmeans_on_embeddings,cluster-derived
sbert_distilbert,hicot_20ng,100,0.41319409999999995,0.482489652976759,0.3562238986341866,0.328,42,434.267,ok,,ecrtm_hicot,15,palmetto_wikipedia,dieng_unique_words_top15,kmeans_on_embeddings,cluster-derived
sbert_distilbert,hicot_imdb,50,0.318417,0.70278,0.06321162634222416,0.10133333333333333,42,526.567,ok,,ecrtm_hicot,15,palmetto_wikipedia,dieng_unique_words_top15,kmeans_on_embeddings,cluster-derived
sbert_distilbert,hicot_imdb,100,,0.71738,0.058504598896597274,0.092,42,807.573,ok,,ecrtm_hicot,15,palmetto_wikipedia,dieng_unique_words_top15,kmeans_on_embeddings,cluster-derived
sbert_distilbert,hicot_agnews,50,0.450601,0.72512,0.26238570520265936,0.732,42,144.221,ok,,ecrtm_hicot,15,palmetto_wikipedia,dieng_unique_words_top15,kmeans_on_embeddings,cluster-derived
sbert_distilbert,hicot_agnews,100,0.4486808,0.74384,0.24390680997712863,0.6806666666666666,42,214.264,ok,,ecrtm_hicot,15,palmetto_wikipedia,dieng_unique_words_top15,kmeans_on_embeddings,cluster-derived
sbert_distilbert,hicot_search_snippets,50,0.4349552,0.7131120871970067,0.36799554237038534,0.8013333333333333,42,106.693,ok,,ecrtm_hicot,15,palmetto_wikipedia,dieng_unique_words_top15,kmeans_on_embeddings,cluster-derived
sbert_distilbert,hicot_search_snippets,100,0.4404687,0.7517488205628762,0.36655655031082723,0.7093333333333334,42,180.195,ok,,ecrtm_hicot,15,palmetto_wikipedia,dieng_unique_words_top15,kmeans_on_embeddings,cluster-derived
sbert_distilbert,hicot_google_news,50,0.422232,0.5240039931028224,0.6984601250828884,0.8866666666666667,42,102.337,ok,,ecrtm_hicot,15,palmetto_wikipedia,dieng_unique_words_top15,kmeans_on_embeddings,cluster-derived
sbert_distilbert,hicot_google_news,100,0.4136923,0.6988837462564661,0.7807571885178641,0.7926666666666666,42,193.268,ok,,ecrtm_hicot,15,palmetto_wikipedia,dieng_unique_words_top15,kmeans_on_embeddings,cluster-derived
sbert_minilm,imdb,50,0.4527564,0.6536,0.03576117653646202,0.036,42,164.318,ok,,ecrtm_hicot,15,palmetto_wikipedia,dieng_unique_words_top15,kmeans_on_embeddings,cluster-derived
sbert_minilm,imdb,100,0.4583889,0.67312,0.035913600680511595,0.030666666666666665,42,211.579,ok,,ecrtm_hicot,15,palmetto_wikipedia,dieng_unique_words_top15,kmeans_on_embeddings,cluster-derived
sbert_msmpnet,20ng,50,,,,,42,8.176,error,"401 Client Error. (Request ID: Root=1-6aa6eff0-44a8bac9026a27b741cc737f;b6acc64b-f1e1-445b-bc31-da0981d53f51)

Repository Not Found for url: https://huggingface.co/sentence-transformers/msmarco-mpnet-base-v4/resolve/main/modules.json.
Please make sure you specified the correct `repo_id` and `repo_type`.
If you are trying to access a private or gated repo, make sure you are authenticated and your token has the required permissions.
For more details, see https://huggingface.co/docs/huggingface_hub/authentication
Invalid username or password.
httpx.HTTPStatusError: Client error '401 Unauthorized' for url 'https://huggingface.co/sentence-transformers/msmarco-mpnet-base-v4/resolve/main/modules.json'
For more information check: https://developer.mozilla.org/en-US/docs/Web/HTTP/Status/401

The above exception was the direct cause of the following exception:

Traceback (most recent call last):
  File ""/raid/brunoguilherme/DeepGenerativeTopicCluster/src/vaebm_benchmark/experiment/runner.py"", line 364, in run_single
    model.fit(documents)
  File ""/raid/brunoguilherme/DeepGenerativeTopicCluster/src/vaebm_benchmark/models/sbert_kmeans_adapter.py"", line 79, in fit
    self._encoder = SentenceTransformer(self.embedder_name)
                    ^^^^^^^^^^^^^^^^^^^^^^^^^^^^^^^^^^^^^^^
  File ""/raid/brunoguilherme/venvs/dgtc/lib/python3.12/site-packages/sentence_transformers/util/decorators.py"", line 46, in wrapper
    return func(*args, **kwargs)
           ^^^^^^^^^^^^^^^^^^^^^
huggingface_hub.errors.RepositoryNotFoundError: 401 Client Error. (Request ID: Root=1-6aa6eff0-44a8bac9026a27b741cc737f;b6acc64b-f1e1-445b-bc31-da0981d53f51)

Repository Not Found for url: https://huggingface.co/sentence-transformers/msmarco-mpnet-base-v4/resolve/main/modules.json.
Please make sure you specified the correct `repo_id` and `repo_type`.
If you are trying to access a private or gated repo, make sure you are authenticated and your token has the required permissions.
For more details, see https://huggingface.co/docs/huggingface_hub/authentication
Invalid username or password.
",ecrtm_hicot,15,palmetto_wikipedia,dieng_unique_words_top15,,
sbert_msmpnet,20ng,50,,,,,42,7.808,error,"401 Client Error. (Request ID: Root=1-6aa6f00e-0d36d22f3b83418820930ac9;64f93fb8-bdfa-49a7-84dd-ae405df572e4)

Repository Not Found for url: https://huggingface.co/sentence-transformers/msmarco-mpnet-base-v4/resolve/main/modules.json.
Please make sure you specified the correct `repo_id` and `repo_type`.
If you are trying to access a private or gated repo, make sure you are authenticated and your token has the required permissions.
For more details, see https://huggingface.co/docs/huggingface_hub/authentication
Invalid username or password.
httpx.HTTPStatusError: Client error '401 Unauthorized' for url 'https://huggingface.co/sentence-transformers/msmarco-mpnet-base-v4/resolve/main/modules.json'
For more information check: https://developer.mozilla.org/en-US/docs/Web/HTTP/Status/401

The above exception was the direct cause of the following exception:

Traceback (most recent call last):
  File ""/raid/brunoguilherme/DeepGenerativeTopicCluster/src/vaebm_benchmark/experiment/runner.py"", line 364, in run_single
    model.fit(documents)
  File ""/raid/brunoguilherme/DeepGenerativeTopicCluster/src/vaebm_benchmark/models/sbert_kmeans_adapter.py"", line 79, in fit
    self._encoder = SentenceTransformer(self.embedder_name)
                    ^^^^^^^^^^^^^^^^^^^^^^^^^^^^^^^^^^^^^^^
  File ""/raid/brunoguilherme/venvs/dgtc/lib/python3.12/site-packages/sentence_transformers/util/decorators.py"", line 46, in wrapper
    return func(*args, **kwargs)
           ^^^^^^^^^^^^^^^^^^^^^
huggingface_hub.errors.RepositoryNotFoundError: 401 Client Error. (Request ID: Root=1-6aa6f00e-0d36d22f3b83418820930ac9;64f93fb8-bdfa-49a7-84dd-ae405df572e4)

Repository Not Found for url: https://huggingface.co/sentence-transformers/msmarco-mpnet-base-v4/resolve/main/modules.json.
Please make sure you specified the correct `repo_id` and `repo_type`.
If you are trying to access a private or gated repo, make sure you are authenticated and your token has the required permissions.
For more details, see https://huggingface.co/docs/huggingface_hub/authentication
Invalid username or password.
",ecrtm_hicot,15,palmetto_wikipedia,dieng_unique_words_top15,,
sbert_msmpnet,20ng,50,,,,,42,8.712,error,"401 Client Error. (Request ID: Root=1-6aa6f02c-59cf66222111059a29e2cf84;1f1114b2-4e70-4300-8fde-862b338211da)

Repository Not Found for url: https://huggingface.co/sentence-transformers/msmarco-mpnet-base-v4/resolve/main/modules.json.
Please make sure you specified the correct `repo_id` and `repo_type`.
If you are trying to access a private or gated repo, make sure you are authenticated and your token has the required permissions.
For more details, see https://huggingface.co/docs/huggingface_hub/authentication
Invalid username or password.
httpx.HTTPStatusError: Client error '401 Unauthorized' for url 'https://huggingface.co/sentence-transformers/msmarco-mpnet-base-v4/resolve/main/modules.json'
For more information check: https://developer.mozilla.org/en-US/docs/Web/HTTP/Status/401

The above exception was the direct cause of the following exception:

Traceback (most recent call last):
  File ""/raid/brunoguilherme/DeepGenerativeTopicCluster/src/vaebm_benchmark/experiment/runner.py"", line 364, in run_single
    model.fit(documents)
  File ""/raid/brunoguilherme/DeepGenerativeTopicCluster/src/vaebm_benchmark/models/sbert_kmeans_adapter.py"", line 79, in fit
    self._encoder = SentenceTransformer(self.embedder_name)
                    ^^^^^^^^^^^^^^^^^^^^^^^^^^^^^^^^^^^^^^^
  File ""/raid/brunoguilherme/venvs/dgtc/lib/python3.12/site-packages/sentence_transformers/util/decorators.py"", line 46, in wrapper
    return func(*args, **kwargs)
           ^^^^^^^^^^^^^^^^^^^^^
huggingface_hub.errors.RepositoryNotFoundError: 401 Client Error. (Request ID: Root=1-6aa6f02c-59cf66222111059a29e2cf84;1f1114b2-4e70-4300-8fde-862b338211da)

Repository Not Found for url: https://huggingface.co/sentence-transformers/msmarco-mpnet-base-v4/resolve/main/modules.json.
Please make sure you specified the correct `repo_id` and `repo_type`.
If you are trying to access a private or gated repo, make sure you are authenticated and your token has the required permissions.
For more details, see https://huggingface.co/docs/huggingface_hub/authentication
Invalid username or password.
",ecrtm_hicot,15,palmetto_wikipedia,dieng_unique_words_top15,,
sbert_msmpnet,20ng,100,,,,,42,7.538,error,"401 Client Error. (Request ID: Root=1-6aa6f035-06dd811f77448b09411c1351;b86134ba-6358-48b6-a3e3-8f98aafd605d)

Repository Not Found for url: https://huggingface.co/sentence-transformers/msmarco-mpnet-base-v4/resolve/main/modules.json.
Please make sure you specified the correct `repo_id` and `repo_type`.
If you are trying to access a private or gated repo, make sure you are authenticated and your token has the required permissions.
For more details, see https://huggingface.co/docs/huggingface_hub/authentication
Invalid username or password.
httpx.HTTPStatusError: Client error '401 Unauthorized' for url 'https://huggingface.co/sentence-transformers/msmarco-mpnet-base-v4/resolve/main/modules.json'
For more information check: https://developer.mozilla.org/en-US/docs/Web/HTTP/Status/401

The above exception was the direct cause of the following exception:

Traceback (most recent call last):
  File ""/raid/brunoguilherme/DeepGenerativeTopicCluster/src/vaebm_benchmark/experiment/runner.py"", line 364, in run_single
    model.fit(documents)
  File ""/raid/brunoguilherme/DeepGenerativeTopicCluster/src/vaebm_benchmark/models/sbert_kmeans_adapter.py"", line 79, in fit
    self._encoder = SentenceTransformer(self.embedder_name)
                    ^^^^^^^^^^^^^^^^^^^^^^^^^^^^^^^^^^^^^^^
  File ""/raid/brunoguilherme/venvs/dgtc/lib/python3.12/site-packages/sentence_transformers/util/decorators.py"", line 46, in wrapper
    return func(*args, **kwargs)
           ^^^^^^^^^^^^^^^^^^^^^
huggingface_hub.errors.RepositoryNotFoundError: 401 Client Error. (Request ID: Root=1-6aa6f035-06dd811f77448b09411c1351;b86134ba-6358-48b6-a3e3-8f98aafd605d)

Repository Not Found for url: https://huggingface.co/sentence-transformers/msmarco-mpnet-base-v4/resolve/main/modules.json.
Please make sure you specified the correct `repo_id` and `repo_type`.
If you are trying to access a private or gated repo, make sure you are authenticated and your token has the required permissions.
For more details, see https://huggingface.co/docs/huggingface_hub/authentication
Invalid username or password.
",ecrtm_hicot,15,palmetto_wikipedia,dieng_unique_words_top15,,
sbert_msmpnet,20ng,100,,,,,42,7.1,error,"401 Client Error. (Request ID: Root=1-6aa6f052-4e09176d4ebb5b1812424655;92f57b22-2d5a-4f14-a28c-4b96139be060)

Repository Not Found for url: https://huggingface.co/sentence-transformers/msmarco-mpnet-base-v4/resolve/main/modules.json.
Please make sure you specified the correct `repo_id` and `repo_type`.
If you are trying to access a private or gated repo, make sure you are authenticated and your token has the required permissions.
For more details, see https://huggingface.co/docs/huggingface_hub/authentication
Invalid username or password.
httpx.HTTPStatusError: Client error '401 Unauthorized' for url 'https://huggingface.co/sentence-transformers/msmarco-mpnet-base-v4/resolve/main/modules.json'
For more information check: https://developer.mozilla.org/en-US/docs/Web/HTTP/Status/401

The above exception was the direct cause of the following exception:

Traceback (most recent call last):
  File ""/raid/brunoguilherme/DeepGenerativeTopicCluster/src/vaebm_benchmark/experiment/runner.py"", line 364, in run_single
    model.fit(documents)
  File ""/raid/brunoguilherme/DeepGenerativeTopicCluster/src/vaebm_benchmark/models/sbert_kmeans_adapter.py"", line 79, in fit
    self._encoder = SentenceTransformer(self.embedder_name)
                    ^^^^^^^^^^^^^^^^^^^^^^^^^^^^^^^^^^^^^^^
  File ""/raid/brunoguilherme/venvs/dgtc/lib/python3.12/site-packages/sentence_transformers/util/decorators.py"", line 46, in wrapper
    return func(*args, **kwargs)
           ^^^^^^^^^^^^^^^^^^^^^
huggingface_hub.errors.RepositoryNotFoundError: 401 Client Error. (Request ID: Root=1-6aa6f052-4e09176d4ebb5b1812424655;92f57b22-2d5a-4f14-a28c-4b96139be060)

Repository Not Found for url: https://huggingface.co/sentence-transformers/msmarco-mpnet-base-v4/resolve/main/modules.json.
Please make sure you specified the correct `repo_id` and `repo_type`.
If you are trying to access a private or gated repo, make sure you are authenticated and your token has the required permissions.
For more details, see https://huggingface.co/docs/huggingface_hub/authentication
Invalid username or password.
",ecrtm_hicot,15,palmetto_wikipedia,dieng_unique_words_top15,,
sbert_msmpnet,20ng,100,,,,,42,7.809,error,"401 Client Error. (Request ID: Root=1-6aa6f070-07dd26b903877efa0cb3c4a4;df4794f4-db0a-403a-a078-76df2dcc1a89)

Repository Not Found for url: https://huggingface.co/sentence-transformers/msmarco-mpnet-base-v4/resolve/main/modules.json.
Please make sure you specified the correct `repo_id` and `repo_type`.
If you are trying to access a private or gated repo, make sure you are authenticated and your token has the required permissions.
For more details, see https://huggingface.co/docs/huggingface_hub/authentication
Invalid username or password.
httpx.HTTPStatusError: Client error '401 Unauthorized' for url 'https://huggingface.co/sentence-transformers/msmarco-mpnet-base-v4/resolve/main/modules.json'
For more information check: https://developer.mozilla.org/en-US/docs/Web/HTTP/Status/401

The above exception was the direct cause of the following exception:

Traceback (most recent call last):
  File ""/raid/brunoguilherme/DeepGenerativeTopicCluster/src/vaebm_benchmark/experiment/runner.py"", line 364, in run_single
    model.fit(documents)
  File ""/raid/brunoguilherme/DeepGenerativeTopicCluster/src/vaebm_benchmark/models/sbert_kmeans_adapter.py"", line 79, in fit
    self._encoder = SentenceTransformer(self.embedder_name)
                    ^^^^^^^^^^^^^^^^^^^^^^^^^^^^^^^^^^^^^^^
  File ""/raid/brunoguilherme/venvs/dgtc/lib/python3.12/site-packages/sentence_transformers/util/decorators.py"", line 46, in wrapper
    return func(*args, **kwargs)
           ^^^^^^^^^^^^^^^^^^^^^
huggingface_hub.errors.RepositoryNotFoundError: 401 Client Error. (Request ID: Root=1-6aa6f070-07dd26b903877efa0cb3c4a4;df4794f4-db0a-403a-a078-76df2dcc1a89)

Repository Not Found for url: https://huggingface.co/sentence-transformers/msmarco-mpnet-base-v4/resolve/main/modules.json.
Please make sure you specified the correct `repo_id` and `repo_type`.
If you are trying to access a private or gated repo, make sure you are authenticated and your token has the required permissions.
For more details, see https://huggingface.co/docs/huggingface_hub/authentication
Invalid username or password.
",ecrtm_hicot,15,palmetto_wikipedia,dieng_unique_words_top15,,
sbert_msmpnet,imdb,50,,,,,42,6.429,error,"401 Client Error. (Request ID: Root=1-6aa6f078-5d27441c0a7c122947042adb;0f630bca-e64b-44b1-a1db-ee9828175410)

Repository Not Found for url: https://huggingface.co/sentence-transformers/msmarco-mpnet-base-v4/resolve/main/modules.json.
Please make sure you specified the correct `repo_id` and `repo_type`.
If you are trying to access a private or gated repo, make sure you are authenticated and your token has the required permissions.
For more details, see https://huggingface.co/docs/huggingface_hub/authentication
Invalid username or password.
httpx.HTTPStatusError: Client error '401 Unauthorized' for url 'https://huggingface.co/sentence-transformers/msmarco-mpnet-base-v4/resolve/main/modules.json'
For more information check: https://developer.mozilla.org/en-US/docs/Web/HTTP/Status/401

The above exception was the direct cause of the following exception:

Traceback (most recent call last):
  File ""/raid/brunoguilherme/DeepGenerativeTopicCluster/src/vaebm_benchmark/experiment/runner.py"", line 364, in run_single
    model.fit(documents)
  File ""/raid/brunoguilherme/DeepGenerativeTopicCluster/src/vaebm_benchmark/models/sbert_kmeans_adapter.py"", line 79, in fit
    self._encoder = SentenceTransformer(self.embedder_name)
                    ^^^^^^^^^^^^^^^^^^^^^^^^^^^^^^^^^^^^^^^
  File ""/raid/brunoguilherme/venvs/dgtc/lib/python3.12/site-packages/sentence_transformers/util/decorators.py"", line 46, in wrapper
    return func(*args, **kwargs)
           ^^^^^^^^^^^^^^^^^^^^^
huggingface_hub.errors.RepositoryNotFoundError: 401 Client Error. (Request ID: Root=1-6aa6f078-5d27441c0a7c122947042adb;0f630bca-e64b-44b1-a1db-ee9828175410)

Repository Not Found for url: https://huggingface.co/sentence-transformers/msmarco-mpnet-base-v4/resolve/main/modules.json.
Please make sure you specified the correct `repo_id` and `repo_type`.
If you are trying to access a private or gated repo, make sure you are authenticated and your token has the required permissions.
For more details, see https://huggingface.co/docs/huggingface_hub/authentication
Invalid username or password.
",ecrtm_hicot,15,palmetto_wikipedia,dieng_unique_words_top15,,
sbert_msmpnet,imdb,50,,,,,42,8.809,error,"401 Client Error. (Request ID: Root=1-6aa6f096-77b4dbb30412baee74a89a13;82c0477d-bbf6-4481-adc8-ebce4ad1db02)

Repository Not Found for url: https://huggingface.co/sentence-transformers/msmarco-mpnet-base-v4/resolve/main/modules.json.
Please make sure you specified the correct `repo_id` and `repo_type`.
If you are trying to access a private or gated repo, make sure you are authenticated and your token has the required permissions.
For more details, see https://huggingface.co/docs/huggingface_hub/authentication
Invalid username or password.
httpx.HTTPStatusError: Client error '401 Unauthorized' for url 'https://huggingface.co/sentence-transformers/msmarco-mpnet-base-v4/resolve/main/modules.json'
For more information check: https://developer.mozilla.org/en-US/docs/Web/HTTP/Status/401

The above exception was the direct cause of the following exception:

Traceback (most recent call last):
  File ""/raid/brunoguilherme/DeepGenerativeTopicCluster/src/vaebm_benchmark/experiment/runner.py"", line 364, in run_single
    model.fit(documents)
  File ""/raid/brunoguilherme/DeepGenerativeTopicCluster/src/vaebm_benchmark/models/sbert_kmeans_adapter.py"", line 79, in fit
    self._encoder = SentenceTransformer(self.embedder_name)
                    ^^^^^^^^^^^^^^^^^^^^^^^^^^^^^^^^^^^^^^^
  File ""/raid/brunoguilherme/venvs/dgtc/lib/python3.12/site-packages/sentence_transformers/util/decorators.py"", line 46, in wrapper
    return func(*args, **kwargs)
           ^^^^^^^^^^^^^^^^^^^^^
huggingface_hub.errors.RepositoryNotFoundError: 401 Client Error. (Request ID: Root=1-6aa6f096-77b4dbb30412baee74a89a13;82c0477d-bbf6-4481-adc8-ebce4ad1db02)

Repository Not Found for url: https://huggingface.co/sentence-transformers/msmarco-mpnet-base-v4/resolve/main/modules.json.
Please make sure you specified the correct `repo_id` and `repo_type`.
If you are trying to access a private or gated repo, make sure you are authenticated and your token has the required permissions.
For more details, see https://huggingface.co/docs/huggingface_hub/authentication
Invalid username or password.
",ecrtm_hicot,15,palmetto_wikipedia,dieng_unique_words_top15,,
sbert_msmpnet,imdb,50,,,,,42,7.872,error,"401 Client Error. (Request ID: Root=1-6aa6f0b4-69bfa67e1587b3f5126a77d6;1e23fd72-f723-4db8-a6f7-67fe2186f5d5)

Repository Not Found for url: https://huggingface.co/sentence-transformers/msmarco-mpnet-base-v4/resolve/main/modules.json.
Please make sure you specified the correct `repo_id` and `repo_type`.
If you are trying to access a private or gated repo, make sure you are authenticated and your token has the required permissions.
For more details, see https://huggingface.co/docs/huggingface_hub/authentication
Invalid username or password.
httpx.HTTPStatusError: Client error '401 Unauthorized' for url 'https://huggingface.co/sentence-transformers/msmarco-mpnet-base-v4/resolve/main/modules.json'
For more information check: https://developer.mozilla.org/en-US/docs/Web/HTTP/Status/401

The above exception was the direct cause of the following exception:

Traceback (most recent call last):
  File ""/raid/brunoguilherme/DeepGenerativeTopicCluster/src/vaebm_benchmark/experiment/runner.py"", line 364, in run_single
    model.fit(documents)
  File ""/raid/brunoguilherme/DeepGenerativeTopicCluster/src/vaebm_benchmark/models/sbert_kmeans_adapter.py"", line 79, in fit
    self._encoder = SentenceTransformer(self.embedder_name)
                    ^^^^^^^^^^^^^^^^^^^^^^^^^^^^^^^^^^^^^^^
  File ""/raid/brunoguilherme/venvs/dgtc/lib/python3.12/site-packages/sentence_transformers/util/decorators.py"", line 46, in wrapper
    return func(*args, **kwargs)
           ^^^^^^^^^^^^^^^^^^^^^
huggingface_hub.errors.RepositoryNotFoundError: 401 Client Error. (Request ID: Root=1-6aa6f0b4-69bfa67e1587b3f5126a77d6;1e23fd72-f723-4db8-a6f7-67fe2186f5d5)

Repository Not Found for url: https://huggingface.co/sentence-transformers/msmarco-mpnet-base-v4/resolve/main/modules.json.
Please make sure you specified the correct `repo_id` and `repo_type`.
If you are trying to access a private or gated repo, make sure you are authenticated and your token has the required permissions.
For more details, see https://huggingface.co/docs/huggingface_hub/authentication
Invalid username or password.
",ecrtm_hicot,15,palmetto_wikipedia,dieng_unique_words_top15,,
sbert_msmpnet,imdb,100,,,,,42,6.723,error,"401 Client Error. (Request ID: Root=1-6aa6f0bc-5194de5778f8d8d94a2ca27e;2538a8fc-4f71-4818-9c4e-c5ccd788a7e4)

Repository Not Found for url: https://huggingface.co/sentence-transformers/msmarco-mpnet-base-v4/resolve/main/modules.json.
Please make sure you specified the correct `repo_id` and `repo_type`.
If you are trying to access a private or gated repo, make sure you are authenticated and your token has the required permissions.
For more details, see https://huggingface.co/docs/huggingface_hub/authentication
Invalid username or password.
httpx.HTTPStatusError: Client error '401 Unauthorized' for url 'https://huggingface.co/sentence-transformers/msmarco-mpnet-base-v4/resolve/main/modules.json'
For more information check: https://developer.mozilla.org/en-US/docs/Web/HTTP/Status/401

The above exception was the direct cause of the following exception:

Traceback (most recent call last):
  File ""/raid/brunoguilherme/DeepGenerativeTopicCluster/src/vaebm_benchmark/experiment/runner.py"", line 364, in run_single
    model.fit(documents)
  File ""/raid/brunoguilherme/DeepGenerativeTopicCluster/src/vaebm_benchmark/models/sbert_kmeans_adapter.py"", line 79, in fit
    self._encoder = SentenceTransformer(self.embedder_name)
                    ^^^^^^^^^^^^^^^^^^^^^^^^^^^^^^^^^^^^^^^
  File ""/raid/brunoguilherme/venvs/dgtc/lib/python3.12/site-packages/sentence_transformers/util/decorators.py"", line 46, in wrapper
    return func(*args, **kwargs)
           ^^^^^^^^^^^^^^^^^^^^^
huggingface_hub.errors.RepositoryNotFoundError: 401 Client Error. (Request ID: Root=1-6aa6f0bc-5194de5778f8d8d94a2ca27e;2538a8fc-4f71-4818-9c4e-c5ccd788a7e4)

Repository Not Found for url: https://huggingface.co/sentence-transformers/msmarco-mpnet-base-v4/resolve/main/modules.json.
Please make sure you specified the correct `repo_id` and `repo_type`.
If you are trying to access a private or gated repo, make sure you are authenticated and your token has the required permissions.
For more details, see https://huggingface.co/docs/huggingface_hub/authentication
Invalid username or password.
",ecrtm_hicot,15,palmetto_wikipedia,dieng_unique_words_top15,,
sbert_msmpnet,imdb,100,,,,,42,9.347,error,"401 Client Error. (Request ID: Root=1-6aa6f0db-43fe7a9f73840e653253ac9b;f89f1101-ead7-42f2-875a-967c001d8db7)

Repository Not Found for url: https://huggingface.co/sentence-transformers/msmarco-mpnet-base-v4/resolve/main/modules.json.
Please make sure you specified the correct `repo_id` and `repo_type`.
If you are trying to access a private or gated repo, make sure you are authenticated and your token has the required permissions.
For more details, see https://huggingface.co/docs/huggingface_hub/authentication
Invalid username or password.
httpx.HTTPStatusError: Client error '401 Unauthorized' for url 'https://huggingface.co/sentence-transformers/msmarco-mpnet-base-v4/resolve/main/modules.json'
For more information check: https://developer.mozilla.org/en-US/docs/Web/HTTP/Status/401

The above exception was the direct cause of the following exception:

Traceback (most recent call last):
  File ""/raid/brunoguilherme/DeepGenerativeTopicCluster/src/vaebm_benchmark/experiment/runner.py"", line 364, in run_single
    model.fit(documents)
  File ""/raid/brunoguilherme/DeepGenerativeTopicCluster/src/vaebm_benchmark/models/sbert_kmeans_adapter.py"", line 79, in fit
    self._encoder = SentenceTransformer(self.embedder_name)
                    ^^^^^^^^^^^^^^^^^^^^^^^^^^^^^^^^^^^^^^^
  File ""/raid/brunoguilherme/venvs/dgtc/lib/python3.12/site-packages/sentence_transformers/util/decorators.py"", line 46, in wrapper
    return func(*args, **kwargs)
           ^^^^^^^^^^^^^^^^^^^^^
huggingface_hub.errors.RepositoryNotFoundError: 401 Client Error. (Request ID: Root=1-6aa6f0db-43fe7a9f73840e653253ac9b;f89f1101-ead7-42f2-875a-967c001d8db7)

Repository Not Found for url: https://huggingface.co/sentence-transformers/msmarco-mpnet-base-v4/resolve/main/modules.json.
Please make sure you specified the correct `repo_id` and `repo_type`.
If you are trying to access a private or gated repo, make sure you are authenticated and your token has the required permissions.
For more details, see https://huggingface.co/docs/huggingface_hub/authentication
Invalid username or password.
",ecrtm_hicot,15,palmetto_wikipedia,dieng_unique_words_top15,,
sbert_msmpnet,imdb,100,,,,,42,9.455,error,"401 Client Error. (Request ID: Root=1-6aa6f0fb-7801d210212203913a8fa1d3;9b274307-0dd9-4f7c-b521-3bdd7bd8c174)

Repository Not Found for url: https://huggingface.co/sentence-transformers/msmarco-mpnet-base-v4/resolve/main/modules.json.
Please make sure you specified the correct `repo_id` and `repo_type`.
If you are trying to access a private or gated repo, make sure you are authenticated and your token has the required permissions.
For more details, see https://huggingface.co/docs/huggingface_hub/authentication
Invalid username or password.
httpx.HTTPStatusError: Client error '401 Unauthorized' for url 'https://huggingface.co/sentence-transformers/msmarco-mpnet-base-v4/resolve/main/modules.json'
For more information check: https://developer.mozilla.org/en-US/docs/Web/HTTP/Status/401

The above exception was the direct cause of the following exception:

Traceback (most recent call last):
  File ""/raid/brunoguilherme/DeepGenerativeTopicCluster/src/vaebm_benchmark/experiment/runner.py"", line 364, in run_single
    model.fit(documents)
  File ""/raid/brunoguilherme/DeepGenerativeTopicCluster/src/vaebm_benchmark/models/sbert_kmeans_adapter.py"", line 79, in fit
    self._encoder = SentenceTransformer(self.embedder_name)
                    ^^^^^^^^^^^^^^^^^^^^^^^^^^^^^^^^^^^^^^^
  File ""/raid/brunoguilherme/venvs/dgtc/lib/python3.12/site-packages/sentence_transformers/util/decorators.py"", line 46, in wrapper
    return func(*args, **kwargs)
           ^^^^^^^^^^^^^^^^^^^^^
huggingface_hub.errors.RepositoryNotFoundError: 401 Client Error. (Request ID: Root=1-6aa6f0fb-7801d210212203913a8fa1d3;9b274307-0dd9-4f7c-b521-3bdd7bd8c174)

Repository Not Found for url: https://huggingface.co/sentence-transformers/msmarco-mpnet-base-v4/resolve/main/modules.json.
Please make sure you specified the correct `repo_id` and `repo_type`.
If you are trying to access a private or gated repo, make sure you are authenticated and your token has the required permissions.
For more details, see https://huggingface.co/docs/huggingface_hub/authentication
Invalid username or password.
",ecrtm_hicot,15,palmetto_wikipedia,dieng_unique_words_top15,,
sbert_msmpnet,agnews_short,50,,,,,42,6.27,error,"401 Client Error. (Request ID: Root=1-6aa6f103-3c7efcd9202a43d41a6ad9b2;247ed9fa-7d82-42e4-8c58-e36309fb0ad7)

Repository Not Found for url: https://huggingface.co/sentence-transformers/msmarco-mpnet-base-v4/resolve/main/modules.json.
Please make sure you specified the correct `repo_id` and `repo_type`.
If you are trying to access a private or gated repo, make sure you are authenticated and your token has the required permissions.
For more details, see https://huggingface.co/docs/huggingface_hub/authentication
Invalid username or password.
httpx.HTTPStatusError: Client error '401 Unauthorized' for url 'https://huggingface.co/sentence-transformers/msmarco-mpnet-base-v4/resolve/main/modules.json'
For more information check: https://developer.mozilla.org/en-US/docs/Web/HTTP/Status/401

The above exception was the direct cause of the following exception:

Traceback (most recent call last):
  File ""/raid/brunoguilherme/DeepGenerativeTopicCluster/src/vaebm_benchmark/experiment/runner.py"", line 364, in run_single
    model.fit(documents)
  File ""/raid/brunoguilherme/DeepGenerativeTopicCluster/src/vaebm_benchmark/models/sbert_kmeans_adapter.py"", line 79, in fit
    self._encoder = SentenceTransformer(self.embedder_name)
                    ^^^^^^^^^^^^^^^^^^^^^^^^^^^^^^^^^^^^^^^
  File ""/raid/brunoguilherme/venvs/dgtc/lib/python3.12/site-packages/sentence_transformers/util/decorators.py"", line 46, in wrapper
    return func(*args, **kwargs)
           ^^^^^^^^^^^^^^^^^^^^^
huggingface_hub.errors.RepositoryNotFoundError: 401 Client Error. (Request ID: Root=1-6aa6f103-3c7efcd9202a43d41a6ad9b2;247ed9fa-7d82-42e4-8c58-e36309fb0ad7)

Repository Not Found for url: https://huggingface.co/sentence-transformers/msmarco-mpnet-base-v4/resolve/main/modules.json.
Please make sure you specified the correct `repo_id` and `repo_type`.
If you are trying to access a private or gated repo, make sure you are authenticated and your token has the required permissions.
For more details, see https://huggingface.co/docs/huggingface_hub/authentication
Invalid username or password.
",ecrtm_hicot,15,palmetto_wikipedia,dieng_unique_words_top15,,
sbert_msmpnet,agnews_short,50,,,,,42,7.753,error,"401 Client Error. (Request ID: Root=1-6aa6f120-08195c782883e19953fbf060;1d4f093a-de63-4416-9272-b5f1dd96f5fc)

Repository Not Found for url: https://huggingface.co/sentence-transformers/msmarco-mpnet-base-v4/resolve/main/modules.json.
Please make sure you specified the correct `repo_id` and `repo_type`.
If you are trying to access a private or gated repo, make sure you are authenticated and your token has the required permissions.
For more details, see https://huggingface.co/docs/huggingface_hub/authentication
Invalid username or password.
httpx.HTTPStatusError: Client error '401 Unauthorized' for url 'https://huggingface.co/sentence-transformers/msmarco-mpnet-base-v4/resolve/main/modules.json'
For more information check: https://developer.mozilla.org/en-US/docs/Web/HTTP/Status/401

The above exception was the direct cause of the following exception:

Traceback (most recent call last):
  File ""/raid/brunoguilherme/DeepGenerativeTopicCluster/src/vaebm_benchmark/experiment/runner.py"", line 364, in run_single
    model.fit(documents)
  File ""/raid/brunoguilherme/DeepGenerativeTopicCluster/src/vaebm_benchmark/models/sbert_kmeans_adapter.py"", line 79, in fit
    self._encoder = SentenceTransformer(self.embedder_name)
                    ^^^^^^^^^^^^^^^^^^^^^^^^^^^^^^^^^^^^^^^
  File ""/raid/brunoguilherme/venvs/dgtc/lib/python3.12/site-packages/sentence_transformers/util/decorators.py"", line 46, in wrapper
    return func(*args, **kwargs)
           ^^^^^^^^^^^^^^^^^^^^^
huggingface_hub.errors.RepositoryNotFoundError: 401 Client Error. (Request ID: Root=1-6aa6f120-08195c782883e19953fbf060;1d4f093a-de63-4416-9272-b5f1dd96f5fc)

Repository Not Found for url: https://huggingface.co/sentence-transformers/msmarco-mpnet-base-v4/resolve/main/modules.json.
Please make sure you specified the correct `repo_id` and `repo_type`.
If you are trying to access a private or gated repo, make sure you are authenticated and your token has the required permissions.
For more details, see https://huggingface.co/docs/huggingface_hub/authentication
Invalid username or password.
",ecrtm_hicot,15,palmetto_wikipedia,dieng_unique_words_top15,,
sbert_msmpnet,agnews_short,50,,,,,42,8.022,error,"401 Client Error. (Request ID: Root=1-6aa6f13e-3dfa51593c6629090c08ed3b;65fce7e4-65ee-4c79-b1f6-56c979921be6)

Repository Not Found for url: https://huggingface.co/sentence-transformers/msmarco-mpnet-base-v4/resolve/main/modules.json.
Please make sure you specified the correct `repo_id` and `repo_type`.
If you are trying to access a private or gated repo, make sure you are authenticated and your token has the required permissions.
For more details, see https://huggingface.co/docs/huggingface_hub/authentication
Invalid username or password.
httpx.HTTPStatusError: Client error '401 Unauthorized' for url 'https://huggingface.co/sentence-transformers/msmarco-mpnet-base-v4/resolve/main/modules.json'
For more information check: https://developer.mozilla.org/en-US/docs/Web/HTTP/Status/401

The above exception was the direct cause of the following exception:

Traceback (most recent call last):
  File ""/raid/brunoguilherme/DeepGenerativeTopicCluster/src/vaebm_benchmark/experiment/runner.py"", line 364, in run_single
    model.fit(documents)
  File ""/raid/brunoguilherme/DeepGenerativeTopicCluster/src/vaebm_benchmark/models/sbert_kmeans_adapter.py"", line 79, in fit
    self._encoder = SentenceTransformer(self.embedder_name)
                    ^^^^^^^^^^^^^^^^^^^^^^^^^^^^^^^^^^^^^^^
  File ""/raid/brunoguilherme/venvs/dgtc/lib/python3.12/site-packages/sentence_transformers/util/decorators.py"", line 46, in wrapper
    return func(*args, **kwargs)
           ^^^^^^^^^^^^^^^^^^^^^
huggingface_hub.errors.RepositoryNotFoundError: 401 Client Error. (Request ID: Root=1-6aa6f13e-3dfa51593c6629090c08ed3b;65fce7e4-65ee-4c79-b1f6-56c979921be6)

Repository Not Found for url: https://huggingface.co/sentence-transformers/msmarco-mpnet-base-v4/resolve/main/modules.json.
Please make sure you specified the correct `repo_id` and `repo_type`.
If you are trying to access a private or gated repo, make sure you are authenticated and your token has the required permissions.
For more details, see https://huggingface.co/docs/huggingface_hub/authentication
Invalid username or password.
",ecrtm_hicot,15,palmetto_wikipedia,dieng_unique_words_top15,,
sbert_msmpnet,agnews_short,100,,,,,42,7.194,error,"401 Client Error. (Request ID: Root=1-6aa6f147-7f4c6cd046d8e84167e1bd7f;acb8526d-2a4b-4cdf-9346-d53944485a1e)

Repository Not Found for url: https://huggingface.co/sentence-transformers/msmarco-mpnet-base-v4/resolve/main/modules.json.
Please make sure you specified the correct `repo_id` and `repo_type`.
If you are trying to access a private or gated repo, make sure you are authenticated and your token has the required permissions.
For more details, see https://huggingface.co/docs/huggingface_hub/authentication
Invalid username or password.
httpx.HTTPStatusError: Client error '401 Unauthorized' for url 'https://huggingface.co/sentence-transformers/msmarco-mpnet-base-v4/resolve/main/modules.json'
For more information check: https://developer.mozilla.org/en-US/docs/Web/HTTP/Status/401

The above exception was the direct cause of the following exception:

Traceback (most recent call last):
  File ""/raid/brunoguilherme/DeepGenerativeTopicCluster/src/vaebm_benchmark/experiment/runner.py"", line 364, in run_single
    model.fit(documents)
  File ""/raid/brunoguilherme/DeepGenerativeTopicCluster/src/vaebm_benchmark/models/sbert_kmeans_adapter.py"", line 79, in fit
    self._encoder = SentenceTransformer(self.embedder_name)
                    ^^^^^^^^^^^^^^^^^^^^^^^^^^^^^^^^^^^^^^^
  File ""/raid/brunoguilherme/venvs/dgtc/lib/python3.12/site-packages/sentence_transformers/util/decorators.py"", line 46, in wrapper
    return func(*args, **kwargs)
           ^^^^^^^^^^^^^^^^^^^^^
huggingface_hub.errors.RepositoryNotFoundError: 401 Client Error. (Request ID: Root=1-6aa6f147-7f4c6cd046d8e84167e1bd7f;acb8526d-2a4b-4cdf-9346-d53944485a1e)

Repository Not Found for url: https://huggingface.co/sentence-transformers/msmarco-mpnet-base-v4/resolve/main/modules.json.
Please make sure you specified the correct `repo_id` and `repo_type`.
If you are trying to access a private or gated repo, make sure you are authenticated and your token has the required permissions.
For more details, see https://huggingface.co/docs/huggingface_hub/authentication
Invalid username or password.
",ecrtm_hicot,15,palmetto_wikipedia,dieng_unique_words_top15,,
sbert_msmpnet,agnews_short,100,,,,,42,9.76,error,"401 Client Error. (Request ID: Root=1-6aa6f166-59dca60f0038bf9f268a7ccd;1ba85928-7a64-44e6-914a-b2a796a29c8f)

Repository Not Found for url: https://huggingface.co/sentence-transformers/msmarco-mpnet-base-v4/resolve/main/modules.json.
Please make sure you specified the correct `repo_id` and `repo_type`.
If you are trying to access a private or gated repo, make sure you are authenticated and your token has the required permissions.
For more details, see https://huggingface.co/docs/huggingface_hub/authentication
Invalid username or password.
httpx.HTTPStatusError: Client error '401 Unauthorized' for url 'https://huggingface.co/sentence-transformers/msmarco-mpnet-base-v4/resolve/main/modules.json'
For more information check: https://developer.mozilla.org/en-US/docs/Web/HTTP/Status/401

The above exception was the direct cause of the following exception:

Traceback (most recent call last):
  File ""/raid/brunoguilherme/DeepGenerativeTopicCluster/src/vaebm_benchmark/experiment/runner.py"", line 364, in run_single
    model.fit(documents)
  File ""/raid/brunoguilherme/DeepGenerativeTopicCluster/src/vaebm_benchmark/models/sbert_kmeans_adapter.py"", line 79, in fit
    self._encoder = SentenceTransformer(self.embedder_name)
                    ^^^^^^^^^^^^^^^^^^^^^^^^^^^^^^^^^^^^^^^
  File ""/raid/brunoguilherme/venvs/dgtc/lib/python3.12/site-packages/sentence_transformers/util/decorators.py"", line 46, in wrapper
    return func(*args, **kwargs)
           ^^^^^^^^^^^^^^^^^^^^^
huggingface_hub.errors.RepositoryNotFoundError: 401 Client Error. (Request ID: Root=1-6aa6f166-59dca60f0038bf9f268a7ccd;1ba85928-7a64-44e6-914a-b2a796a29c8f)

Repository Not Found for url: https://huggingface.co/sentence-transformers/msmarco-mpnet-base-v4/resolve/main/modules.json.
Please make sure you specified the correct `repo_id` and `repo_type`.
If you are trying to access a private or gated repo, make sure you are authenticated and your token has the required permissions.
For more details, see https://huggingface.co/docs/huggingface_hub/authentication
Invalid username or password.
",ecrtm_hicot,15,palmetto_wikipedia,dieng_unique_words_top15,,
sbert_msmpnet,agnews_short,100,,,,,42,6.575,error,"401 Client Error. (Request ID: Root=1-6aa6f182-1ab6bcc96ed9bef5114aa843;4bc8752f-accc-433d-9161-78e9fa40a148)

Repository Not Found for url: https://huggingface.co/sentence-transformers/msmarco-mpnet-base-v4/resolve/main/modules.json.
Please make sure you specified the correct `repo_id` and `repo_type`.
If you are trying to access a private or gated repo, make sure you are authenticated and your token has the required permissions.
For more details, see https://huggingface.co/docs/huggingface_hub/authentication
Invalid username or password.
httpx.HTTPStatusError: Client error '401 Unauthorized' for url 'https://huggingface.co/sentence-transformers/msmarco-mpnet-base-v4/resolve/main/modules.json'
For more information check: https://developer.mozilla.org/en-US/docs/Web/HTTP/Status/401

The above exception was the direct cause of the following exception:

Traceback (most recent call last):
  File ""/raid/brunoguilherme/DeepGenerativeTopicCluster/src/vaebm_benchmark/experiment/runner.py"", line 364, in run_single
    model.fit(documents)
  File ""/raid/brunoguilherme/DeepGenerativeTopicCluster/src/vaebm_benchmark/models/sbert_kmeans_adapter.py"", line 79, in fit
    self._encoder = SentenceTransformer(self.embedder_name)
                    ^^^^^^^^^^^^^^^^^^^^^^^^^^^^^^^^^^^^^^^
  File ""/raid/brunoguilherme/venvs/dgtc/lib/python3.12/site-packages/sentence_transformers/util/decorators.py"", line 46, in wrapper
    return func(*args, **kwargs)
           ^^^^^^^^^^^^^^^^^^^^^
huggingface_hub.errors.RepositoryNotFoundError: 401 Client Error. (Request ID: Root=1-6aa6f182-1ab6bcc96ed9bef5114aa843;4bc8752f-accc-433d-9161-78e9fa40a148)

Repository Not Found for url: https://huggingface.co/sentence-transformers/msmarco-mpnet-base-v4/resolve/main/modules.json.
Please make sure you specified the correct `repo_id` and `repo_type`.
If you are trying to access a private or gated repo, make sure you are authenticated and your token has the required permissions.
For more details, see https://huggingface.co/docs/huggingface_hub/authentication
Invalid username or password.
",ecrtm_hicot,15,palmetto_wikipedia,dieng_unique_words_top15,,
sbert_msmpnet,search_snippets,50,,,,,42,6.319,error,"401 Client Error. (Request ID: Root=1-6aa6f18a-543dd3c33083ffab152769a2;61aaef83-119f-4904-afcf-f90a71086519)

Repository Not Found for url: https://huggingface.co/sentence-transformers/msmarco-mpnet-base-v4/resolve/main/modules.json.
Please make sure you specified the correct `repo_id` and `repo_type`.
If you are trying to access a private or gated repo, make sure you are authenticated and your token has the required permissions.
For more details, see https://huggingface.co/docs/huggingface_hub/authentication
Invalid username or password.
httpx.HTTPStatusError: Client error '401 Unauthorized' for url 'https://huggingface.co/sentence-transformers/msmarco-mpnet-base-v4/resolve/main/modules.json'
For more information check: https://developer.mozilla.org/en-US/docs/Web/HTTP/Status/401

The above exception was the direct cause of the following exception:

Traceback (most recent call last):
  File ""/raid/brunoguilherme/DeepGenerativeTopicCluster/src/vaebm_benchmark/experiment/runner.py"", line 364, in run_single
    model.fit(documents)
  File ""/raid/brunoguilherme/DeepGenerativeTopicCluster/src/vaebm_benchmark/models/sbert_kmeans_adapter.py"", line 79, in fit
    self._encoder = SentenceTransformer(self.embedder_name)
                    ^^^^^^^^^^^^^^^^^^^^^^^^^^^^^^^^^^^^^^^
  File ""/raid/brunoguilherme/venvs/dgtc/lib/python3.12/site-packages/sentence_transformers/util/decorators.py"", line 46, in wrapper
    return func(*args, **kwargs)
           ^^^^^^^^^^^^^^^^^^^^^
huggingface_hub.errors.RepositoryNotFoundError: 401 Client Error. (Request ID: Root=1-6aa6f18a-543dd3c33083ffab152769a2;61aaef83-119f-4904-afcf-f90a71086519)

Repository Not Found for url: https://huggingface.co/sentence-transformers/msmarco-mpnet-base-v4/resolve/main/modules.json.
Please make sure you specified the correct `repo_id` and `repo_type`.
If you are trying to access a private or gated repo, make sure you are authenticated and your token has the required permissions.
For more details, see https://huggingface.co/docs/huggingface_hub/authentication
Invalid username or password.
",ecrtm_hicot,15,palmetto_wikipedia,dieng_unique_words_top15,,
sbert_msmpnet,search_snippets,50,,,,,42,9.182,error,"401 Client Error. (Request ID: Root=1-6aa6f1a9-1c301f8a55a4f41534d4e65f;bf035984-95c5-4ed3-a06a-ef1aef00aa8a)

Repository Not Found for url: https://huggingface.co/sentence-transformers/msmarco-mpnet-base-v4/resolve/main/modules.json.
Please make sure you specified the correct `repo_id` and `repo_type`.
If you are trying to access a private or gated repo, make sure you are authenticated and your token has the required permissions.
For more details, see https://huggingface.co/docs/huggingface_hub/authentication
Invalid username or password.
httpx.HTTPStatusError: Client error '401 Unauthorized' for url 'https://huggingface.co/sentence-transformers/msmarco-mpnet-base-v4/resolve/main/modules.json'
For more information check: https://developer.mozilla.org/en-US/docs/Web/HTTP/Status/401

The above exception was the direct cause of the following exception:

Traceback (most recent call last):
  File ""/raid/brunoguilherme/DeepGenerativeTopicCluster/src/vaebm_benchmark/experiment/runner.py"", line 364, in run_single
    model.fit(documents)
  File ""/raid/brunoguilherme/DeepGenerativeTopicCluster/src/vaebm_benchmark/models/sbert_kmeans_adapter.py"", line 79, in fit
    self._encoder = SentenceTransformer(self.embedder_name)
                    ^^^^^^^^^^^^^^^^^^^^^^^^^^^^^^^^^^^^^^^
  File ""/raid/brunoguilherme/venvs/dgtc/lib/python3.12/site-packages/sentence_transformers/util/decorators.py"", line 46, in wrapper
    return func(*args, **kwargs)
           ^^^^^^^^^^^^^^^^^^^^^
huggingface_hub.errors.RepositoryNotFoundError: 401 Client Error. (Request ID: Root=1-6aa6f1a9-1c301f8a55a4f41534d4e65f;bf035984-95c5-4ed3-a06a-ef1aef00aa8a)

Repository Not Found for url: https://huggingface.co/sentence-transformers/msmarco-mpnet-base-v4/resolve/main/modules.json.
Please make sure you specified the correct `repo_id` and `repo_type`.
If you are trying to access a private or gated repo, make sure you are authenticated and your token has the required permissions.
For more details, see https://huggingface.co/docs/huggingface_hub/authentication
Invalid username or password.
",ecrtm_hicot,15,palmetto_wikipedia,dieng_unique_words_top15,,
sbert_msmpnet,search_snippets,50,,,,,42,8.376,error,"401 Client Error. (Request ID: Root=1-6aa6f1c7-34ceb0f11457797656155c9b;8930a847-8970-4de1-ba6a-85d5153db933)

Repository Not Found for url: https://huggingface.co/sentence-transformers/msmarco-mpnet-base-v4/resolve/main/modules.json.
Please make sure you specified the correct `repo_id` and `repo_type`.
If you are trying to access a private or gated repo, make sure you are authenticated and your token has the required permissions.
For more details, see https://huggingface.co/docs/huggingface_hub/authentication
Invalid username or password.
httpx.HTTPStatusError: Client error '401 Unauthorized' for url 'https://huggingface.co/sentence-transformers/msmarco-mpnet-base-v4/resolve/main/modules.json'
For more information check: https://developer.mozilla.org/en-US/docs/Web/HTTP/Status/401

The above exception was the direct cause of the following exception:

Traceback (most recent call last):
  File ""/raid/brunoguilherme/DeepGenerativeTopicCluster/src/vaebm_benchmark/experiment/runner.py"", line 364, in run_single
    model.fit(documents)
  File ""/raid/brunoguilherme/DeepGenerativeTopicCluster/src/vaebm_benchmark/models/sbert_kmeans_adapter.py"", line 79, in fit
    self._encoder = SentenceTransformer(self.embedder_name)
                    ^^^^^^^^^^^^^^^^^^^^^^^^^^^^^^^^^^^^^^^
  File ""/raid/brunoguilherme/venvs/dgtc/lib/python3.12/site-packages/sentence_transformers/util/decorators.py"", line 46, in wrapper
    return func(*args, **kwargs)
           ^^^^^^^^^^^^^^^^^^^^^
huggingface_hub.errors.RepositoryNotFoundError: 401 Client Error. (Request ID: Root=1-6aa6f1c7-34ceb0f11457797656155c9b;8930a847-8970-4de1-ba6a-85d5153db933)

Repository Not Found for url: https://huggingface.co/sentence-transformers/msmarco-mpnet-base-v4/resolve/main/modules.json.
Please make sure you specified the correct `repo_id` and `repo_type`.
If you are trying to access a private or gated repo, make sure you are authenticated and your token has the required permissions.
For more details, see https://huggingface.co/docs/huggingface_hub/authentication
Invalid username or password.
",ecrtm_hicot,15,palmetto_wikipedia,dieng_unique_words_top15,,
sbert_msmpnet,search_snippets,100,,,,,42,6.226,error,"401 Client Error. (Request ID: Root=1-6aa6f1cf-4101cd6b47160e913ccb71c7;b775e961-26f5-4ea7-a7f5-8381b4b20b31)

Repository Not Found for url: https://huggingface.co/sentence-transformers/msmarco-mpnet-base-v4/resolve/main/modules.json.
Please make sure you specified the correct `repo_id` and `repo_type`.
If you are trying to access a private or gated repo, make sure you are authenticated and your token has the required permissions.
For more details, see https://huggingface.co/docs/huggingface_hub/authentication
Invalid username or password.
httpx.HTTPStatusError: Client error '401 Unauthorized' for url 'https://huggingface.co/sentence-transformers/msmarco-mpnet-base-v4/resolve/main/modules.json'
For more information check: https://developer.mozilla.org/en-US/docs/Web/HTTP/Status/401

The above exception was the direct cause of the following exception:

Traceback (most recent call last):
  File ""/raid/brunoguilherme/DeepGenerativeTopicCluster/src/vaebm_benchmark/experiment/runner.py"", line 364, in run_single
    model.fit(documents)
  File ""/raid/brunoguilherme/DeepGenerativeTopicCluster/src/vaebm_benchmark/models/sbert_kmeans_adapter.py"", line 79, in fit
    self._encoder = SentenceTransformer(self.embedder_name)
                    ^^^^^^^^^^^^^^^^^^^^^^^^^^^^^^^^^^^^^^^
  File ""/raid/brunoguilherme/venvs/dgtc/lib/python3.12/site-packages/sentence_transformers/util/decorators.py"", line 46, in wrapper
    return func(*args, **kwargs)
           ^^^^^^^^^^^^^^^^^^^^^
huggingface_hub.errors.RepositoryNotFoundError: 401 Client Error. (Request ID: Root=1-6aa6f1cf-4101cd6b47160e913ccb71c7;b775e961-26f5-4ea7-a7f5-8381b4b20b31)

Repository Not Found for url: https://huggingface.co/sentence-transformers/msmarco-mpnet-base-v4/resolve/main/modules.json.
Please make sure you specified the correct `repo_id` and `repo_type`.
If you are trying to access a private or gated repo, make sure you are authenticated and your token has the required permissions.
For more details, see https://huggingface.co/docs/huggingface_hub/authentication
Invalid username or password.
",ecrtm_hicot,15,palmetto_wikipedia,dieng_unique_words_top15,,
sbert_msmpnet,search_snippets,100,,,,,42,9.05,error,"401 Client Error. (Request ID: Root=1-6aa6f1ee-6b2157fb31c400146cd1c883;9ac2199c-744a-4600-a17d-5e1a813ccd77)

Repository Not Found for url: https://huggingface.co/sentence-transformers/msmarco-mpnet-base-v4/resolve/main/modules.json.
Please make sure you specified the correct `repo_id` and `repo_type`.
If you are trying to access a private or gated repo, make sure you are authenticated and your token has the required permissions.
For more details, see https://huggingface.co/docs/huggingface_hub/authentication
Invalid username or password.
httpx.HTTPStatusError: Client error '401 Unauthorized' for url 'https://huggingface.co/sentence-transformers/msmarco-mpnet-base-v4/resolve/main/modules.json'
For more information check: https://developer.mozilla.org/en-US/docs/Web/HTTP/Status/401

The above exception was the direct cause of the following exception:

Traceback (most recent call last):
  File ""/raid/brunoguilherme/DeepGenerativeTopicCluster/src/vaebm_benchmark/experiment/runner.py"", line 364, in run_single
    model.fit(documents)
  File ""/raid/brunoguilherme/DeepGenerativeTopicCluster/src/vaebm_benchmark/models/sbert_kmeans_adapter.py"", line 79, in fit
    self._encoder = SentenceTransformer(self.embedder_name)
                    ^^^^^^^^^^^^^^^^^^^^^^^^^^^^^^^^^^^^^^^
  File ""/raid/brunoguilherme/venvs/dgtc/lib/python3.12/site-packages/sentence_transformers/util/decorators.py"", line 46, in wrapper
    return func(*args, **kwargs)
           ^^^^^^^^^^^^^^^^^^^^^
huggingface_hub.errors.RepositoryNotFoundError: 401 Client Error. (Request ID: Root=1-6aa6f1ee-6b2157fb31c400146cd1c883;9ac2199c-744a-4600-a17d-5e1a813ccd77)

Repository Not Found for url: https://huggingface.co/sentence-transformers/msmarco-mpnet-base-v4/resolve/main/modules.json.
Please make sure you specified the correct `repo_id` and `repo_type`.
If you are trying to access a private or gated repo, make sure you are authenticated and your token has the required permissions.
For more details, see https://huggingface.co/docs/huggingface_hub/authentication
Invalid username or password.
",ecrtm_hicot,15,palmetto_wikipedia,dieng_unique_words_top15,,
sbert_msmpnet,search_snippets,100,,,,,42,8.242,error,"401 Client Error. (Request ID: Root=1-6aa6f20c-3e40d12a59b045944885e5ca;8e7d4deb-7f8d-4cc1-81ac-28fe5279f506)

Repository Not Found for url: https://huggingface.co/sentence-transformers/msmarco-mpnet-base-v4/resolve/main/modules.json.
Please make sure you specified the correct `repo_id` and `repo_type`.
If you are trying to access a private or gated repo, make sure you are authenticated and your token has the required permissions.
For more details, see https://huggingface.co/docs/huggingface_hub/authentication
Invalid username or password.
httpx.HTTPStatusError: Client error '401 Unauthorized' for url 'https://huggingface.co/sentence-transformers/msmarco-mpnet-base-v4/resolve/main/modules.json'
For more information check: https://developer.mozilla.org/en-US/docs/Web/HTTP/Status/401

The above exception was the direct cause of the following exception:

Traceback (most recent call last):
  File ""/raid/brunoguilherme/DeepGenerativeTopicCluster/src/vaebm_benchmark/experiment/runner.py"", line 364, in run_single
    model.fit(documents)
  File ""/raid/brunoguilherme/DeepGenerativeTopicCluster/src/vaebm_benchmark/models/sbert_kmeans_adapter.py"", line 79, in fit
    self._encoder = SentenceTransformer(self.embedder_name)
                    ^^^^^^^^^^^^^^^^^^^^^^^^^^^^^^^^^^^^^^^
  File ""/raid/brunoguilherme/venvs/dgtc/lib/python3.12/site-packages/sentence_transformers/util/decorators.py"", line 46, in wrapper
    return func(*args, **kwargs)
           ^^^^^^^^^^^^^^^^^^^^^
huggingface_hub.errors.RepositoryNotFoundError: 401 Client Error. (Request ID: Root=1-6aa6f20c-3e40d12a59b045944885e5ca;8e7d4deb-7f8d-4cc1-81ac-28fe5279f506)

Repository Not Found for url: https://huggingface.co/sentence-transformers/msmarco-mpnet-base-v4/resolve/main/modules.json.
Please make sure you specified the correct `repo_id` and `repo_type`.
If you are trying to access a private or gated repo, make sure you are authenticated and your token has the required permissions.
For more details, see https://huggingface.co/docs/huggingface_hub/authentication
Invalid username or password.
",ecrtm_hicot,15,palmetto_wikipedia,dieng_unique_words_top15,,
sbert_msmpnet,stack_overflow,50,,,,,42,7.25,error,"401 Client Error. (Request ID: Root=1-6aa6f215-7ae671953ff219f94ced915f;f482aef5-71df-4fcd-81ab-fb8bb6c08791)

Repository Not Found for url: https://huggingface.co/sentence-transformers/msmarco-mpnet-base-v4/resolve/main/modules.json.
Please make sure you specified the correct `repo_id` and `repo_type`.
If you are trying to access a private or gated repo, make sure you are authenticated and your token has the required permissions.
For more details, see https://huggingface.co/docs/huggingface_hub/authentication
Invalid username or password.
httpx.HTTPStatusError: Client error '401 Unauthorized' for url 'https://huggingface.co/sentence-transformers/msmarco-mpnet-base-v4/resolve/main/modules.json'
For more information check: https://developer.mozilla.org/en-US/docs/Web/HTTP/Status/401

The above exception was the direct cause of the following exception:

Traceback (most recent call last):
  File ""/raid/brunoguilherme/DeepGenerativeTopicCluster/src/vaebm_benchmark/experiment/runner.py"", line 364, in run_single
    model.fit(documents)
  File ""/raid/brunoguilherme/DeepGenerativeTopicCluster/src/vaebm_benchmark/models/sbert_kmeans_adapter.py"", line 79, in fit
    self._encoder = SentenceTransformer(self.embedder_name)
                    ^^^^^^^^^^^^^^^^^^^^^^^^^^^^^^^^^^^^^^^
  File ""/raid/brunoguilherme/venvs/dgtc/lib/python3.12/site-packages/sentence_transformers/util/decorators.py"", line 46, in wrapper
    return func(*args, **kwargs)
           ^^^^^^^^^^^^^^^^^^^^^
huggingface_hub.errors.RepositoryNotFoundError: 401 Client Error. (Request ID: Root=1-6aa6f215-7ae671953ff219f94ced915f;f482aef5-71df-4fcd-81ab-fb8bb6c08791)

Repository Not Found for url: https://huggingface.co/sentence-transformers/msmarco-mpnet-base-v4/resolve/main/modules.json.
Please make sure you specified the correct `repo_id` and `repo_type`.
If you are trying to access a private or gated repo, make sure you are authenticated and your token has the required permissions.
For more details, see https://huggingface.co/docs/huggingface_hub/authentication
Invalid username or password.
",ecrtm_hicot,15,palmetto_wikipedia,dieng_unique_words_top15,,
sbert_msmpnet,stack_overflow,50,,,,,42,7.305,error,"401 Client Error. (Request ID: Root=1-6aa6f232-69a68a422f89566c584934b7;d8448805-6662-4ae0-b1f5-6bff179b9d91)

Repository Not Found for url: https://huggingface.co/sentence-transformers/msmarco-mpnet-base-v4/resolve/main/modules.json.
Please make sure you specified the correct `repo_id` and `repo_type`.
If you are trying to access a private or gated repo, make sure you are authenticated and your token has the required permissions.
For more details, see https://huggingface.co/docs/huggingface_hub/authentication
Invalid username or password.
httpx.HTTPStatusError: Client error '401 Unauthorized' for url 'https://huggingface.co/sentence-transformers/msmarco-mpnet-base-v4/resolve/main/modules.json'
For more information check: https://developer.mozilla.org/en-US/docs/Web/HTTP/Status/401

The above exception was the direct cause of the following exception:

Traceback (most recent call last):
  File ""/raid/brunoguilherme/DeepGenerativeTopicCluster/src/vaebm_benchmark/experiment/runner.py"", line 364, in run_single
    model.fit(documents)
  File ""/raid/brunoguilherme/DeepGenerativeTopicCluster/src/vaebm_benchmark/models/sbert_kmeans_adapter.py"", line 79, in fit
    self._encoder = SentenceTransformer(self.embedder_name)
                    ^^^^^^^^^^^^^^^^^^^^^^^^^^^^^^^^^^^^^^^
  File ""/raid/brunoguilherme/venvs/dgtc/lib/python3.12/site-packages/sentence_transformers/util/decorators.py"", line 46, in wrapper
    return func(*args, **kwargs)
           ^^^^^^^^^^^^^^^^^^^^^
huggingface_hub.errors.RepositoryNotFoundError: 401 Client Error. (Request ID: Root=1-6aa6f232-69a68a422f89566c584934b7;d8448805-6662-4ae0-b1f5-6bff179b9d91)

Repository Not Found for url: https://huggingface.co/sentence-transformers/msmarco-mpnet-base-v4/resolve/main/modules.json.
Please make sure you specified the correct `repo_id` and `repo_type`.
If you are trying to access a private or gated repo, make sure you are authenticated and your token has the required permissions.
For more details, see https://huggingface.co/docs/huggingface_hub/authentication
Invalid username or password.
",ecrtm_hicot,15,palmetto_wikipedia,dieng_unique_words_top15,,
sbert_msmpnet,stack_overflow,50,,,,,42,8.214,error,"401 Client Error. (Request ID: Root=1-6aa6f250-7a2dcab17add504544311d5c;84907ee1-e2a4-48f0-b977-736d2191adbc)

Repository Not Found for url: https://huggingface.co/sentence-transformers/msmarco-mpnet-base-v4/resolve/main/modules.json.
Please make sure you specified the correct `repo_id` and `repo_type`.
If you are trying to access a private or gated repo, make sure you are authenticated and your token has the required permissions.
For more details, see https://huggingface.co/docs/huggingface_hub/authentication
Invalid username or password.
httpx.HTTPStatusError: Client error '401 Unauthorized' for url 'https://huggingface.co/sentence-transformers/msmarco-mpnet-base-v4/resolve/main/modules.json'
For more information check: https://developer.mozilla.org/en-US/docs/Web/HTTP/Status/401

The above exception was the direct cause of the following exception:

Traceback (most recent call last):
  File ""/raid/brunoguilherme/DeepGenerativeTopicCluster/src/vaebm_benchmark/experiment/runner.py"", line 364, in run_single
    model.fit(documents)
  File ""/raid/brunoguilherme/DeepGenerativeTopicCluster/src/vaebm_benchmark/models/sbert_kmeans_adapter.py"", line 79, in fit
    self._encoder = SentenceTransformer(self.embedder_name)
                    ^^^^^^^^^^^^^^^^^^^^^^^^^^^^^^^^^^^^^^^
  File ""/raid/brunoguilherme/venvs/dgtc/lib/python3.12/site-packages/sentence_transformers/util/decorators.py"", line 46, in wrapper
    return func(*args, **kwargs)
           ^^^^^^^^^^^^^^^^^^^^^
huggingface_hub.errors.RepositoryNotFoundError: 401 Client Error. (Request ID: Root=1-6aa6f250-7a2dcab17add504544311d5c;84907ee1-e2a4-48f0-b977-736d2191adbc)

Repository Not Found for url: https://huggingface.co/sentence-transformers/msmarco-mpnet-base-v4/resolve/main/modules.json.
Please make sure you specified the correct `repo_id` and `repo_type`.
If you are trying to access a private or gated repo, make sure you are authenticated and your token has the required permissions.
For more details, see https://huggingface.co/docs/huggingface_hub/authentication
Invalid username or password.
",ecrtm_hicot,15,palmetto_wikipedia,dieng_unique_words_top15,,
sbert_msmpnet,stack_overflow,100,,,,,42,6.212,error,"401 Client Error. (Request ID: Root=1-6aa6f257-50a3251f632cee494fbb3ced;e07cc2c2-6d1b-4101-afa9-924605dc6ddf)

Repository Not Found for url: https://huggingface.co/sentence-transformers/msmarco-mpnet-base-v4/resolve/main/modules.json.
Please make sure you specified the correct `repo_id` and `repo_type`.
If you are trying to access a private or gated repo, make sure you are authenticated and your token has the required permissions.
For more details, see https://huggingface.co/docs/huggingface_hub/authentication
Invalid username or password.
httpx.HTTPStatusError: Client error '401 Unauthorized' for url 'https://huggingface.co/sentence-transformers/msmarco-mpnet-base-v4/resolve/main/modules.json'
For more information check: https://developer.mozilla.org/en-US/docs/Web/HTTP/Status/401

The above exception was the direct cause of the following exception:

Traceback (most recent call last):
  File ""/raid/brunoguilherme/DeepGenerativeTopicCluster/src/vaebm_benchmark/experiment/runner.py"", line 364, in run_single
    model.fit(documents)
  File ""/raid/brunoguilherme/DeepGenerativeTopicCluster/src/vaebm_benchmark/models/sbert_kmeans_adapter.py"", line 79, in fit
    self._encoder = SentenceTransformer(self.embedder_name)
                    ^^^^^^^^^^^^^^^^^^^^^^^^^^^^^^^^^^^^^^^
  File ""/raid/brunoguilherme/venvs/dgtc/lib/python3.12/site-packages/sentence_transformers/util/decorators.py"", line 46, in wrapper
    return func(*args, **kwargs)
           ^^^^^^^^^^^^^^^^^^^^^
huggingface_hub.errors.RepositoryNotFoundError: 401 Client Error. (Request ID: Root=1-6aa6f257-50a3251f632cee494fbb3ced;e07cc2c2-6d1b-4101-afa9-924605dc6ddf)

Repository Not Found for url: https://huggingface.co/sentence-transformers/msmarco-mpnet-base-v4/resolve/main/modules.json.
Please make sure you specified the correct `repo_id` and `repo_type`.
If you are trying to access a private or gated repo, make sure you are authenticated and your token has the required permissions.
For more details, see https://huggingface.co/docs/huggingface_hub/authentication
Invalid username or password.
",ecrtm_hicot,15,palmetto_wikipedia,dieng_unique_words_top15,,
sbert_msmpnet,stack_overflow,100,,,,,42,6.518,error,"401 Client Error. (Request ID: Root=1-6aa6f273-2dae1f18190e5a274bfe11c1;3dd07e3c-7cbb-4502-b61c-ea2e368bf2c5)

Repository Not Found for url: https://huggingface.co/sentence-transformers/msmarco-mpnet-base-v4/resolve/main/modules.json.
Please make sure you specified the correct `repo_id` and `repo_type`.
If you are trying to access a private or gated repo, make sure you are authenticated and your token has the required permissions.
For more details, see https://huggingface.co/docs/huggingface_hub/authentication
Invalid username or password.
httpx.HTTPStatusError: Client error '401 Unauthorized' for url 'https://huggingface.co/sentence-transformers/msmarco-mpnet-base-v4/resolve/main/modules.json'
For more information check: https://developer.mozilla.org/en-US/docs/Web/HTTP/Status/401

The above exception was the direct cause of the following exception:

Traceback (most recent call last):
  File ""/raid/brunoguilherme/DeepGenerativeTopicCluster/src/vaebm_benchmark/experiment/runner.py"", line 364, in run_single
    model.fit(documents)
  File ""/raid/brunoguilherme/DeepGenerativeTopicCluster/src/vaebm_benchmark/models/sbert_kmeans_adapter.py"", line 79, in fit
    self._encoder = SentenceTransformer(self.embedder_name)
                    ^^^^^^^^^^^^^^^^^^^^^^^^^^^^^^^^^^^^^^^
  File ""/raid/brunoguilherme/venvs/dgtc/lib/python3.12/site-packages/sentence_transformers/util/decorators.py"", line 46, in wrapper
    return func(*args, **kwargs)
           ^^^^^^^^^^^^^^^^^^^^^
huggingface_hub.errors.RepositoryNotFoundError: 401 Client Error. (Request ID: Root=1-6aa6f273-2dae1f18190e5a274bfe11c1;3dd07e3c-7cbb-4502-b61c-ea2e368bf2c5)

Repository Not Found for url: https://huggingface.co/sentence-transformers/msmarco-mpnet-base-v4/resolve/main/modules.json.
Please make sure you specified the correct `repo_id` and `repo_type`.
If you are trying to access a private or gated repo, make sure you are authenticated and your token has the required permissions.
For more details, see https://huggingface.co/docs/huggingface_hub/authentication
Invalid username or password.
",ecrtm_hicot,15,palmetto_wikipedia,dieng_unique_words_top15,,
sbert_msmpnet,stack_overflow,100,,,,,42,7.037,error,"401 Client Error. (Request ID: Root=1-6aa6f290-5cc39bc82425a4887d81c12a;edd1a28f-889a-4be7-8bc4-ac2afe34e965)

Repository Not Found for url: https://huggingface.co/sentence-transformers/msmarco-mpnet-base-v4/resolve/main/modules.json.
Please make sure you specified the correct `repo_id` and `repo_type`.
If you are trying to access a private or gated repo, make sure you are authenticated and your token has the required permissions.
For more details, see https://huggingface.co/docs/huggingface_hub/authentication
Invalid username or password.
httpx.HTTPStatusError: Client error '401 Unauthorized' for url 'https://huggingface.co/sentence-transformers/msmarco-mpnet-base-v4/resolve/main/modules.json'
For more information check: https://developer.mozilla.org/en-US/docs/Web/HTTP/Status/401

The above exception was the direct cause of the following exception:

Traceback (most recent call last):
  File ""/raid/brunoguilherme/DeepGenerativeTopicCluster/src/vaebm_benchmark/experiment/runner.py"", line 364, in run_single
    model.fit(documents)
  File ""/raid/brunoguilherme/DeepGenerativeTopicCluster/src/vaebm_benchmark/models/sbert_kmeans_adapter.py"", line 79, in fit
    self._encoder = SentenceTransformer(self.embedder_name)
                    ^^^^^^^^^^^^^^^^^^^^^^^^^^^^^^^^^^^^^^^
  File ""/raid/brunoguilherme/venvs/dgtc/lib/python3.12/site-packages/sentence_transformers/util/decorators.py"", line 46, in wrapper
    return func(*args, **kwargs)
           ^^^^^^^^^^^^^^^^^^^^^
huggingface_hub.errors.RepositoryNotFoundError: 401 Client Error. (Request ID: Root=1-6aa6f290-5cc39bc82425a4887d81c12a;edd1a28f-889a-4be7-8bc4-ac2afe34e965)

Repository Not Found for url: https://huggingface.co/sentence-transformers/msmarco-mpnet-base-v4/resolve/main/modules.json.
Please make sure you specified the correct `repo_id` and `repo_type`.
If you are trying to access a private or gated repo, make sure you are authenticated and your token has the required permissions.
For more details, see https://huggingface.co/docs/huggingface_hub/authentication
Invalid username or password.
",ecrtm_hicot,15,palmetto_wikipedia,dieng_unique_words_top15,,
sbert_msmpnet,biomedical,50,,,,,42,6.359,error,"401 Client Error. (Request ID: Root=1-6aa6f298-188979e742d570be204a6ee0;6f035f9f-30f3-4ab0-b0c4-ea1bb51fd6db)

Repository Not Found for url: https://huggingface.co/sentence-transformers/msmarco-mpnet-base-v4/resolve/main/modules.json.
Please make sure you specified the correct `repo_id` and `repo_type`.
If you are trying to access a private or gated repo, make sure you are authenticated and your token has the required permissions.
For more details, see https://huggingface.co/docs/huggingface_hub/authentication
Invalid username or password.
httpx.HTTPStatusError: Client error '401 Unauthorized' for url 'https://huggingface.co/sentence-transformers/msmarco-mpnet-base-v4/resolve/main/modules.json'
For more information check: https://developer.mozilla.org/en-US/docs/Web/HTTP/Status/401

The above exception was the direct cause of the following exception:

Traceback (most recent call last):
  File ""/raid/brunoguilherme/DeepGenerativeTopicCluster/src/vaebm_benchmark/experiment/runner.py"", line 364, in run_single
    model.fit(documents)
  File ""/raid/brunoguilherme/DeepGenerativeTopicCluster/src/vaebm_benchmark/models/sbert_kmeans_adapter.py"", line 79, in fit
    self._encoder = SentenceTransformer(self.embedder_name)
                    ^^^^^^^^^^^^^^^^^^^^^^^^^^^^^^^^^^^^^^^
  File ""/raid/brunoguilherme/venvs/dgtc/lib/python3.12/site-packages/sentence_transformers/util/decorators.py"", line 46, in wrapper
    return func(*args, **kwargs)
           ^^^^^^^^^^^^^^^^^^^^^
huggingface_hub.errors.RepositoryNotFoundError: 401 Client Error. (Request ID: Root=1-6aa6f298-188979e742d570be204a6ee0;6f035f9f-30f3-4ab0-b0c4-ea1bb51fd6db)

Repository Not Found for url: https://huggingface.co/sentence-transformers/msmarco-mpnet-base-v4/resolve/main/modules.json.
Please make sure you specified the correct `repo_id` and `repo_type`.
If you are trying to access a private or gated repo, make sure you are authenticated and your token has the required permissions.
For more details, see https://huggingface.co/docs/huggingface_hub/authentication
Invalid username or password.
",ecrtm_hicot,15,palmetto_wikipedia,dieng_unique_words_top15,,
sbert_msmpnet,biomedical,50,,,,,42,8.665,error,"401 Client Error. (Request ID: Root=1-6aa6f2b6-4e4dd9de16ac7d813dbb7cac;ad58baea-bc47-4516-bd91-e3e069d6d14c)

Repository Not Found for url: https://huggingface.co/sentence-transformers/msmarco-mpnet-base-v4/resolve/main/modules.json.
Please make sure you specified the correct `repo_id` and `repo_type`.
If you are trying to access a private or gated repo, make sure you are authenticated and your token has the required permissions.
For more details, see https://huggingface.co/docs/huggingface_hub/authentication
Invalid username or password.
httpx.HTTPStatusError: Client error '401 Unauthorized' for url 'https://huggingface.co/sentence-transformers/msmarco-mpnet-base-v4/resolve/main/modules.json'
For more information check: https://developer.mozilla.org/en-US/docs/Web/HTTP/Status/401

The above exception was the direct cause of the following exception:

Traceback (most recent call last):
  File ""/raid/brunoguilherme/DeepGenerativeTopicCluster/src/vaebm_benchmark/experiment/runner.py"", line 364, in run_single
    model.fit(documents)
  File ""/raid/brunoguilherme/DeepGenerativeTopicCluster/src/vaebm_benchmark/models/sbert_kmeans_adapter.py"", line 79, in fit
    self._encoder = SentenceTransformer(self.embedder_name)
                    ^^^^^^^^^^^^^^^^^^^^^^^^^^^^^^^^^^^^^^^
  File ""/raid/brunoguilherme/venvs/dgtc/lib/python3.12/site-packages/sentence_transformers/util/decorators.py"", line 46, in wrapper
    return func(*args, **kwargs)
           ^^^^^^^^^^^^^^^^^^^^^
huggingface_hub.errors.RepositoryNotFoundError: 401 Client Error. (Request ID: Root=1-6aa6f2b6-4e4dd9de16ac7d813dbb7cac;ad58baea-bc47-4516-bd91-e3e069d6d14c)

Repository Not Found for url: https://huggingface.co/sentence-transformers/msmarco-mpnet-base-v4/resolve/main/modules.json.
Please make sure you specified the correct `repo_id` and `repo_type`.
If you are trying to access a private or gated repo, make sure you are authenticated and your token has the required permissions.
For more details, see https://huggingface.co/docs/huggingface_hub/authentication
Invalid username or password.
",ecrtm_hicot,15,palmetto_wikipedia,dieng_unique_words_top15,,
sbert_msmpnet,biomedical,50,,,,,42,9.307,error,"401 Client Error. (Request ID: Root=1-6aa6f2d5-4c59fe997beb7a351efc8973;c3df9341-b8e4-40e1-b9bb-dc080ef65ee5)

Repository Not Found for url: https://huggingface.co/sentence-transformers/msmarco-mpnet-base-v4/resolve/main/modules.json.
Please make sure you specified the correct `repo_id` and `repo_type`.
If you are trying to access a private or gated repo, make sure you are authenticated and your token has the required permissions.
For more details, see https://huggingface.co/docs/huggingface_hub/authentication
Invalid username or password.
httpx.HTTPStatusError: Client error '401 Unauthorized' for url 'https://huggingface.co/sentence-transformers/msmarco-mpnet-base-v4/resolve/main/modules.json'
For more information check: https://developer.mozilla.org/en-US/docs/Web/HTTP/Status/401

The above exception was the direct cause of the following exception:

Traceback (most recent call last):
  File ""/raid/brunoguilherme/DeepGenerativeTopicCluster/src/vaebm_benchmark/experiment/runner.py"", line 364, in run_single
    model.fit(documents)
  File ""/raid/brunoguilherme/DeepGenerativeTopicCluster/src/vaebm_benchmark/models/sbert_kmeans_adapter.py"", line 79, in fit
    self._encoder = SentenceTransformer(self.embedder_name)
                    ^^^^^^^^^^^^^^^^^^^^^^^^^^^^^^^^^^^^^^^
  File ""/raid/brunoguilherme/venvs/dgtc/lib/python3.12/site-packages/sentence_transformers/util/decorators.py"", line 46, in wrapper
    return func(*args, **kwargs)
           ^^^^^^^^^^^^^^^^^^^^^
huggingface_hub.errors.RepositoryNotFoundError: 401 Client Error. (Request ID: Root=1-6aa6f2d5-4c59fe997beb7a351efc8973;c3df9341-b8e4-40e1-b9bb-dc080ef65ee5)

Repository Not Found for url: https://huggingface.co/sentence-transformers/msmarco-mpnet-base-v4/resolve/main/modules.json.
Please make sure you specified the correct `repo_id` and `repo_type`.
If you are trying to access a private or gated repo, make sure you are authenticated and your token has the required permissions.
For more details, see https://huggingface.co/docs/huggingface_hub/authentication
Invalid username or password.
",ecrtm_hicot,15,palmetto_wikipedia,dieng_unique_words_top15,,
sbert_msmpnet,biomedical,100,,,,,42,6.264,error,"401 Client Error. (Request ID: Root=1-6aa6f2dd-56c085211e81549b3e2fa645;ec47b4ac-d499-4824-a9b1-1c0e6e5db874)

Repository Not Found for url: https://huggingface.co/sentence-transformers/msmarco-mpnet-base-v4/resolve/main/modules.json.
Please make sure you specified the correct `repo_id` and `repo_type`.
If you are trying to access a private or gated repo, make sure you are authenticated and your token has the required permissions.
For more details, see https://huggingface.co/docs/huggingface_hub/authentication
Invalid username or password.
httpx.HTTPStatusError: Client error '401 Unauthorized' for url 'https://huggingface.co/sentence-transformers/msmarco-mpnet-base-v4/resolve/main/modules.json'
For more information check: https://developer.mozilla.org/en-US/docs/Web/HTTP/Status/401

The above exception was the direct cause of the following exception:

Traceback (most recent call last):
  File ""/raid/brunoguilherme/DeepGenerativeTopicCluster/src/vaebm_benchmark/experiment/runner.py"", line 364, in run_single
    model.fit(documents)
  File ""/raid/brunoguilherme/DeepGenerativeTopicCluster/src/vaebm_benchmark/models/sbert_kmeans_adapter.py"", line 79, in fit
    self._encoder = SentenceTransformer(self.embedder_name)
                    ^^^^^^^^^^^^^^^^^^^^^^^^^^^^^^^^^^^^^^^
  File ""/raid/brunoguilherme/venvs/dgtc/lib/python3.12/site-packages/sentence_transformers/util/decorators.py"", line 46, in wrapper
    return func(*args, **kwargs)
           ^^^^^^^^^^^^^^^^^^^^^
huggingface_hub.errors.RepositoryNotFoundError: 401 Client Error. (Request ID: Root=1-6aa6f2dd-56c085211e81549b3e2fa645;ec47b4ac-d499-4824-a9b1-1c0e6e5db874)

Repository Not Found for url: https://huggingface.co/sentence-transformers/msmarco-mpnet-base-v4/resolve/main/modules.json.
Please make sure you specified the correct `repo_id` and `repo_type`.
If you are trying to access a private or gated repo, make sure you are authenticated and your token has the required permissions.
For more details, see https://huggingface.co/docs/huggingface_hub/authentication
Invalid username or password.
",ecrtm_hicot,15,palmetto_wikipedia,dieng_unique_words_top15,,
sbert_msmpnet,biomedical,100,,,,,42,7.494,error,"401 Client Error. (Request ID: Root=1-6aa6f2fb-03d831db204f5a93630187ba;754bacce-af2f-4993-938f-93b1ae55100a)

Repository Not Found for url: https://huggingface.co/sentence-transformers/msmarco-mpnet-base-v4/resolve/main/modules.json.
Please make sure you specified the correct `repo_id` and `repo_type`.
If you are trying to access a private or gated repo, make sure you are authenticated and your token has the required permissions.
For more details, see https://huggingface.co/docs/huggingface_hub/authentication
Invalid username or password.
httpx.HTTPStatusError: Client error '401 Unauthorized' for url 'https://huggingface.co/sentence-transformers/msmarco-mpnet-base-v4/resolve/main/modules.json'
For more information check: https://developer.mozilla.org/en-US/docs/Web/HTTP/Status/401

The above exception was the direct cause of the following exception:

Traceback (most recent call last):
  File ""/raid/brunoguilherme/DeepGenerativeTopicCluster/src/vaebm_benchmark/experiment/runner.py"", line 364, in run_single
    model.fit(documents)
  File ""/raid/brunoguilherme/DeepGenerativeTopicCluster/src/vaebm_benchmark/models/sbert_kmeans_adapter.py"", line 79, in fit
    self._encoder = SentenceTransformer(self.embedder_name)
                    ^^^^^^^^^^^^^^^^^^^^^^^^^^^^^^^^^^^^^^^
  File ""/raid/brunoguilherme/venvs/dgtc/lib/python3.12/site-packages/sentence_transformers/util/decorators.py"", line 46, in wrapper
    return func(*args, **kwargs)
           ^^^^^^^^^^^^^^^^^^^^^
huggingface_hub.errors.RepositoryNotFoundError: 401 Client Error. (Request ID: Root=1-6aa6f2fb-03d831db204f5a93630187ba;754bacce-af2f-4993-938f-93b1ae55100a)

Repository Not Found for url: https://huggingface.co/sentence-transformers/msmarco-mpnet-base-v4/resolve/main/modules.json.
Please make sure you specified the correct `repo_id` and `repo_type`.
If you are trying to access a private or gated repo, make sure you are authenticated and your token has the required permissions.
For more details, see https://huggingface.co/docs/huggingface_hub/authentication
Invalid username or password.
",ecrtm_hicot,15,palmetto_wikipedia,dieng_unique_words_top15,,
sbert_msmpnet,biomedical,100,,,,,42,7.415,error,"401 Client Error. (Request ID: Root=1-6aa6f318-7b309d71177e31725c6ae676;d53b91ae-7b60-4942-919f-91061881633a)

Repository Not Found for url: https://huggingface.co/sentence-transformers/msmarco-mpnet-base-v4/resolve/main/modules.json.
Please make sure you specified the correct `repo_id` and `repo_type`.
If you are trying to access a private or gated repo, make sure you are authenticated and your token has the required permissions.
For more details, see https://huggingface.co/docs/huggingface_hub/authentication
Invalid username or password.
httpx.HTTPStatusError: Client error '401 Unauthorized' for url 'https://huggingface.co/sentence-transformers/msmarco-mpnet-base-v4/resolve/main/modules.json'
For more information check: https://developer.mozilla.org/en-US/docs/Web/HTTP/Status/401

The above exception was the direct cause of the following exception:

Traceback (most recent call last):
  File ""/raid/brunoguilherme/DeepGenerativeTopicCluster/src/vaebm_benchmark/experiment/runner.py"", line 364, in run_single
    model.fit(documents)
  File ""/raid/brunoguilherme/DeepGenerativeTopicCluster/src/vaebm_benchmark/models/sbert_kmeans_adapter.py"", line 79, in fit
    self._encoder = SentenceTransformer(self.embedder_name)
                    ^^^^^^^^^^^^^^^^^^^^^^^^^^^^^^^^^^^^^^^
  File ""/raid/brunoguilherme/venvs/dgtc/lib/python3.12/site-packages/sentence_transformers/util/decorators.py"", line 46, in wrapper
    return func(*args, **kwargs)
           ^^^^^^^^^^^^^^^^^^^^^
huggingface_hub.errors.RepositoryNotFoundError: 401 Client Error. (Request ID: Root=1-6aa6f318-7b309d71177e31725c6ae676;d53b91ae-7b60-4942-919f-91061881633a)

Repository Not Found for url: https://huggingface.co/sentence-transformers/msmarco-mpnet-base-v4/resolve/main/modules.json.
Please make sure you specified the correct `repo_id` and `repo_type`.
If you are trying to access a private or gated repo, make sure you are authenticated and your token has the required permissions.
For more details, see https://huggingface.co/docs/huggingface_hub/authentication
Invalid username or password.
",ecrtm_hicot,15,palmetto_wikipedia,dieng_unique_words_top15,,
sbert_msmpnet,google_news_ts,50,,,,,42,6.383,error,"401 Client Error. (Request ID: Root=1-6aa6f320-296550fe39372db671028f65;eb8bf7e3-4164-46b8-8d96-a51fdb98ec21)

Repository Not Found for url: https://huggingface.co/sentence-transformers/msmarco-mpnet-base-v4/resolve/main/modules.json.
Please make sure you specified the correct `repo_id` and `repo_type`.
If you are trying to access a private or gated repo, make sure you are authenticated and your token has the required permissions.
For more details, see https://huggingface.co/docs/huggingface_hub/authentication
Invalid username or password.
httpx.HTTPStatusError: Client error '401 Unauthorized' for url 'https://huggingface.co/sentence-transformers/msmarco-mpnet-base-v4/resolve/main/modules.json'
For more information check: https://developer.mozilla.org/en-US/docs/Web/HTTP/Status/401

The above exception was the direct cause of the following exception:

Traceback (most recent call last):
  File ""/raid/brunoguilherme/DeepGenerativeTopicCluster/src/vaebm_benchmark/experiment/runner.py"", line 364, in run_single
    model.fit(documents)
  File ""/raid/brunoguilherme/DeepGenerativeTopicCluster/src/vaebm_benchmark/models/sbert_kmeans_adapter.py"", line 79, in fit
    self._encoder = SentenceTransformer(self.embedder_name)
                    ^^^^^^^^^^^^^^^^^^^^^^^^^^^^^^^^^^^^^^^
  File ""/raid/brunoguilherme/venvs/dgtc/lib/python3.12/site-packages/sentence_transformers/util/decorators.py"", line 46, in wrapper
    return func(*args, **kwargs)
           ^^^^^^^^^^^^^^^^^^^^^
huggingface_hub.errors.RepositoryNotFoundError: 401 Client Error. (Request ID: Root=1-6aa6f320-296550fe39372db671028f65;eb8bf7e3-4164-46b8-8d96-a51fdb98ec21)

Repository Not Found for url: https://huggingface.co/sentence-transformers/msmarco-mpnet-base-v4/resolve/main/modules.json.
Please make sure you specified the correct `repo_id` and `repo_type`.
If you are trying to access a private or gated repo, make sure you are authenticated and your token has the required permissions.
For more details, see https://huggingface.co/docs/huggingface_hub/authentication
Invalid username or password.
",ecrtm_hicot,15,palmetto_wikipedia,dieng_unique_words_top15,,
sbert_msmpnet,google_news_ts,50,,,,,42,9.141,error,"401 Client Error. (Request ID: Root=1-6aa6f33e-5b13649d6badd8364d1ee019;113f8cd3-5e2a-42e9-a79a-77a614323747)

Repository Not Found for url: https://huggingface.co/sentence-transformers/msmarco-mpnet-base-v4/resolve/main/modules.json.
Please make sure you specified the correct `repo_id` and `repo_type`.
If you are trying to access a private or gated repo, make sure you are authenticated and your token has the required permissions.
For more details, see https://huggingface.co/docs/huggingface_hub/authentication
Invalid username or password.
httpx.HTTPStatusError: Client error '401 Unauthorized' for url 'https://huggingface.co/sentence-transformers/msmarco-mpnet-base-v4/resolve/main/modules.json'
For more information check: https://developer.mozilla.org/en-US/docs/Web/HTTP/Status/401

The above exception was the direct cause of the following exception:

Traceback (most recent call last):
  File ""/raid/brunoguilherme/DeepGenerativeTopicCluster/src/vaebm_benchmark/experiment/runner.py"", line 364, in run_single
    model.fit(documents)
  File ""/raid/brunoguilherme/DeepGenerativeTopicCluster/src/vaebm_benchmark/models/sbert_kmeans_adapter.py"", line 79, in fit
    self._encoder = SentenceTransformer(self.embedder_name)
                    ^^^^^^^^^^^^^^^^^^^^^^^^^^^^^^^^^^^^^^^
  File ""/raid/brunoguilherme/venvs/dgtc/lib/python3.12/site-packages/sentence_transformers/util/decorators.py"", line 46, in wrapper
    return func(*args, **kwargs)
           ^^^^^^^^^^^^^^^^^^^^^
huggingface_hub.errors.RepositoryNotFoundError: 401 Client Error. (Request ID: Root=1-6aa6f33e-5b13649d6badd8364d1ee019;113f8cd3-5e2a-42e9-a79a-77a614323747)

Repository Not Found for url: https://huggingface.co/sentence-transformers/msmarco-mpnet-base-v4/resolve/main/modules.json.
Please make sure you specified the correct `repo_id` and `repo_type`.
If you are trying to access a private or gated repo, make sure you are authenticated and your token has the required permissions.
For more details, see https://huggingface.co/docs/huggingface_hub/authentication
Invalid username or password.
",ecrtm_hicot,15,palmetto_wikipedia,dieng_unique_words_top15,,
sbert_msmpnet,google_news_ts,50,,,,,42,7.382,error,"401 Client Error. (Request ID: Root=1-6aa6f35c-28465a7258f1a4827213129a;cfa9a609-a0b6-412d-b7cc-c0f09ab75a39)

Repository Not Found for url: https://huggingface.co/sentence-transformers/msmarco-mpnet-base-v4/resolve/main/modules.json.
Please make sure you specified the correct `repo_id` and `repo_type`.
If you are trying to access a private or gated repo, make sure you are authenticated and your token has the required permissions.
For more details, see https://huggingface.co/docs/huggingface_hub/authentication
Invalid username or password.
httpx.HTTPStatusError: Client error '401 Unauthorized' for url 'https://huggingface.co/sentence-transformers/msmarco-mpnet-base-v4/resolve/main/modules.json'
For more information check: https://developer.mozilla.org/en-US/docs/Web/HTTP/Status/401

The above exception was the direct cause of the following exception:

Traceback (most recent call last):
  File ""/raid/brunoguilherme/DeepGenerativeTopicCluster/src/vaebm_benchmark/experiment/runner.py"", line 364, in run_single
    model.fit(documents)
  File ""/raid/brunoguilherme/DeepGenerativeTopicCluster/src/vaebm_benchmark/models/sbert_kmeans_adapter.py"", line 79, in fit
    self._encoder = SentenceTransformer(self.embedder_name)
                    ^^^^^^^^^^^^^^^^^^^^^^^^^^^^^^^^^^^^^^^
  File ""/raid/brunoguilherme/venvs/dgtc/lib/python3.12/site-packages/sentence_transformers/util/decorators.py"", line 46, in wrapper
    return func(*args, **kwargs)
           ^^^^^^^^^^^^^^^^^^^^^
huggingface_hub.errors.RepositoryNotFoundError: 401 Client Error. (Request ID: Root=1-6aa6f35c-28465a7258f1a4827213129a;cfa9a609-a0b6-412d-b7cc-c0f09ab75a39)

Repository Not Found for url: https://huggingface.co/sentence-transformers/msmarco-mpnet-base-v4/resolve/main/modules.json.
Please make sure you specified the correct `repo_id` and `repo_type`.
If you are trying to access a private or gated repo, make sure you are authenticated and your token has the required permissions.
For more details, see https://huggingface.co/docs/huggingface_hub/authentication
Invalid username or password.
",ecrtm_hicot,15,palmetto_wikipedia,dieng_unique_words_top15,,
sbert_msmpnet,google_news_ts,100,,,,,42,7.591,error,"401 Client Error. (Request ID: Root=1-6aa6f365-738ebe8b215c012d592cba9a;e3f4fdb5-53f6-4f00-a96a-012fe1c2677c)

Repository Not Found for url: https://huggingface.co/sentence-transformers/msmarco-mpnet-base-v4/resolve/main/modules.json.
Please make sure you specified the correct `repo_id` and `repo_type`.
If you are trying to access a private or gated repo, make sure you are authenticated and your token has the required permissions.
For more details, see https://huggingface.co/docs/huggingface_hub/authentication
Invalid username or password.
httpx.HTTPStatusError: Client error '401 Unauthorized' for url 'https://huggingface.co/sentence-transformers/msmarco-mpnet-base-v4/resolve/main/modules.json'
For more information check: https://developer.mozilla.org/en-US/docs/Web/HTTP/Status/401

The above exception was the direct cause of the following exception:

Traceback (most recent call last):
  File ""/raid/brunoguilherme/DeepGenerativeTopicCluster/src/vaebm_benchmark/experiment/runner.py"", line 364, in run_single
    model.fit(documents)
  File ""/raid/brunoguilherme/DeepGenerativeTopicCluster/src/vaebm_benchmark/models/sbert_kmeans_adapter.py"", line 79, in fit
    self._encoder = SentenceTransformer(self.embedder_name)
                    ^^^^^^^^^^^^^^^^^^^^^^^^^^^^^^^^^^^^^^^
  File ""/raid/brunoguilherme/venvs/dgtc/lib/python3.12/site-packages/sentence_transformers/util/decorators.py"", line 46, in wrapper
    return func(*args, **kwargs)
           ^^^^^^^^^^^^^^^^^^^^^
huggingface_hub.errors.RepositoryNotFoundError: 401 Client Error. (Request ID: Root=1-6aa6f365-738ebe8b215c012d592cba9a;e3f4fdb5-53f6-4f00-a96a-012fe1c2677c)

Repository Not Found for url: https://huggingface.co/sentence-transformers/msmarco-mpnet-base-v4/resolve/main/modules.json.
Please make sure you specified the correct `repo_id` and `repo_type`.
If you are trying to access a private or gated repo, make sure you are authenticated and your token has the required permissions.
For more details, see https://huggingface.co/docs/huggingface_hub/authentication
Invalid username or password.
",ecrtm_hicot,15,palmetto_wikipedia,dieng_unique_words_top15,,
sbert_msmpnet,google_news_ts,100,,,,,42,8.003,error,"401 Client Error. (Request ID: Root=1-6aa6f383-66e8528d7196217b0c6968bd;3c5da997-8512-48e8-a0df-be313dd615cd)

Repository Not Found for url: https://huggingface.co/sentence-transformers/msmarco-mpnet-base-v4/resolve/main/modules.json.
Please make sure you specified the correct `repo_id` and `repo_type`.
If you are trying to access a private or gated repo, make sure you are authenticated and your token has the required permissions.
For more details, see https://huggingface.co/docs/huggingface_hub/authentication
Invalid username or password.
httpx.HTTPStatusError: Client error '401 Unauthorized' for url 'https://huggingface.co/sentence-transformers/msmarco-mpnet-base-v4/resolve/main/modules.json'
For more information check: https://developer.mozilla.org/en-US/docs/Web/HTTP/Status/401

The above exception was the direct cause of the following exception:

Traceback (most recent call last):
  File ""/raid/brunoguilherme/DeepGenerativeTopicCluster/src/vaebm_benchmark/experiment/runner.py"", line 364, in run_single
    model.fit(documents)
  File ""/raid/brunoguilherme/DeepGenerativeTopicCluster/src/vaebm_benchmark/models/sbert_kmeans_adapter.py"", line 79, in fit
    self._encoder = SentenceTransformer(self.embedder_name)
                    ^^^^^^^^^^^^^^^^^^^^^^^^^^^^^^^^^^^^^^^
  File ""/raid/brunoguilherme/venvs/dgtc/lib/python3.12/site-packages/sentence_transformers/util/decorators.py"", line 46, in wrapper
    return func(*args, **kwargs)
           ^^^^^^^^^^^^^^^^^^^^^
huggingface_hub.errors.RepositoryNotFoundError: 401 Client Error. (Request ID: Root=1-6aa6f383-66e8528d7196217b0c6968bd;3c5da997-8512-48e8-a0df-be313dd615cd)

Repository Not Found for url: https://huggingface.co/sentence-transformers/msmarco-mpnet-base-v4/resolve/main/modules.json.
Please make sure you specified the correct `repo_id` and `repo_type`.
If you are trying to access a private or gated repo, make sure you are authenticated and your token has the required permissions.
For more details, see https://huggingface.co/docs/huggingface_hub/authentication
Invalid username or password.
",ecrtm_hicot,15,palmetto_wikipedia,dieng_unique_words_top15,,
sbert_msmpnet,google_news_ts,100,,,,,42,10.494,error,"401 Client Error. (Request ID: Root=1-6aa6f3a3-0a4e71c81c96f32f4656376a;baf5782d-fdc1-4e89-997f-6f745de74dcc)

Repository Not Found for url: https://huggingface.co/sentence-transformers/msmarco-mpnet-base-v4/resolve/main/modules.json.
Please make sure you specified the correct `repo_id` and `repo_type`.
If you are trying to access a private or gated repo, make sure you are authenticated and your token has the required permissions.
For more details, see https://huggingface.co/docs/huggingface_hub/authentication
Invalid username or password.
httpx.HTTPStatusError: Client error '401 Unauthorized' for url 'https://huggingface.co/sentence-transformers/msmarco-mpnet-base-v4/resolve/main/modules.json'
For more information check: https://developer.mozilla.org/en-US/docs/Web/HTTP/Status/401

The above exception was the direct cause of the following exception:

Traceback (most recent call last):
  File ""/raid/brunoguilherme/DeepGenerativeTopicCluster/src/vaebm_benchmark/experiment/runner.py"", line 364, in run_single
    model.fit(documents)
  File ""/raid/brunoguilherme/DeepGenerativeTopicCluster/src/vaebm_benchmark/models/sbert_kmeans_adapter.py"", line 79, in fit
    self._encoder = SentenceTransformer(self.embedder_name)
                    ^^^^^^^^^^^^^^^^^^^^^^^^^^^^^^^^^^^^^^^
  File ""/raid/brunoguilherme/venvs/dgtc/lib/python3.12/site-packages/sentence_transformers/util/decorators.py"", line 46, in wrapper
    return func(*args, **kwargs)
           ^^^^^^^^^^^^^^^^^^^^^
huggingface_hub.errors.RepositoryNotFoundError: 401 Client Error. (Request ID: Root=1-6aa6f3a3-0a4e71c81c96f32f4656376a;baf5782d-fdc1-4e89-997f-6f745de74dcc)

Repository Not Found for url: https://huggingface.co/sentence-transformers/msmarco-mpnet-base-v4/resolve/main/modules.json.
Please make sure you specified the correct `repo_id` and `repo_type`.
If you are trying to access a private or gated repo, make sure you are authenticated and your token has the required permissions.
For more details, see https://huggingface.co/docs/huggingface_hub/authentication
Invalid username or password.
",ecrtm_hicot,15,palmetto_wikipedia,dieng_unique_words_top15,,
sbert_msmpnet,google_news_t,50,,,,,42,6.4,error,"401 Client Error. (Request ID: Root=1-6aa6f3ab-06d735266ad3a9a22b1944da;fec35e87-d556-4a22-a459-6256bca46225)

Repository Not Found for url: https://huggingface.co/sentence-transformers/msmarco-mpnet-base-v4/resolve/main/modules.json.
Please make sure you specified the correct `repo_id` and `repo_type`.
If you are trying to access a private or gated repo, make sure you are authenticated and your token has the required permissions.
For more details, see https://huggingface.co/docs/huggingface_hub/authentication
Invalid username or password.
httpx.HTTPStatusError: Client error '401 Unauthorized' for url 'https://huggingface.co/sentence-transformers/msmarco-mpnet-base-v4/resolve/main/modules.json'
For more information check: https://developer.mozilla.org/en-US/docs/Web/HTTP/Status/401

The above exception was the direct cause of the following exception:

Traceback (most recent call last):
  File ""/raid/brunoguilherme/DeepGenerativeTopicCluster/src/vaebm_benchmark/experiment/runner.py"", line 364, in run_single
    model.fit(documents)
  File ""/raid/brunoguilherme/DeepGenerativeTopicCluster/src/vaebm_benchmark/models/sbert_kmeans_adapter.py"", line 79, in fit
    self._encoder = SentenceTransformer(self.embedder_name)
                    ^^^^^^^^^^^^^^^^^^^^^^^^^^^^^^^^^^^^^^^
  File ""/raid/brunoguilherme/venvs/dgtc/lib/python3.12/site-packages/sentence_transformers/util/decorators.py"", line 46, in wrapper
    return func(*args, **kwargs)
           ^^^^^^^^^^^^^^^^^^^^^
huggingface_hub.errors.RepositoryNotFoundError: 401 Client Error. (Request ID: Root=1-6aa6f3ab-06d735266ad3a9a22b1944da;fec35e87-d556-4a22-a459-6256bca46225)

Repository Not Found for url: https://huggingface.co/sentence-transformers/msmarco-mpnet-base-v4/resolve/main/modules.json.
Please make sure you specified the correct `repo_id` and `repo_type`.
If you are trying to access a private or gated repo, make sure you are authenticated and your token has the required permissions.
For more details, see https://huggingface.co/docs/huggingface_hub/authentication
Invalid username or password.
",ecrtm_hicot,15,palmetto_wikipedia,dieng_unique_words_top15,,
sbert_msmpnet,google_news_t,50,,,,,42,7.086,error,"401 Client Error. (Request ID: Root=1-6aa6f3c8-532435bd75320b3c3b087818;e2ce83f3-d641-4b6c-b8eb-43547b8024fa)

Repository Not Found for url: https://huggingface.co/sentence-transformers/msmarco-mpnet-base-v4/resolve/main/modules.json.
Please make sure you specified the correct `repo_id` and `repo_type`.
If you are trying to access a private or gated repo, make sure you are authenticated and your token has the required permissions.
For more details, see https://huggingface.co/docs/huggingface_hub/authentication
Invalid username or password.
httpx.HTTPStatusError: Client error '401 Unauthorized' for url 'https://huggingface.co/sentence-transformers/msmarco-mpnet-base-v4/resolve/main/modules.json'
For more information check: https://developer.mozilla.org/en-US/docs/Web/HTTP/Status/401

The above exception was the direct cause of the following exception:

Traceback (most recent call last):
  File ""/raid/brunoguilherme/DeepGenerativeTopicCluster/src/vaebm_benchmark/experiment/runner.py"", line 364, in run_single
    model.fit(documents)
  File ""/raid/brunoguilherme/DeepGenerativeTopicCluster/src/vaebm_benchmark/models/sbert_kmeans_adapter.py"", line 79, in fit
    self._encoder = SentenceTransformer(self.embedder_name)
                    ^^^^^^^^^^^^^^^^^^^^^^^^^^^^^^^^^^^^^^^
  File ""/raid/brunoguilherme/venvs/dgtc/lib/python3.12/site-packages/sentence_transformers/util/decorators.py"", line 46, in wrapper
    return func(*args, **kwargs)
           ^^^^^^^^^^^^^^^^^^^^^
huggingface_hub.errors.RepositoryNotFoundError: 401 Client Error. (Request ID: Root=1-6aa6f3c8-532435bd75320b3c3b087818;e2ce83f3-d641-4b6c-b8eb-43547b8024fa)

Repository Not Found for url: https://huggingface.co/sentence-transformers/msmarco-mpnet-base-v4/resolve/main/modules.json.
Please make sure you specified the correct `repo_id` and `repo_type`.
If you are trying to access a private or gated repo, make sure you are authenticated and your token has the required permissions.
For more details, see https://huggingface.co/docs/huggingface_hub/authentication
Invalid username or password.
",ecrtm_hicot,15,palmetto_wikipedia,dieng_unique_words_top15,,
sbert_msmpnet,google_news_t,50,,,,,42,6.579,error,"401 Client Error. (Request ID: Root=1-6aa6f3e4-63ae2d615a8afaf3725650ff;00e65f0a-2564-43cd-81ff-24fce79bfaa6)

Repository Not Found for url: https://huggingface.co/sentence-transformers/msmarco-mpnet-base-v4/resolve/main/modules.json.
Please make sure you specified the correct `repo_id` and `repo_type`.
If you are trying to access a private or gated repo, make sure you are authenticated and your token has the required permissions.
For more details, see https://huggingface.co/docs/huggingface_hub/authentication
Invalid username or password.
httpx.HTTPStatusError: Client error '401 Unauthorized' for url 'https://huggingface.co/sentence-transformers/msmarco-mpnet-base-v4/resolve/main/modules.json'
For more information check: https://developer.mozilla.org/en-US/docs/Web/HTTP/Status/401

The above exception was the direct cause of the following exception:

Traceback (most recent call last):
  File ""/raid/brunoguilherme/DeepGenerativeTopicCluster/src/vaebm_benchmark/experiment/runner.py"", line 364, in run_single
    model.fit(documents)
  File ""/raid/brunoguilherme/DeepGenerativeTopicCluster/src/vaebm_benchmark/models/sbert_kmeans_adapter.py"", line 79, in fit
    self._encoder = SentenceTransformer(self.embedder_name)
                    ^^^^^^^^^^^^^^^^^^^^^^^^^^^^^^^^^^^^^^^
  File ""/raid/brunoguilherme/venvs/dgtc/lib/python3.12/site-packages/sentence_transformers/util/decorators.py"", line 46, in wrapper
    return func(*args, **kwargs)
           ^^^^^^^^^^^^^^^^^^^^^
huggingface_hub.errors.RepositoryNotFoundError: 401 Client Error. (Request ID: Root=1-6aa6f3e4-63ae2d615a8afaf3725650ff;00e65f0a-2564-43cd-81ff-24fce79bfaa6)

Repository Not Found for url: https://huggingface.co/sentence-transformers/msmarco-mpnet-base-v4/resolve/main/modules.json.
Please make sure you specified the correct `repo_id` and `repo_type`.
If you are trying to access a private or gated repo, make sure you are authenticated and your token has the required permissions.
For more details, see https://huggingface.co/docs/huggingface_hub/authentication
Invalid username or password.
",ecrtm_hicot,15,palmetto_wikipedia,dieng_unique_words_top15,,
sbert_msmpnet,google_news_t,100,,,,,42,7.269,error,"401 Client Error. (Request ID: Root=1-6aa6f3ed-6a4a1c7b20338cae255bfe2b;4718e6c6-e1e4-44d5-9dd2-db770b046ec9)

Repository Not Found for url: https://huggingface.co/sentence-transformers/msmarco-mpnet-base-v4/resolve/main/modules.json.
Please make sure you specified the correct `repo_id` and `repo_type`.
If you are trying to access a private or gated repo, make sure you are authenticated and your token has the required permissions.
For more details, see https://huggingface.co/docs/huggingface_hub/authentication
Invalid username or password.
httpx.HTTPStatusError: Client error '401 Unauthorized' for url 'https://huggingface.co/sentence-transformers/msmarco-mpnet-base-v4/resolve/main/modules.json'
For more information check: https://developer.mozilla.org/en-US/docs/Web/HTTP/Status/401

The above exception was the direct cause of the following exception:

Traceback (most recent call last):
  File ""/raid/brunoguilherme/DeepGenerativeTopicCluster/src/vaebm_benchmark/experiment/runner.py"", line 364, in run_single
    model.fit(documents)
  File ""/raid/brunoguilherme/DeepGenerativeTopicCluster/src/vaebm_benchmark/models/sbert_kmeans_adapter.py"", line 79, in fit
    self._encoder = SentenceTransformer(self.embedder_name)
                    ^^^^^^^^^^^^^^^^^^^^^^^^^^^^^^^^^^^^^^^
  File ""/raid/brunoguilherme/venvs/dgtc/lib/python3.12/site-packages/sentence_transformers/util/decorators.py"", line 46, in wrapper
    return func(*args, **kwargs)
           ^^^^^^^^^^^^^^^^^^^^^
huggingface_hub.errors.RepositoryNotFoundError: 401 Client Error. (Request ID: Root=1-6aa6f3ed-6a4a1c7b20338cae255bfe2b;4718e6c6-e1e4-44d5-9dd2-db770b046ec9)

Repository Not Found for url: https://huggingface.co/sentence-transformers/msmarco-mpnet-base-v4/resolve/main/modules.json.
Please make sure you specified the correct `repo_id` and `repo_type`.
If you are trying to access a private or gated repo, make sure you are authenticated and your token has the required permissions.
For more details, see https://huggingface.co/docs/huggingface_hub/authentication
Invalid username or password.
",ecrtm_hicot,15,palmetto_wikipedia,dieng_unique_words_top15,,
sbert_msmpnet,google_news_t,100,,,,,42,9.674,error,"401 Client Error. (Request ID: Root=1-6aa6f40d-755d7af4437558d61bfb18ff;aeffbecd-48c0-45f2-bcc5-c37af697933c)

Repository Not Found for url: https://huggingface.co/sentence-transformers/msmarco-mpnet-base-v4/resolve/main/modules.json.
Please make sure you specified the correct `repo_id` and `repo_type`.
If you are trying to access a private or gated repo, make sure you are authenticated and your token has the required permissions.
For more details, see https://huggingface.co/docs/huggingface_hub/authentication
Invalid username or password.
httpx.HTTPStatusError: Client error '401 Unauthorized' for url 'https://huggingface.co/sentence-transformers/msmarco-mpnet-base-v4/resolve/main/modules.json'
For more information check: https://developer.mozilla.org/en-US/docs/Web/HTTP/Status/401

The above exception was the direct cause of the following exception:

Traceback (most recent call last):
  File ""/raid/brunoguilherme/DeepGenerativeTopicCluster/src/vaebm_benchmark/experiment/runner.py"", line 364, in run_single
    model.fit(documents)
  File ""/raid/brunoguilherme/DeepGenerativeTopicCluster/src/vaebm_benchmark/models/sbert_kmeans_adapter.py"", line 79, in fit
    self._encoder = SentenceTransformer(self.embedder_name)
                    ^^^^^^^^^^^^^^^^^^^^^^^^^^^^^^^^^^^^^^^
  File ""/raid/brunoguilherme/venvs/dgtc/lib/python3.12/site-packages/sentence_transformers/util/decorators.py"", line 46, in wrapper
    return func(*args, **kwargs)
           ^^^^^^^^^^^^^^^^^^^^^
huggingface_hub.errors.RepositoryNotFoundError: 401 Client Error. (Request ID: Root=1-6aa6f40d-755d7af4437558d61bfb18ff;aeffbecd-48c0-45f2-bcc5-c37af697933c)

Repository Not Found for url: https://huggingface.co/sentence-transformers/msmarco-mpnet-base-v4/resolve/main/modules.json.
Please make sure you specified the correct `repo_id` and `repo_type`.
If you are trying to access a private or gated repo, make sure you are authenticated and your token has the required permissions.
For more details, see https://huggingface.co/docs/huggingface_hub/authentication
Invalid username or password.
",ecrtm_hicot,15,palmetto_wikipedia,dieng_unique_words_top15,,
sbert_msmpnet,google_news_t,100,,,,,42,8.09,error,"401 Client Error. (Request ID: Root=1-6aa6f42a-51eb56fb05a304ad73e5de68;7f08d78d-ddcd-4aa6-bfe5-7e125ff11438)

Repository Not Found for url: https://huggingface.co/sentence-transformers/msmarco-mpnet-base-v4/resolve/main/modules.json.
Please make sure you specified the correct `repo_id` and `repo_type`.
If you are trying to access a private or gated repo, make sure you are authenticated and your token has the required permissions.
For more details, see https://huggingface.co/docs/huggingface_hub/authentication
Invalid username or password.
httpx.HTTPStatusError: Client error '401 Unauthorized' for url 'https://huggingface.co/sentence-transformers/msmarco-mpnet-base-v4/resolve/main/modules.json'
For more information check: https://developer.mozilla.org/en-US/docs/Web/HTTP/Status/401

The above exception was the direct cause of the following exception:

Traceback (most recent call last):
  File ""/raid/brunoguilherme/DeepGenerativeTopicCluster/src/vaebm_benchmark/experiment/runner.py"", line 364, in run_single
    model.fit(documents)
  File ""/raid/brunoguilherme/DeepGenerativeTopicCluster/src/vaebm_benchmark/models/sbert_kmeans_adapter.py"", line 79, in fit
    self._encoder = SentenceTransformer(self.embedder_name)
                    ^^^^^^^^^^^^^^^^^^^^^^^^^^^^^^^^^^^^^^^
  File ""/raid/brunoguilherme/venvs/dgtc/lib/python3.12/site-packages/sentence_transformers/util/decorators.py"", line 46, in wrapper
    return func(*args, **kwargs)
           ^^^^^^^^^^^^^^^^^^^^^
huggingface_hub.errors.RepositoryNotFoundError: 401 Client Error. (Request ID: Root=1-6aa6f42a-51eb56fb05a304ad73e5de68;7f08d78d-ddcd-4aa6-bfe5-7e125ff11438)

Repository Not Found for url: https://huggingface.co/sentence-transformers/msmarco-mpnet-base-v4/resolve/main/modules.json.
Please make sure you specified the correct `repo_id` and `repo_type`.
If you are trying to access a private or gated repo, make sure you are authenticated and your token has the required permissions.
For more details, see https://huggingface.co/docs/huggingface_hub/authentication
Invalid username or password.
",ecrtm_hicot,15,palmetto_wikipedia,dieng_unique_words_top15,,
sbert_msmpnet,google_news_s,50,,,,,42,6.148,error,"401 Client Error. (Request ID: Root=1-6aa6f432-4f07781f5d801ebc3d6b61b4;2be4f997-5c49-4344-bc48-ac32deaac299)

Repository Not Found for url: https://huggingface.co/sentence-transformers/msmarco-mpnet-base-v4/resolve/main/modules.json.
Please make sure you specified the correct `repo_id` and `repo_type`.
If you are trying to access a private or gated repo, make sure you are authenticated and your token has the required permissions.
For more details, see https://huggingface.co/docs/huggingface_hub/authentication
Invalid username or password.
httpx.HTTPStatusError: Client error '401 Unauthorized' for url 'https://huggingface.co/sentence-transformers/msmarco-mpnet-base-v4/resolve/main/modules.json'
For more information check: https://developer.mozilla.org/en-US/docs/Web/HTTP/Status/401

The above exception was the direct cause of the following exception:

Traceback (most recent call last):
  File ""/raid/brunoguilherme/DeepGenerativeTopicCluster/src/vaebm_benchmark/experiment/runner.py"", line 364, in run_single
    model.fit(documents)
  File ""/raid/brunoguilherme/DeepGenerativeTopicCluster/src/vaebm_benchmark/models/sbert_kmeans_adapter.py"", line 79, in fit
    self._encoder = SentenceTransformer(self.embedder_name)
                    ^^^^^^^^^^^^^^^^^^^^^^^^^^^^^^^^^^^^^^^
  File ""/raid/brunoguilherme/venvs/dgtc/lib/python3.12/site-packages/sentence_transformers/util/decorators.py"", line 46, in wrapper
    return func(*args, **kwargs)
           ^^^^^^^^^^^^^^^^^^^^^
huggingface_hub.errors.RepositoryNotFoundError: 401 Client Error. (Request ID: Root=1-6aa6f432-4f07781f5d801ebc3d6b61b4;2be4f997-5c49-4344-bc48-ac32deaac299)

Repository Not Found for url: https://huggingface.co/sentence-transformers/msmarco-mpnet-base-v4/resolve/main/modules.json.
Please make sure you specified the correct `repo_id` and `repo_type`.
If you are trying to access a private or gated repo, make sure you are authenticated and your token has the required permissions.
For more details, see https://huggingface.co/docs/huggingface_hub/authentication
Invalid username or password.
",ecrtm_hicot,15,palmetto_wikipedia,dieng_unique_words_top15,,
sbert_msmpnet,google_news_s,50,,,,,42,8.161,error,"401 Client Error. (Request ID: Root=1-6aa6f450-1c57799b5ca8bf0d04785f55;9b756faa-c7c8-4f0b-81da-d5445d12ca04)

Repository Not Found for url: https://huggingface.co/sentence-transformers/msmarco-mpnet-base-v4/resolve/main/modules.json.
Please make sure you specified the correct `repo_id` and `repo_type`.
If you are trying to access a private or gated repo, make sure you are authenticated and your token has the required permissions.
For more details, see https://huggingface.co/docs/huggingface_hub/authentication
Invalid username or password.
httpx.HTTPStatusError: Client error '401 Unauthorized' for url 'https://huggingface.co/sentence-transformers/msmarco-mpnet-base-v4/resolve/main/modules.json'
For more information check: https://developer.mozilla.org/en-US/docs/Web/HTTP/Status/401

The above exception was the direct cause of the following exception:

Traceback (most recent call last):
  File ""/raid/brunoguilherme/DeepGenerativeTopicCluster/src/vaebm_benchmark/experiment/runner.py"", line 364, in run_single
    model.fit(documents)
  File ""/raid/brunoguilherme/DeepGenerativeTopicCluster/src/vaebm_benchmark/models/sbert_kmeans_adapter.py"", line 79, in fit
    self._encoder = SentenceTransformer(self.embedder_name)
                    ^^^^^^^^^^^^^^^^^^^^^^^^^^^^^^^^^^^^^^^
  File ""/raid/brunoguilherme/venvs/dgtc/lib/python3.12/site-packages/sentence_transformers/util/decorators.py"", line 46, in wrapper
    return func(*args, **kwargs)
           ^^^^^^^^^^^^^^^^^^^^^
huggingface_hub.errors.RepositoryNotFoundError: 401 Client Error. (Request ID: Root=1-6aa6f450-1c57799b5ca8bf0d04785f55;9b756faa-c7c8-4f0b-81da-d5445d12ca04)

Repository Not Found for url: https://huggingface.co/sentence-transformers/msmarco-mpnet-base-v4/resolve/main/modules.json.
Please make sure you specified the correct `repo_id` and `repo_type`.
If you are trying to access a private or gated repo, make sure you are authenticated and your token has the required permissions.
For more details, see https://huggingface.co/docs/huggingface_hub/authentication
Invalid username or password.
",ecrtm_hicot,15,palmetto_wikipedia,dieng_unique_words_top15,,
sbert_msmpnet,google_news_s,50,,,,,42,6.704,error,"401 Client Error. (Request ID: Root=1-6aa6f46d-6b8a3a9374789244018bdce8;b7585ad1-5e17-47fd-81a2-64c5fb952c19)

Repository Not Found for url: https://huggingface.co/sentence-transformers/msmarco-mpnet-base-v4/resolve/main/modules.json.
Please make sure you specified the correct `repo_id` and `repo_type`.
If you are trying to access a private or gated repo, make sure you are authenticated and your token has the required permissions.
For more details, see https://huggingface.co/docs/huggingface_hub/authentication
Invalid username or password.
httpx.HTTPStatusError: Client error '401 Unauthorized' for url 'https://huggingface.co/sentence-transformers/msmarco-mpnet-base-v4/resolve/main/modules.json'
For more information check: https://developer.mozilla.org/en-US/docs/Web/HTTP/Status/401

The above exception was the direct cause of the following exception:

Traceback (most recent call last):
  File ""/raid/brunoguilherme/DeepGenerativeTopicCluster/src/vaebm_benchmark/experiment/runner.py"", line 364, in run_single
    model.fit(documents)
  File ""/raid/brunoguilherme/DeepGenerativeTopicCluster/src/vaebm_benchmark/models/sbert_kmeans_adapter.py"", line 79, in fit
    self._encoder = SentenceTransformer(self.embedder_name)
                    ^^^^^^^^^^^^^^^^^^^^^^^^^^^^^^^^^^^^^^^
  File ""/raid/brunoguilherme/venvs/dgtc/lib/python3.12/site-packages/sentence_transformers/util/decorators.py"", line 46, in wrapper
    return func(*args, **kwargs)
           ^^^^^^^^^^^^^^^^^^^^^
huggingface_hub.errors.RepositoryNotFoundError: 401 Client Error. (Request ID: Root=1-6aa6f46d-6b8a3a9374789244018bdce8;b7585ad1-5e17-47fd-81a2-64c5fb952c19)

Repository Not Found for url: https://huggingface.co/sentence-transformers/msmarco-mpnet-base-v4/resolve/main/modules.json.
Please make sure you specified the correct `repo_id` and `repo_type`.
If you are trying to access a private or gated repo, make sure you are authenticated and your token has the required permissions.
For more details, see https://huggingface.co/docs/huggingface_hub/authentication
Invalid username or password.
",ecrtm_hicot,15,palmetto_wikipedia,dieng_unique_words_top15,,
sbert_msmpnet,google_news_s,100,,,,,42,6.402,error,"401 Client Error. (Request ID: Root=1-6aa6f475-442074966212912614e6709f;2a27ec14-6fbc-4ac9-87a7-9fe541d563ae)

Repository Not Found for url: https://huggingface.co/sentence-transformers/msmarco-mpnet-base-v4/resolve/main/modules.json.
Please make sure you specified the correct `repo_id` and `repo_type`.
If you are trying to access a private or gated repo, make sure you are authenticated and your token has the required permissions.
For more details, see https://huggingface.co/docs/huggingface_hub/authentication
Invalid username or password.
httpx.HTTPStatusError: Client error '401 Unauthorized' for url 'https://huggingface.co/sentence-transformers/msmarco-mpnet-base-v4/resolve/main/modules.json'
For more information check: https://developer.mozilla.org/en-US/docs/Web/HTTP/Status/401

The above exception was the direct cause of the following exception:

Traceback (most recent call last):
  File ""/raid/brunoguilherme/DeepGenerativeTopicCluster/src/vaebm_benchmark/experiment/runner.py"", line 364, in run_single
    model.fit(documents)
  File ""/raid/brunoguilherme/DeepGenerativeTopicCluster/src/vaebm_benchmark/models/sbert_kmeans_adapter.py"", line 79, in fit
    self._encoder = SentenceTransformer(self.embedder_name)
                    ^^^^^^^^^^^^^^^^^^^^^^^^^^^^^^^^^^^^^^^
  File ""/raid/brunoguilherme/venvs/dgtc/lib/python3.12/site-packages/sentence_transformers/util/decorators.py"", line 46, in wrapper
    return func(*args, **kwargs)
           ^^^^^^^^^^^^^^^^^^^^^
huggingface_hub.errors.RepositoryNotFoundError: 401 Client Error. (Request ID: Root=1-6aa6f475-442074966212912614e6709f;2a27ec14-6fbc-4ac9-87a7-9fe541d563ae)

Repository Not Found for url: https://huggingface.co/sentence-transformers/msmarco-mpnet-base-v4/resolve/main/modules.json.
Please make sure you specified the correct `repo_id` and `repo_type`.
If you are trying to access a private or gated repo, make sure you are authenticated and your token has the required permissions.
For more details, see https://huggingface.co/docs/huggingface_hub/authentication
Invalid username or password.
",ecrtm_hicot,15,palmetto_wikipedia,dieng_unique_words_top15,,
sbert_msmpnet,google_news_s,100,,,,,42,8.125,error,"401 Client Error. (Request ID: Root=1-6aa6f492-431cfbdb73dd3f041c394111;8a77e3b7-4bbc-4ec1-b4a2-9066f69100ed)

Repository Not Found for url: https://huggingface.co/sentence-transformers/msmarco-mpnet-base-v4/resolve/main/modules.json.
Please make sure you specified the correct `repo_id` and `repo_type`.
If you are trying to access a private or gated repo, make sure you are authenticated and your token has the required permissions.
For more details, see https://huggingface.co/docs/huggingface_hub/authentication
Invalid username or password.
httpx.HTTPStatusError: Client error '401 Unauthorized' for url 'https://huggingface.co/sentence-transformers/msmarco-mpnet-base-v4/resolve/main/modules.json'
For more information check: https://developer.mozilla.org/en-US/docs/Web/HTTP/Status/401

The above exception was the direct cause of the following exception:

Traceback (most recent call last):
  File ""/raid/brunoguilherme/DeepGenerativeTopicCluster/src/vaebm_benchmark/experiment/runner.py"", line 364, in run_single
    model.fit(documents)
  File ""/raid/brunoguilherme/DeepGenerativeTopicCluster/src/vaebm_benchmark/models/sbert_kmeans_adapter.py"", line 79, in fit
    self._encoder = SentenceTransformer(self.embedder_name)
                    ^^^^^^^^^^^^^^^^^^^^^^^^^^^^^^^^^^^^^^^
  File ""/raid/brunoguilherme/venvs/dgtc/lib/python3.12/site-packages/sentence_transformers/util/decorators.py"", line 46, in wrapper
    return func(*args, **kwargs)
           ^^^^^^^^^^^^^^^^^^^^^
huggingface_hub.errors.RepositoryNotFoundError: 401 Client Error. (Request ID: Root=1-6aa6f492-431cfbdb73dd3f041c394111;8a77e3b7-4bbc-4ec1-b4a2-9066f69100ed)

Repository Not Found for url: https://huggingface.co/sentence-transformers/msmarco-mpnet-base-v4/resolve/main/modules.json.
Please make sure you specified the correct `repo_id` and `repo_type`.
If you are trying to access a private or gated repo, make sure you are authenticated and your token has the required permissions.
For more details, see https://huggingface.co/docs/huggingface_hub/authentication
Invalid username or password.
",ecrtm_hicot,15,palmetto_wikipedia,dieng_unique_words_top15,,
sbert_msmpnet,google_news_s,100,,,,,42,7.05,error,"401 Client Error. (Request ID: Root=1-6aa6f4af-53e348bb26d8e61c62dade1c;ab637088-37d4-4fa7-9ea6-79289533461b)

Repository Not Found for url: https://huggingface.co/sentence-transformers/msmarco-mpnet-base-v4/resolve/main/modules.json.
Please make sure you specified the correct `repo_id` and `repo_type`.
If you are trying to access a private or gated repo, make sure you are authenticated and your token has the required permissions.
For more details, see https://huggingface.co/docs/huggingface_hub/authentication
Invalid username or password.
httpx.HTTPStatusError: Client error '401 Unauthorized' for url 'https://huggingface.co/sentence-transformers/msmarco-mpnet-base-v4/resolve/main/modules.json'
For more information check: https://developer.mozilla.org/en-US/docs/Web/HTTP/Status/401

The above exception was the direct cause of the following exception:

Traceback (most recent call last):
  File ""/raid/brunoguilherme/DeepGenerativeTopicCluster/src/vaebm_benchmark/experiment/runner.py"", line 364, in run_single
    model.fit(documents)
  File ""/raid/brunoguilherme/DeepGenerativeTopicCluster/src/vaebm_benchmark/models/sbert_kmeans_adapter.py"", line 79, in fit
    self._encoder = SentenceTransformer(self.embedder_name)
                    ^^^^^^^^^^^^^^^^^^^^^^^^^^^^^^^^^^^^^^^
  File ""/raid/brunoguilherme/venvs/dgtc/lib/python3.12/site-packages/sentence_transformers/util/decorators.py"", line 46, in wrapper
    return func(*args, **kwargs)
           ^^^^^^^^^^^^^^^^^^^^^
huggingface_hub.errors.RepositoryNotFoundError: 401 Client Error. (Request ID: Root=1-6aa6f4af-53e348bb26d8e61c62dade1c;ab637088-37d4-4fa7-9ea6-79289533461b)

Repository Not Found for url: https://huggingface.co/sentence-transformers/msmarco-mpnet-base-v4/resolve/main/modules.json.
Please make sure you specified the correct `repo_id` and `repo_type`.
If you are trying to access a private or gated repo, make sure you are authenticated and your token has the required permissions.
For more details, see https://huggingface.co/docs/huggingface_hub/authentication
Invalid username or password.
",ecrtm_hicot,15,palmetto_wikipedia,dieng_unique_words_top15,,
sbert_msmpnet,tweet,50,,,,,42,7.441,error,"401 Client Error. (Request ID: Root=1-6aa6f4b8-36116fec27ba2f894ea5f08e;920dbe13-f50f-4c18-95f8-a55134e4b38d)

Repository Not Found for url: https://huggingface.co/sentence-transformers/msmarco-mpnet-base-v4/resolve/main/modules.json.
Please make sure you specified the correct `repo_id` and `repo_type`.
If you are trying to access a private or gated repo, make sure you are authenticated and your token has the required permissions.
For more details, see https://huggingface.co/docs/huggingface_hub/authentication
Invalid username or password.
httpx.HTTPStatusError: Client error '401 Unauthorized' for url 'https://huggingface.co/sentence-transformers/msmarco-mpnet-base-v4/resolve/main/modules.json'
For more information check: https://developer.mozilla.org/en-US/docs/Web/HTTP/Status/401

The above exception was the direct cause of the following exception:

Traceback (most recent call last):
  File ""/raid/brunoguilherme/DeepGenerativeTopicCluster/src/vaebm_benchmark/experiment/runner.py"", line 364, in run_single
    model.fit(documents)
  File ""/raid/brunoguilherme/DeepGenerativeTopicCluster/src/vaebm_benchmark/models/sbert_kmeans_adapter.py"", line 79, in fit
    self._encoder = SentenceTransformer(self.embedder_name)
                    ^^^^^^^^^^^^^^^^^^^^^^^^^^^^^^^^^^^^^^^
  File ""/raid/brunoguilherme/venvs/dgtc/lib/python3.12/site-packages/sentence_transformers/util/decorators.py"", line 46, in wrapper
    return func(*args, **kwargs)
           ^^^^^^^^^^^^^^^^^^^^^
huggingface_hub.errors.RepositoryNotFoundError: 401 Client Error. (Request ID: Root=1-6aa6f4b8-36116fec27ba2f894ea5f08e;920dbe13-f50f-4c18-95f8-a55134e4b38d)

Repository Not Found for url: https://huggingface.co/sentence-transformers/msmarco-mpnet-base-v4/resolve/main/modules.json.
Please make sure you specified the correct `repo_id` and `repo_type`.
If you are trying to access a private or gated repo, make sure you are authenticated and your token has the required permissions.
For more details, see https://huggingface.co/docs/huggingface_hub/authentication
Invalid username or password.
",ecrtm_hicot,15,palmetto_wikipedia,dieng_unique_words_top15,,
sbert_msmpnet,tweet,50,,,,,42,7.856,error,"401 Client Error. (Request ID: Root=1-6aa6f4d6-1eea1f774cbf8a891313edb9;9499af3c-ee83-4b19-bbe6-272c504e5338)

Repository Not Found for url: https://huggingface.co/sentence-transformers/msmarco-mpnet-base-v4/resolve/main/modules.json.
Please make sure you specified the correct `repo_id` and `repo_type`.
If you are trying to access a private or gated repo, make sure you are authenticated and your token has the required permissions.
For more details, see https://huggingface.co/docs/huggingface_hub/authentication
Invalid username or password.
httpx.HTTPStatusError: Client error '401 Unauthorized' for url 'https://huggingface.co/sentence-transformers/msmarco-mpnet-base-v4/resolve/main/modules.json'
For more information check: https://developer.mozilla.org/en-US/docs/Web/HTTP/Status/401

The above exception was the direct cause of the following exception:

Traceback (most recent call last):
  File ""/raid/brunoguilherme/DeepGenerativeTopicCluster/src/vaebm_benchmark/experiment/runner.py"", line 364, in run_single
    model.fit(documents)
  File ""/raid/brunoguilherme/DeepGenerativeTopicCluster/src/vaebm_benchmark/models/sbert_kmeans_adapter.py"", line 79, in fit
    self._encoder = SentenceTransformer(self.embedder_name)
                    ^^^^^^^^^^^^^^^^^^^^^^^^^^^^^^^^^^^^^^^
  File ""/raid/brunoguilherme/venvs/dgtc/lib/python3.12/site-packages/sentence_transformers/util/decorators.py"", line 46, in wrapper
    return func(*args, **kwargs)
           ^^^^^^^^^^^^^^^^^^^^^
huggingface_hub.errors.RepositoryNotFoundError: 401 Client Error. (Request ID: Root=1-6aa6f4d6-1eea1f774cbf8a891313edb9;9499af3c-ee83-4b19-bbe6-272c504e5338)

Repository Not Found for url: https://huggingface.co/sentence-transformers/msmarco-mpnet-base-v4/resolve/main/modules.json.
Please make sure you specified the correct `repo_id` and `repo_type`.
If you are trying to access a private or gated repo, make sure you are authenticated and your token has the required permissions.
For more details, see https://huggingface.co/docs/huggingface_hub/authentication
Invalid username or password.
",ecrtm_hicot,15,palmetto_wikipedia,dieng_unique_words_top15,,
sbert_msmpnet,tweet,50,,,,,42,6.812,error,"401 Client Error. (Request ID: Root=1-6aa6f4f2-0fe4f87006b88d4960b78ddb;e4d7847c-d395-496c-92c8-3a7333376c98)

Repository Not Found for url: https://huggingface.co/sentence-transformers/msmarco-mpnet-base-v4/resolve/main/modules.json.
Please make sure you specified the correct `repo_id` and `repo_type`.
If you are trying to access a private or gated repo, make sure you are authenticated and your token has the required permissions.
For more details, see https://huggingface.co/docs/huggingface_hub/authentication
Invalid username or password.
httpx.HTTPStatusError: Client error '401 Unauthorized' for url 'https://huggingface.co/sentence-transformers/msmarco-mpnet-base-v4/resolve/main/modules.json'
For more information check: https://developer.mozilla.org/en-US/docs/Web/HTTP/Status/401

The above exception was the direct cause of the following exception:

Traceback (most recent call last):
  File ""/raid/brunoguilherme/DeepGenerativeTopicCluster/src/vaebm_benchmark/experiment/runner.py"", line 364, in run_single
    model.fit(documents)
  File ""/raid/brunoguilherme/DeepGenerativeTopicCluster/src/vaebm_benchmark/models/sbert_kmeans_adapter.py"", line 79, in fit
    self._encoder = SentenceTransformer(self.embedder_name)
                    ^^^^^^^^^^^^^^^^^^^^^^^^^^^^^^^^^^^^^^^
  File ""/raid/brunoguilherme/venvs/dgtc/lib/python3.12/site-packages/sentence_transformers/util/decorators.py"", line 46, in wrapper
    return func(*args, **kwargs)
           ^^^^^^^^^^^^^^^^^^^^^
huggingface_hub.errors.RepositoryNotFoundError: 401 Client Error. (Request ID: Root=1-6aa6f4f2-0fe4f87006b88d4960b78ddb;e4d7847c-d395-496c-92c8-3a7333376c98)

Repository Not Found for url: https://huggingface.co/sentence-transformers/msmarco-mpnet-base-v4/resolve/main/modules.json.
Please make sure you specified the correct `repo_id` and `repo_type`.
If you are trying to access a private or gated repo, make sure you are authenticated and your token has the required permissions.
For more details, see https://huggingface.co/docs/huggingface_hub/authentication
Invalid username or password.
",ecrtm_hicot,15,palmetto_wikipedia,dieng_unique_words_top15,,
sbert_msmpnet,tweet,100,,,,,42,7.494,error,"401 Client Error. (Request ID: Root=1-6aa6f4fb-704252c853efbc0762965c2f;aa64ebc4-91cf-45be-bc1f-34cdf9e62e27)

Repository Not Found for url: https://huggingface.co/sentence-transformers/msmarco-mpnet-base-v4/resolve/main/modules.json.
Please make sure you specified the correct `repo_id` and `repo_type`.
If you are trying to access a private or gated repo, make sure you are authenticated and your token has the required permissions.
For more details, see https://huggingface.co/docs/huggingface_hub/authentication
Invalid username or password.
httpx.HTTPStatusError: Client error '401 Unauthorized' for url 'https://huggingface.co/sentence-transformers/msmarco-mpnet-base-v4/resolve/main/modules.json'
For more information check: https://developer.mozilla.org/en-US/docs/Web/HTTP/Status/401

The above exception was the direct cause of the following exception:

Traceback (most recent call last):
  File ""/raid/brunoguilherme/DeepGenerativeTopicCluster/src/vaebm_benchmark/experiment/runner.py"", line 364, in run_single
    model.fit(documents)
  File ""/raid/brunoguilherme/DeepGenerativeTopicCluster/src/vaebm_benchmark/models/sbert_kmeans_adapter.py"", line 79, in fit
    self._encoder = SentenceTransformer(self.embedder_name)
                    ^^^^^^^^^^^^^^^^^^^^^^^^^^^^^^^^^^^^^^^
  File ""/raid/brunoguilherme/venvs/dgtc/lib/python3.12/site-packages/sentence_transformers/util/decorators.py"", line 46, in wrapper
    return func(*args, **kwargs)
           ^^^^^^^^^^^^^^^^^^^^^
huggingface_hub.errors.RepositoryNotFoundError: 401 Client Error. (Request ID: Root=1-6aa6f4fb-704252c853efbc0762965c2f;aa64ebc4-91cf-45be-bc1f-34cdf9e62e27)

Repository Not Found for url: https://huggingface.co/sentence-transformers/msmarco-mpnet-base-v4/resolve/main/modules.json.
Please make sure you specified the correct `repo_id` and `repo_type`.
If you are trying to access a private or gated repo, make sure you are authenticated and your token has the required permissions.
For more details, see https://huggingface.co/docs/huggingface_hub/authentication
Invalid username or password.
",ecrtm_hicot,15,palmetto_wikipedia,dieng_unique_words_top15,,
sbert_msmpnet,tweet,100,,,,,42,9.603,error,"401 Client Error. (Request ID: Root=1-6aa6f51a-65bce9c433b922256eb5bfce;69c1fcbf-6b0f-493c-bda5-325910b5b24f)

Repository Not Found for url: https://huggingface.co/sentence-transformers/msmarco-mpnet-base-v4/resolve/main/modules.json.
Please make sure you specified the correct `repo_id` and `repo_type`.
If you are trying to access a private or gated repo, make sure you are authenticated and your token has the required permissions.
For more details, see https://huggingface.co/docs/huggingface_hub/authentication
Invalid username or password.
httpx.HTTPStatusError: Client error '401 Unauthorized' for url 'https://huggingface.co/sentence-transformers/msmarco-mpnet-base-v4/resolve/main/modules.json'
For more information check: https://developer.mozilla.org/en-US/docs/Web/HTTP/Status/401

The above exception was the direct cause of the following exception:

Traceback (most recent call last):
  File ""/raid/brunoguilherme/DeepGenerativeTopicCluster/src/vaebm_benchmark/experiment/runner.py"", line 364, in run_single
    model.fit(documents)
  File ""/raid/brunoguilherme/DeepGenerativeTopicCluster/src/vaebm_benchmark/models/sbert_kmeans_adapter.py"", line 79, in fit
    self._encoder = SentenceTransformer(self.embedder_name)
                    ^^^^^^^^^^^^^^^^^^^^^^^^^^^^^^^^^^^^^^^
  File ""/raid/brunoguilherme/venvs/dgtc/lib/python3.12/site-packages/sentence_transformers/util/decorators.py"", line 46, in wrapper
    return func(*args, **kwargs)
           ^^^^^^^^^^^^^^^^^^^^^
huggingface_hub.errors.RepositoryNotFoundError: 401 Client Error. (Request ID: Root=1-6aa6f51a-65bce9c433b922256eb5bfce;69c1fcbf-6b0f-493c-bda5-325910b5b24f)

Repository Not Found for url: https://huggingface.co/sentence-transformers/msmarco-mpnet-base-v4/resolve/main/modules.json.
Please make sure you specified the correct `repo_id` and `repo_type`.
If you are trying to access a private or gated repo, make sure you are authenticated and your token has the required permissions.
For more details, see https://huggingface.co/docs/huggingface_hub/authentication
Invalid username or password.
",ecrtm_hicot,15,palmetto_wikipedia,dieng_unique_words_top15,,
sbert_msmpnet,tweet,100,,,,,42,7.991,error,"401 Client Error. (Request ID: Root=1-6aa6f538-562a1f0f1e8618b30e1952bb;e221ed57-d692-4a80-a766-9e322b72d0a8)

Repository Not Found for url: https://huggingface.co/sentence-transformers/msmarco-mpnet-base-v4/resolve/main/modules.json.
Please make sure you specified the correct `repo_id` and `repo_type`.
If you are trying to access a private or gated repo, make sure you are authenticated and your token has the required permissions.
For more details, see https://huggingface.co/docs/huggingface_hub/authentication
Invalid username or password.
httpx.HTTPStatusError: Client error '401 Unauthorized' for url 'https://huggingface.co/sentence-transformers/msmarco-mpnet-base-v4/resolve/main/modules.json'
For more information check: https://developer.mozilla.org/en-US/docs/Web/HTTP/Status/401

The above exception was the direct cause of the following exception:

Traceback (most recent call last):
  File ""/raid/brunoguilherme/DeepGenerativeTopicCluster/src/vaebm_benchmark/experiment/runner.py"", line 364, in run_single
    model.fit(documents)
  File ""/raid/brunoguilherme/DeepGenerativeTopicCluster/src/vaebm_benchmark/models/sbert_kmeans_adapter.py"", line 79, in fit
    self._encoder = SentenceTransformer(self.embedder_name)
                    ^^^^^^^^^^^^^^^^^^^^^^^^^^^^^^^^^^^^^^^
  File ""/raid/brunoguilherme/venvs/dgtc/lib/python3.12/site-packages/sentence_transformers/util/decorators.py"", line 46, in wrapper
    return func(*args, **kwargs)
           ^^^^^^^^^^^^^^^^^^^^^
huggingface_hub.errors.RepositoryNotFoundError: 401 Client Error. (Request ID: Root=1-6aa6f538-562a1f0f1e8618b30e1952bb;e221ed57-d692-4a80-a766-9e322b72d0a8)

Repository Not Found for url: https://huggingface.co/sentence-transformers/msmarco-mpnet-base-v4/resolve/main/modules.json.
Please make sure you specified the correct `repo_id` and `repo_type`.
If you are trying to access a private or gated repo, make sure you are authenticated and your token has the required permissions.
For more details, see https://huggingface.co/docs/huggingface_hub/authentication
Invalid username or password.
",ecrtm_hicot,15,palmetto_wikipedia,dieng_unique_words_top15,,
sbert_msmpnet,hicot_20ng,50,,,,,42,6.441,error,"401 Client Error. (Request ID: Root=1-6aa6f540-1fd535cf4dabcd4e6385950c;8e045a53-6fdd-4224-a884-bebb97bb80cd)

Repository Not Found for url: https://huggingface.co/sentence-transformers/msmarco-mpnet-base-v4/resolve/main/modules.json.
Please make sure you specified the correct `repo_id` and `repo_type`.
If you are trying to access a private or gated repo, make sure you are authenticated and your token has the required permissions.
For more details, see https://huggingface.co/docs/huggingface_hub/authentication
Invalid username or password.
httpx.HTTPStatusError: Client error '401 Unauthorized' for url 'https://huggingface.co/sentence-transformers/msmarco-mpnet-base-v4/resolve/main/modules.json'
For more information check: https://developer.mozilla.org/en-US/docs/Web/HTTP/Status/401

The above exception was the direct cause of the following exception:

Traceback (most recent call last):
  File ""/raid/brunoguilherme/DeepGenerativeTopicCluster/src/vaebm_benchmark/experiment/runner.py"", line 364, in run_single
    model.fit(documents)
  File ""/raid/brunoguilherme/DeepGenerativeTopicCluster/src/vaebm_benchmark/models/sbert_kmeans_adapter.py"", line 79, in fit
    self._encoder = SentenceTransformer(self.embedder_name)
                    ^^^^^^^^^^^^^^^^^^^^^^^^^^^^^^^^^^^^^^^
  File ""/raid/brunoguilherme/venvs/dgtc/lib/python3.12/site-packages/sentence_transformers/util/decorators.py"", line 46, in wrapper
    return func(*args, **kwargs)
           ^^^^^^^^^^^^^^^^^^^^^
huggingface_hub.errors.RepositoryNotFoundError: 401 Client Error. (Request ID: Root=1-6aa6f540-1fd535cf4dabcd4e6385950c;8e045a53-6fdd-4224-a884-bebb97bb80cd)

Repository Not Found for url: https://huggingface.co/sentence-transformers/msmarco-mpnet-base-v4/resolve/main/modules.json.
Please make sure you specified the correct `repo_id` and `repo_type`.
If you are trying to access a private or gated repo, make sure you are authenticated and your token has the required permissions.
For more details, see https://huggingface.co/docs/huggingface_hub/authentication
Invalid username or password.
",ecrtm_hicot,15,palmetto_wikipedia,dieng_unique_words_top15,,
sbert_msmpnet,hicot_20ng,50,,,,,42,7.847,error,"401 Client Error. (Request ID: Root=1-6aa6f55e-16d221150f5fafb540b0ad51;5742462b-f977-4f64-867d-c39befec5878)

Repository Not Found for url: https://huggingface.co/sentence-transformers/msmarco-mpnet-base-v4/resolve/main/modules.json.
Please make sure you specified the correct `repo_id` and `repo_type`.
If you are trying to access a private or gated repo, make sure you are authenticated and your token has the required permissions.
For more details, see https://huggingface.co/docs/huggingface_hub/authentication
Invalid username or password.
httpx.HTTPStatusError: Client error '401 Unauthorized' for url 'https://huggingface.co/sentence-transformers/msmarco-mpnet-base-v4/resolve/main/modules.json'
For more information check: https://developer.mozilla.org/en-US/docs/Web/HTTP/Status/401

The above exception was the direct cause of the following exception:

Traceback (most recent call last):
  File ""/raid/brunoguilherme/DeepGenerativeTopicCluster/src/vaebm_benchmark/experiment/runner.py"", line 364, in run_single
    model.fit(documents)
  File ""/raid/brunoguilherme/DeepGenerativeTopicCluster/src/vaebm_benchmark/models/sbert_kmeans_adapter.py"", line 79, in fit
    self._encoder = SentenceTransformer(self.embedder_name)
                    ^^^^^^^^^^^^^^^^^^^^^^^^^^^^^^^^^^^^^^^
  File ""/raid/brunoguilherme/venvs/dgtc/lib/python3.12/site-packages/sentence_transformers/util/decorators.py"", line 46, in wrapper
    return func(*args, **kwargs)
           ^^^^^^^^^^^^^^^^^^^^^
huggingface_hub.errors.RepositoryNotFoundError: 401 Client Error. (Request ID: Root=1-6aa6f55e-16d221150f5fafb540b0ad51;5742462b-f977-4f64-867d-c39befec5878)

Repository Not Found for url: https://huggingface.co/sentence-transformers/msmarco-mpnet-base-v4/resolve/main/modules.json.
Please make sure you specified the correct `repo_id` and `repo_type`.
If you are trying to access a private or gated repo, make sure you are authenticated and your token has the required permissions.
For more details, see https://huggingface.co/docs/huggingface_hub/authentication
Invalid username or password.
",ecrtm_hicot,15,palmetto_wikipedia,dieng_unique_words_top15,,
sbert_msmpnet,hicot_20ng,50,,,,,42,7.051,error,"401 Client Error. (Request ID: Root=1-6aa6f57b-6609e5f64f8ea32d2f850720;f5093802-ef4d-4c80-b501-c632b5d3cf36)

Repository Not Found for url: https://huggingface.co/sentence-transformers/msmarco-mpnet-base-v4/resolve/main/modules.json.
Please make sure you specified the correct `repo_id` and `repo_type`.
If you are trying to access a private or gated repo, make sure you are authenticated and your token has the required permissions.
For more details, see https://huggingface.co/docs/huggingface_hub/authentication
Invalid username or password.
httpx.HTTPStatusError: Client error '401 Unauthorized' for url 'https://huggingface.co/sentence-transformers/msmarco-mpnet-base-v4/resolve/main/modules.json'
For more information check: https://developer.mozilla.org/en-US/docs/Web/HTTP/Status/401

The above exception was the direct cause of the following exception:

Traceback (most recent call last):
  File ""/raid/brunoguilherme/DeepGenerativeTopicCluster/src/vaebm_benchmark/experiment/runner.py"", line 364, in run_single
    model.fit(documents)
  File ""/raid/brunoguilherme/DeepGenerativeTopicCluster/src/vaebm_benchmark/models/sbert_kmeans_adapter.py"", line 79, in fit
    self._encoder = SentenceTransformer(self.embedder_name)
                    ^^^^^^^^^^^^^^^^^^^^^^^^^^^^^^^^^^^^^^^
  File ""/raid/brunoguilherme/venvs/dgtc/lib/python3.12/site-packages/sentence_transformers/util/decorators.py"", line 46, in wrapper
    return func(*args, **kwargs)
           ^^^^^^^^^^^^^^^^^^^^^
huggingface_hub.errors.RepositoryNotFoundError: 401 Client Error. (Request ID: Root=1-6aa6f57b-6609e5f64f8ea32d2f850720;f5093802-ef4d-4c80-b501-c632b5d3cf36)

Repository Not Found for url: https://huggingface.co/sentence-transformers/msmarco-mpnet-base-v4/resolve/main/modules.json.
Please make sure you specified the correct `repo_id` and `repo_type`.
If you are trying to access a private or gated repo, make sure you are authenticated and your token has the required permissions.
For more details, see https://huggingface.co/docs/huggingface_hub/authentication
Invalid username or password.
",ecrtm_hicot,15,palmetto_wikipedia,dieng_unique_words_top15,,
sbert_msmpnet,hicot_20ng,100,,,,,42,6.917,error,"401 Client Error. (Request ID: Root=1-6aa6f583-5c0c249e30aa616236b7c473;77bda8a3-5082-45f6-af07-51230d535e1c)

Repository Not Found for url: https://huggingface.co/sentence-transformers/msmarco-mpnet-base-v4/resolve/main/modules.json.
Please make sure you specified the correct `repo_id` and `repo_type`.
If you are trying to access a private or gated repo, make sure you are authenticated and your token has the required permissions.
For more details, see https://huggingface.co/docs/huggingface_hub/authentication
Invalid username or password.
httpx.HTTPStatusError: Client error '401 Unauthorized' for url 'https://huggingface.co/sentence-transformers/msmarco-mpnet-base-v4/resolve/main/modules.json'
For more information check: https://developer.mozilla.org/en-US/docs/Web/HTTP/Status/401

The above exception was the direct cause of the following exception:

Traceback (most recent call last):
  File ""/raid/brunoguilherme/DeepGenerativeTopicCluster/src/vaebm_benchmark/experiment/runner.py"", line 364, in run_single
    model.fit(documents)
  File ""/raid/brunoguilherme/DeepGenerativeTopicCluster/src/vaebm_benchmark/models/sbert_kmeans_adapter.py"", line 79, in fit
    self._encoder = SentenceTransformer(self.embedder_name)
                    ^^^^^^^^^^^^^^^^^^^^^^^^^^^^^^^^^^^^^^^
  File ""/raid/brunoguilherme/venvs/dgtc/lib/python3.12/site-packages/sentence_transformers/util/decorators.py"", line 46, in wrapper
    return func(*args, **kwargs)
           ^^^^^^^^^^^^^^^^^^^^^
huggingface_hub.errors.RepositoryNotFoundError: 401 Client Error. (Request ID: Root=1-6aa6f583-5c0c249e30aa616236b7c473;77bda8a3-5082-45f6-af07-51230d535e1c)

Repository Not Found for url: https://huggingface.co/sentence-transformers/msmarco-mpnet-base-v4/resolve/main/modules.json.
Please make sure you specified the correct `repo_id` and `repo_type`.
If you are trying to access a private or gated repo, make sure you are authenticated and your token has the required permissions.
For more details, see https://huggingface.co/docs/huggingface_hub/authentication
Invalid username or password.
",ecrtm_hicot,15,palmetto_wikipedia,dieng_unique_words_top15,,
sbert_msmpnet,hicot_20ng,100,,,,,42,7.97,error,"401 Client Error. (Request ID: Root=1-6aa6f5a1-387ac40f07ffa5aa5fd5fd9b;82e06bae-fe58-4dba-bc1d-d75668e31f87)

Repository Not Found for url: https://huggingface.co/sentence-transformers/msmarco-mpnet-base-v4/resolve/main/modules.json.
Please make sure you specified the correct `repo_id` and `repo_type`.
If you are trying to access a private or gated repo, make sure you are authenticated and your token has the required permissions.
For more details, see https://huggingface.co/docs/huggingface_hub/authentication
Invalid username or password.
httpx.HTTPStatusError: Client error '401 Unauthorized' for url 'https://huggingface.co/sentence-transformers/msmarco-mpnet-base-v4/resolve/main/modules.json'
For more information check: https://developer.mozilla.org/en-US/docs/Web/HTTP/Status/401

The above exception was the direct cause of the following exception:

Traceback (most recent call last):
  File ""/raid/brunoguilherme/DeepGenerativeTopicCluster/src/vaebm_benchmark/experiment/runner.py"", line 364, in run_single
    model.fit(documents)
  File ""/raid/brunoguilherme/DeepGenerativeTopicCluster/src/vaebm_benchmark/models/sbert_kmeans_adapter.py"", line 79, in fit
    self._encoder = SentenceTransformer(self.embedder_name)
                    ^^^^^^^^^^^^^^^^^^^^^^^^^^^^^^^^^^^^^^^
  File ""/raid/brunoguilherme/venvs/dgtc/lib/python3.12/site-packages/sentence_transformers/util/decorators.py"", line 46, in wrapper
    return func(*args, **kwargs)
           ^^^^^^^^^^^^^^^^^^^^^
huggingface_hub.errors.RepositoryNotFoundError: 401 Client Error. (Request ID: Root=1-6aa6f5a1-387ac40f07ffa5aa5fd5fd9b;82e06bae-fe58-4dba-bc1d-d75668e31f87)

Repository Not Found for url: https://huggingface.co/sentence-transformers/msmarco-mpnet-base-v4/resolve/main/modules.json.
Please make sure you specified the correct `repo_id` and `repo_type`.
If you are trying to access a private or gated repo, make sure you are authenticated and your token has the required permissions.
For more details, see https://huggingface.co/docs/huggingface_hub/authentication
Invalid username or password.
",ecrtm_hicot,15,palmetto_wikipedia,dieng_unique_words_top15,,
sbert_msmpnet,hicot_20ng,100,,,,,42,7.484,error,"401 Client Error. (Request ID: Root=1-6aa6f5be-096b0bac30b93ea80e129c4b;5b2917a7-4f82-41ea-8697-f5f9d6bda78d)

Repository Not Found for url: https://huggingface.co/sentence-transformers/msmarco-mpnet-base-v4/resolve/main/modules.json.
Please make sure you specified the correct `repo_id` and `repo_type`.
If you are trying to access a private or gated repo, make sure you are authenticated and your token has the required permissions.
For more details, see https://huggingface.co/docs/huggingface_hub/authentication
Invalid username or password.
httpx.HTTPStatusError: Client error '401 Unauthorized' for url 'https://huggingface.co/sentence-transformers/msmarco-mpnet-base-v4/resolve/main/modules.json'
For more information check: https://developer.mozilla.org/en-US/docs/Web/HTTP/Status/401

The above exception was the direct cause of the following exception:

Traceback (most recent call last):
  File ""/raid/brunoguilherme/DeepGenerativeTopicCluster/src/vaebm_benchmark/experiment/runner.py"", line 364, in run_single
    model.fit(documents)
  File ""/raid/brunoguilherme/DeepGenerativeTopicCluster/src/vaebm_benchmark/models/sbert_kmeans_adapter.py"", line 79, in fit
    self._encoder = SentenceTransformer(self.embedder_name)
                    ^^^^^^^^^^^^^^^^^^^^^^^^^^^^^^^^^^^^^^^
  File ""/raid/brunoguilherme/venvs/dgtc/lib/python3.12/site-packages/sentence_transformers/util/decorators.py"", line 46, in wrapper
    return func(*args, **kwargs)
           ^^^^^^^^^^^^^^^^^^^^^
huggingface_hub.errors.RepositoryNotFoundError: 401 Client Error. (Request ID: Root=1-6aa6f5be-096b0bac30b93ea80e129c4b;5b2917a7-4f82-41ea-8697-f5f9d6bda78d)

Repository Not Found for url: https://huggingface.co/sentence-transformers/msmarco-mpnet-base-v4/resolve/main/modules.json.
Please make sure you specified the correct `repo_id` and `repo_type`.
If you are trying to access a private or gated repo, make sure you are authenticated and your token has the required permissions.
For more details, see https://huggingface.co/docs/huggingface_hub/authentication
Invalid username or password.
",ecrtm_hicot,15,palmetto_wikipedia,dieng_unique_words_top15,,
sbert_msmpnet,hicot_imdb,50,,,,,42,6.39,error,"401 Client Error. (Request ID: Root=1-6aa6f5c6-1ef77e926eb747040f80f7a4;476825fd-9a51-4382-8bea-a55c5be993e4)

Repository Not Found for url: https://huggingface.co/sentence-transformers/msmarco-mpnet-base-v4/resolve/main/modules.json.
Please make sure you specified the correct `repo_id` and `repo_type`.
If you are trying to access a private or gated repo, make sure you are authenticated and your token has the required permissions.
For more details, see https://huggingface.co/docs/huggingface_hub/authentication
Invalid username or password.
httpx.HTTPStatusError: Client error '401 Unauthorized' for url 'https://huggingface.co/sentence-transformers/msmarco-mpnet-base-v4/resolve/main/modules.json'
For more information check: https://developer.mozilla.org/en-US/docs/Web/HTTP/Status/401

The above exception was the direct cause of the following exception:

Traceback (most recent call last):
  File ""/raid/brunoguilherme/DeepGenerativeTopicCluster/src/vaebm_benchmark/experiment/runner.py"", line 364, in run_single
    model.fit(documents)
  File ""/raid/brunoguilherme/DeepGenerativeTopicCluster/src/vaebm_benchmark/models/sbert_kmeans_adapter.py"", line 79, in fit
    self._encoder = SentenceTransformer(self.embedder_name)
                    ^^^^^^^^^^^^^^^^^^^^^^^^^^^^^^^^^^^^^^^
  File ""/raid/brunoguilherme/venvs/dgtc/lib/python3.12/site-packages/sentence_transformers/util/decorators.py"", line 46, in wrapper
    return func(*args, **kwargs)
           ^^^^^^^^^^^^^^^^^^^^^
huggingface_hub.errors.RepositoryNotFoundError: 401 Client Error. (Request ID: Root=1-6aa6f5c6-1ef77e926eb747040f80f7a4;476825fd-9a51-4382-8bea-a55c5be993e4)

Repository Not Found for url: https://huggingface.co/sentence-transformers/msmarco-mpnet-base-v4/resolve/main/modules.json.
Please make sure you specified the correct `repo_id` and `repo_type`.
If you are trying to access a private or gated repo, make sure you are authenticated and your token has the required permissions.
For more details, see https://huggingface.co/docs/huggingface_hub/authentication
Invalid username or password.
",ecrtm_hicot,15,palmetto_wikipedia,dieng_unique_words_top15,,
sbert_msmpnet,hicot_imdb,50,,,,,42,6.115,error,"401 Client Error. (Request ID: Root=1-6aa6f5e2-76fc3b4648ed2f7104e186e7;e7a9b1d0-9de1-43f1-a0ac-b5d4550b92b9)

Repository Not Found for url: https://huggingface.co/sentence-transformers/msmarco-mpnet-base-v4/resolve/main/modules.json.
Please make sure you specified the correct `repo_id` and `repo_type`.
If you are trying to access a private or gated repo, make sure you are authenticated and your token has the required permissions.
For more details, see https://huggingface.co/docs/huggingface_hub/authentication
Invalid username or password.
httpx.HTTPStatusError: Client error '401 Unauthorized' for url 'https://huggingface.co/sentence-transformers/msmarco-mpnet-base-v4/resolve/main/modules.json'
For more information check: https://developer.mozilla.org/en-US/docs/Web/HTTP/Status/401

The above exception was the direct cause of the following exception:

Traceback (most recent call last):
  File ""/raid/brunoguilherme/DeepGenerativeTopicCluster/src/vaebm_benchmark/experiment/runner.py"", line 364, in run_single
    model.fit(documents)
  File ""/raid/brunoguilherme/DeepGenerativeTopicCluster/src/vaebm_benchmark/models/sbert_kmeans_adapter.py"", line 79, in fit
    self._encoder = SentenceTransformer(self.embedder_name)
                    ^^^^^^^^^^^^^^^^^^^^^^^^^^^^^^^^^^^^^^^
  File ""/raid/brunoguilherme/venvs/dgtc/lib/python3.12/site-packages/sentence_transformers/util/decorators.py"", line 46, in wrapper
    return func(*args, **kwargs)
           ^^^^^^^^^^^^^^^^^^^^^
huggingface_hub.errors.RepositoryNotFoundError: 401 Client Error. (Request ID: Root=1-6aa6f5e2-76fc3b4648ed2f7104e186e7;e7a9b1d0-9de1-43f1-a0ac-b5d4550b92b9)

Repository Not Found for url: https://huggingface.co/sentence-transformers/msmarco-mpnet-base-v4/resolve/main/modules.json.
Please make sure you specified the correct `repo_id` and `repo_type`.
If you are trying to access a private or gated repo, make sure you are authenticated and your token has the required permissions.
For more details, see https://huggingface.co/docs/huggingface_hub/authentication
Invalid username or password.
",ecrtm_hicot,15,palmetto_wikipedia,dieng_unique_words_top15,,
sbert_msmpnet,hicot_imdb,50,,,,,42,9.05,error,"401 Client Error. (Request ID: Root=1-6aa6f601-2a5d9f6f6af639ea17e97f17;9e0d9217-7dcf-4663-b934-151bd52c8fe7)

Repository Not Found for url: https://huggingface.co/sentence-transformers/msmarco-mpnet-base-v4/resolve/main/modules.json.
Please make sure you specified the correct `repo_id` and `repo_type`.
If you are trying to access a private or gated repo, make sure you are authenticated and your token has the required permissions.
For more details, see https://huggingface.co/docs/huggingface_hub/authentication
Invalid username or password.
httpx.HTTPStatusError: Client error '401 Unauthorized' for url 'https://huggingface.co/sentence-transformers/msmarco-mpnet-base-v4/resolve/main/modules.json'
For more information check: https://developer.mozilla.org/en-US/docs/Web/HTTP/Status/401

The above exception was the direct cause of the following exception:

Traceback (most recent call last):
  File ""/raid/brunoguilherme/DeepGenerativeTopicCluster/src/vaebm_benchmark/experiment/runner.py"", line 364, in run_single
    model.fit(documents)
  File ""/raid/brunoguilherme/DeepGenerativeTopicCluster/src/vaebm_benchmark/models/sbert_kmeans_adapter.py"", line 79, in fit
    self._encoder = SentenceTransformer(self.embedder_name)
                    ^^^^^^^^^^^^^^^^^^^^^^^^^^^^^^^^^^^^^^^
  File ""/raid/brunoguilherme/venvs/dgtc/lib/python3.12/site-packages/sentence_transformers/util/decorators.py"", line 46, in wrapper
    return func(*args, **kwargs)
           ^^^^^^^^^^^^^^^^^^^^^
huggingface_hub.errors.RepositoryNotFoundError: 401 Client Error. (Request ID: Root=1-6aa6f601-2a5d9f6f6af639ea17e97f17;9e0d9217-7dcf-4663-b934-151bd52c8fe7)

Repository Not Found for url: https://huggingface.co/sentence-transformers/msmarco-mpnet-base-v4/resolve/main/modules.json.
Please make sure you specified the correct `repo_id` and `repo_type`.
If you are trying to access a private or gated repo, make sure you are authenticated and your token has the required permissions.
For more details, see https://huggingface.co/docs/huggingface_hub/authentication
Invalid username or password.
",ecrtm_hicot,15,palmetto_wikipedia,dieng_unique_words_top15,,
sbert_msmpnet,hicot_imdb,100,,,,,42,6.977,error,"401 Client Error. (Request ID: Root=1-6aa6f60a-5fc6524d55c9228c602290cc;a6338dbf-3313-46f9-9281-a61bdb722107)

Repository Not Found for url: https://huggingface.co/sentence-transformers/msmarco-mpnet-base-v4/resolve/main/modules.json.
Please make sure you specified the correct `repo_id` and `repo_type`.
If you are trying to access a private or gated repo, make sure you are authenticated and your token has the required permissions.
For more details, see https://huggingface.co/docs/huggingface_hub/authentication
Invalid username or password.
httpx.HTTPStatusError: Client error '401 Unauthorized' for url 'https://huggingface.co/sentence-transformers/msmarco-mpnet-base-v4/resolve/main/modules.json'
For more information check: https://developer.mozilla.org/en-US/docs/Web/HTTP/Status/401

The above exception was the direct cause of the following exception:

Traceback (most recent call last):
  File ""/raid/brunoguilherme/DeepGenerativeTopicCluster/src/vaebm_benchmark/experiment/runner.py"", line 364, in run_single
    model.fit(documents)
  File ""/raid/brunoguilherme/DeepGenerativeTopicCluster/src/vaebm_benchmark/models/sbert_kmeans_adapter.py"", line 79, in fit
    self._encoder = SentenceTransformer(self.embedder_name)
                    ^^^^^^^^^^^^^^^^^^^^^^^^^^^^^^^^^^^^^^^
  File ""/raid/brunoguilherme/venvs/dgtc/lib/python3.12/site-packages/sentence_transformers/util/decorators.py"", line 46, in wrapper
    return func(*args, **kwargs)
           ^^^^^^^^^^^^^^^^^^^^^
huggingface_hub.errors.RepositoryNotFoundError: 401 Client Error. (Request ID: Root=1-6aa6f60a-5fc6524d55c9228c602290cc;a6338dbf-3313-46f9-9281-a61bdb722107)

Repository Not Found for url: https://huggingface.co/sentence-transformers/msmarco-mpnet-base-v4/resolve/main/modules.json.
Please make sure you specified the correct `repo_id` and `repo_type`.
If you are trying to access a private or gated repo, make sure you are authenticated and your token has the required permissions.
For more details, see https://huggingface.co/docs/huggingface_hub/authentication
Invalid username or password.
",ecrtm_hicot,15,palmetto_wikipedia,dieng_unique_words_top15,,
sbert_msmpnet,hicot_imdb,100,,,,,42,6.606,error,"401 Client Error. (Request ID: Root=1-6aa6f626-32496e2d725202a1707442df;2aa5dfd6-7786-4c1c-946f-517ad5dcaa62)

Repository Not Found for url: https://huggingface.co/sentence-transformers/msmarco-mpnet-base-v4/resolve/main/modules.json.
Please make sure you specified the correct `repo_id` and `repo_type`.
If you are trying to access a private or gated repo, make sure you are authenticated and your token has the required permissions.
For more details, see https://huggingface.co/docs/huggingface_hub/authentication
Invalid username or password.
httpx.HTTPStatusError: Client error '401 Unauthorized' for url 'https://huggingface.co/sentence-transformers/msmarco-mpnet-base-v4/resolve/main/modules.json'
For more information check: https://developer.mozilla.org/en-US/docs/Web/HTTP/Status/401

The above exception was the direct cause of the following exception:

Traceback (most recent call last):
  File ""/raid/brunoguilherme/DeepGenerativeTopicCluster/src/vaebm_benchmark/experiment/runner.py"", line 364, in run_single
    model.fit(documents)
  File ""/raid/brunoguilherme/DeepGenerativeTopicCluster/src/vaebm_benchmark/models/sbert_kmeans_adapter.py"", line 79, in fit
    self._encoder = SentenceTransformer(self.embedder_name)
                    ^^^^^^^^^^^^^^^^^^^^^^^^^^^^^^^^^^^^^^^
  File ""/raid/brunoguilherme/venvs/dgtc/lib/python3.12/site-packages/sentence_transformers/util/decorators.py"", line 46, in wrapper
    return func(*args, **kwargs)
           ^^^^^^^^^^^^^^^^^^^^^
huggingface_hub.errors.RepositoryNotFoundError: 401 Client Error. (Request ID: Root=1-6aa6f626-32496e2d725202a1707442df;2aa5dfd6-7786-4c1c-946f-517ad5dcaa62)

Repository Not Found for url: https://huggingface.co/sentence-transformers/msmarco-mpnet-base-v4/resolve/main/modules.json.
Please make sure you specified the correct `repo_id` and `repo_type`.
If you are trying to access a private or gated repo, make sure you are authenticated and your token has the required permissions.
For more details, see https://huggingface.co/docs/huggingface_hub/authentication
Invalid username or password.
",ecrtm_hicot,15,palmetto_wikipedia,dieng_unique_words_top15,,
sbert_msmpnet,hicot_imdb,100,,,,,42,9.06,error,"401 Client Error. (Request ID: Root=1-6aa6f645-54059aa428d845910fa9a97e;753c8d24-bf8d-4a63-bd68-fd9380eb585f)

Repository Not Found for url: https://huggingface.co/sentence-transformers/msmarco-mpnet-base-v4/resolve/main/modules.json.
Please make sure you specified the correct `repo_id` and `repo_type`.
If you are trying to access a private or gated repo, make sure you are authenticated and your token has the required permissions.
For more details, see https://huggingface.co/docs/huggingface_hub/authentication
Invalid username or password.
httpx.HTTPStatusError: Client error '401 Unauthorized' for url 'https://huggingface.co/sentence-transformers/msmarco-mpnet-base-v4/resolve/main/modules.json'
For more information check: https://developer.mozilla.org/en-US/docs/Web/HTTP/Status/401

The above exception was the direct cause of the following exception:

Traceback (most recent call last):
  File ""/raid/brunoguilherme/DeepGenerativeTopicCluster/src/vaebm_benchmark/experiment/runner.py"", line 364, in run_single
    model.fit(documents)
  File ""/raid/brunoguilherme/DeepGenerativeTopicCluster/src/vaebm_benchmark/models/sbert_kmeans_adapter.py"", line 79, in fit
    self._encoder = SentenceTransformer(self.embedder_name)
                    ^^^^^^^^^^^^^^^^^^^^^^^^^^^^^^^^^^^^^^^
  File ""/raid/brunoguilherme/venvs/dgtc/lib/python3.12/site-packages/sentence_transformers/util/decorators.py"", line 46, in wrapper
    return func(*args, **kwargs)
           ^^^^^^^^^^^^^^^^^^^^^
huggingface_hub.errors.RepositoryNotFoundError: 401 Client Error. (Request ID: Root=1-6aa6f645-54059aa428d845910fa9a97e;753c8d24-bf8d-4a63-bd68-fd9380eb585f)

Repository Not Found for url: https://huggingface.co/sentence-transformers/msmarco-mpnet-base-v4/resolve/main/modules.json.
Please make sure you specified the correct `repo_id` and `repo_type`.
If you are trying to access a private or gated repo, make sure you are authenticated and your token has the required permissions.
For more details, see https://huggingface.co/docs/huggingface_hub/authentication
Invalid username or password.
",ecrtm_hicot,15,palmetto_wikipedia,dieng_unique_words_top15,,
sbert_msmpnet,hicot_agnews,50,,,,,42,7.062,error,"401 Client Error. (Request ID: Root=1-6aa6f64d-0d5865d80741c0b33978eecd;7544090b-5e9a-4341-bb05-6fc6c77e36bd)

Repository Not Found for url: https://huggingface.co/sentence-transformers/msmarco-mpnet-base-v4/resolve/main/modules.json.
Please make sure you specified the correct `repo_id` and `repo_type`.
If you are trying to access a private or gated repo, make sure you are authenticated and your token has the required permissions.
For more details, see https://huggingface.co/docs/huggingface_hub/authentication
Invalid username or password.
httpx.HTTPStatusError: Client error '401 Unauthorized' for url 'https://huggingface.co/sentence-transformers/msmarco-mpnet-base-v4/resolve/main/modules.json'
For more information check: https://developer.mozilla.org/en-US/docs/Web/HTTP/Status/401

The above exception was the direct cause of the following exception:

Traceback (most recent call last):
  File ""/raid/brunoguilherme/DeepGenerativeTopicCluster/src/vaebm_benchmark/experiment/runner.py"", line 364, in run_single
    model.fit(documents)
  File ""/raid/brunoguilherme/DeepGenerativeTopicCluster/src/vaebm_benchmark/models/sbert_kmeans_adapter.py"", line 79, in fit
    self._encoder = SentenceTransformer(self.embedder_name)
                    ^^^^^^^^^^^^^^^^^^^^^^^^^^^^^^^^^^^^^^^
  File ""/raid/brunoguilherme/venvs/dgtc/lib/python3.12/site-packages/sentence_transformers/util/decorators.py"", line 46, in wrapper
    return func(*args, **kwargs)
           ^^^^^^^^^^^^^^^^^^^^^
huggingface_hub.errors.RepositoryNotFoundError: 401 Client Error. (Request ID: Root=1-6aa6f64d-0d5865d80741c0b33978eecd;7544090b-5e9a-4341-bb05-6fc6c77e36bd)

Repository Not Found for url: https://huggingface.co/sentence-transformers/msmarco-mpnet-base-v4/resolve/main/modules.json.
Please make sure you specified the correct `repo_id` and `repo_type`.
If you are trying to access a private or gated repo, make sure you are authenticated and your token has the required permissions.
For more details, see https://huggingface.co/docs/huggingface_hub/authentication
Invalid username or password.
",ecrtm_hicot,15,palmetto_wikipedia,dieng_unique_words_top15,,
sbert_msmpnet,hicot_agnews,50,,,,,42,8.858,error,"401 Client Error. (Request ID: Root=1-6aa6f66c-2d354c722ccfcd1d35b966a3;78c47fda-9b81-487b-9848-04167dae212e)

Repository Not Found for url: https://huggingface.co/sentence-transformers/msmarco-mpnet-base-v4/resolve/main/modules.json.
Please make sure you specified the correct `repo_id` and `repo_type`.
If you are trying to access a private or gated repo, make sure you are authenticated and your token has the required permissions.
For more details, see https://huggingface.co/docs/huggingface_hub/authentication
Invalid username or password.
httpx.HTTPStatusError: Client error '401 Unauthorized' for url 'https://huggingface.co/sentence-transformers/msmarco-mpnet-base-v4/resolve/main/modules.json'
For more information check: https://developer.mozilla.org/en-US/docs/Web/HTTP/Status/401

The above exception was the direct cause of the following exception:

Traceback (most recent call last):
  File ""/raid/brunoguilherme/DeepGenerativeTopicCluster/src/vaebm_benchmark/experiment/runner.py"", line 364, in run_single
    model.fit(documents)
  File ""/raid/brunoguilherme/DeepGenerativeTopicCluster/src/vaebm_benchmark/models/sbert_kmeans_adapter.py"", line 79, in fit
    self._encoder = SentenceTransformer(self.embedder_name)
                    ^^^^^^^^^^^^^^^^^^^^^^^^^^^^^^^^^^^^^^^
  File ""/raid/brunoguilherme/venvs/dgtc/lib/python3.12/site-packages/sentence_transformers/util/decorators.py"", line 46, in wrapper
    return func(*args, **kwargs)
           ^^^^^^^^^^^^^^^^^^^^^
huggingface_hub.errors.RepositoryNotFoundError: 401 Client Error. (Request ID: Root=1-6aa6f66c-2d354c722ccfcd1d35b966a3;78c47fda-9b81-487b-9848-04167dae212e)

Repository Not Found for url: https://huggingface.co/sentence-transformers/msmarco-mpnet-base-v4/resolve/main/modules.json.
Please make sure you specified the correct `repo_id` and `repo_type`.
If you are trying to access a private or gated repo, make sure you are authenticated and your token has the required permissions.
For more details, see https://huggingface.co/docs/huggingface_hub/authentication
Invalid username or password.
",ecrtm_hicot,15,palmetto_wikipedia,dieng_unique_words_top15,,
sbert_msmpnet,hicot_agnews,50,,,,,42,7.129,error,"401 Client Error. (Request ID: Root=1-6aa6f689-29fb4adf461db33b31230128;a70abfbd-3399-46f7-9139-d4953a6a08ea)

Repository Not Found for url: https://huggingface.co/sentence-transformers/msmarco-mpnet-base-v4/resolve/main/modules.json.
Please make sure you specified the correct `repo_id` and `repo_type`.
If you are trying to access a private or gated repo, make sure you are authenticated and your token has the required permissions.
For more details, see https://huggingface.co/docs/huggingface_hub/authentication
Invalid username or password.
httpx.HTTPStatusError: Client error '401 Unauthorized' for url 'https://huggingface.co/sentence-transformers/msmarco-mpnet-base-v4/resolve/main/modules.json'
For more information check: https://developer.mozilla.org/en-US/docs/Web/HTTP/Status/401

The above exception was the direct cause of the following exception:

Traceback (most recent call last):
  File ""/raid/brunoguilherme/DeepGenerativeTopicCluster/src/vaebm_benchmark/experiment/runner.py"", line 364, in run_single
    model.fit(documents)
  File ""/raid/brunoguilherme/DeepGenerativeTopicCluster/src/vaebm_benchmark/models/sbert_kmeans_adapter.py"", line 79, in fit
    self._encoder = SentenceTransformer(self.embedder_name)
                    ^^^^^^^^^^^^^^^^^^^^^^^^^^^^^^^^^^^^^^^
  File ""/raid/brunoguilherme/venvs/dgtc/lib/python3.12/site-packages/sentence_transformers/util/decorators.py"", line 46, in wrapper
    return func(*args, **kwargs)
           ^^^^^^^^^^^^^^^^^^^^^
huggingface_hub.errors.RepositoryNotFoundError: 401 Client Error. (Request ID: Root=1-6aa6f689-29fb4adf461db33b31230128;a70abfbd-3399-46f7-9139-d4953a6a08ea)

Repository Not Found for url: https://huggingface.co/sentence-transformers/msmarco-mpnet-base-v4/resolve/main/modules.json.
Please make sure you specified the correct `repo_id` and `repo_type`.
If you are trying to access a private or gated repo, make sure you are authenticated and your token has the required permissions.
For more details, see https://huggingface.co/docs/huggingface_hub/authentication
Invalid username or password.
",ecrtm_hicot,15,palmetto_wikipedia,dieng_unique_words_top15,,
sbert_msmpnet,hicot_agnews,100,,,,,42,6.258,error,"401 Client Error. (Request ID: Root=1-6aa6f691-4612a40d5568f9216b3a7a84;a21d9e7c-f1ac-4074-8534-c46c8b193725)

Repository Not Found for url: https://huggingface.co/sentence-transformers/msmarco-mpnet-base-v4/resolve/main/modules.json.
Please make sure you specified the correct `repo_id` and `repo_type`.
If you are trying to access a private or gated repo, make sure you are authenticated and your token has the required permissions.
For more details, see https://huggingface.co/docs/huggingface_hub/authentication
Invalid username or password.
httpx.HTTPStatusError: Client error '401 Unauthorized' for url 'https://huggingface.co/sentence-transformers/msmarco-mpnet-base-v4/resolve/main/modules.json'
For more information check: https://developer.mozilla.org/en-US/docs/Web/HTTP/Status/401

The above exception was the direct cause of the following exception:

Traceback (most recent call last):
  File ""/raid/brunoguilherme/DeepGenerativeTopicCluster/src/vaebm_benchmark/experiment/runner.py"", line 364, in run_single
    model.fit(documents)
  File ""/raid/brunoguilherme/DeepGenerativeTopicCluster/src/vaebm_benchmark/models/sbert_kmeans_adapter.py"", line 79, in fit
    self._encoder = SentenceTransformer(self.embedder_name)
                    ^^^^^^^^^^^^^^^^^^^^^^^^^^^^^^^^^^^^^^^
  File ""/raid/brunoguilherme/venvs/dgtc/lib/python3.12/site-packages/sentence_transformers/util/decorators.py"", line 46, in wrapper
    return func(*args, **kwargs)
           ^^^^^^^^^^^^^^^^^^^^^
huggingface_hub.errors.RepositoryNotFoundError: 401 Client Error. (Request ID: Root=1-6aa6f691-4612a40d5568f9216b3a7a84;a21d9e7c-f1ac-4074-8534-c46c8b193725)

Repository Not Found for url: https://huggingface.co/sentence-transformers/msmarco-mpnet-base-v4/resolve/main/modules.json.
Please make sure you specified the correct `repo_id` and `repo_type`.
If you are trying to access a private or gated repo, make sure you are authenticated and your token has the required permissions.
For more details, see https://huggingface.co/docs/huggingface_hub/authentication
Invalid username or password.
",ecrtm_hicot,15,palmetto_wikipedia,dieng_unique_words_top15,,
sbert_msmpnet,hicot_agnews,100,,,,,42,6.411,error,"401 Client Error. (Request ID: Root=1-6aa6f6ad-5cf7ad172d39e6a124051b77;736bd179-8346-439e-94e9-f70b021bc784)

Repository Not Found for url: https://huggingface.co/sentence-transformers/msmarco-mpnet-base-v4/resolve/main/modules.json.
Please make sure you specified the correct `repo_id` and `repo_type`.
If you are trying to access a private or gated repo, make sure you are authenticated and your token has the required permissions.
For more details, see https://huggingface.co/docs/huggingface_hub/authentication
Invalid username or password.
httpx.HTTPStatusError: Client error '401 Unauthorized' for url 'https://huggingface.co/sentence-transformers/msmarco-mpnet-base-v4/resolve/main/modules.json'
For more information check: https://developer.mozilla.org/en-US/docs/Web/HTTP/Status/401

The above exception was the direct cause of the following exception:

Traceback (most recent call last):
  File ""/raid/brunoguilherme/DeepGenerativeTopicCluster/src/vaebm_benchmark/experiment/runner.py"", line 364, in run_single
    model.fit(documents)
  File ""/raid/brunoguilherme/DeepGenerativeTopicCluster/src/vaebm_benchmark/models/sbert_kmeans_adapter.py"", line 79, in fit
    self._encoder = SentenceTransformer(self.embedder_name)
                    ^^^^^^^^^^^^^^^^^^^^^^^^^^^^^^^^^^^^^^^
  File ""/raid/brunoguilherme/venvs/dgtc/lib/python3.12/site-packages/sentence_transformers/util/decorators.py"", line 46, in wrapper
    return func(*args, **kwargs)
           ^^^^^^^^^^^^^^^^^^^^^
huggingface_hub.errors.RepositoryNotFoundError: 401 Client Error. (Request ID: Root=1-6aa6f6ad-5cf7ad172d39e6a124051b77;736bd179-8346-439e-94e9-f70b021bc784)

Repository Not Found for url: https://huggingface.co/sentence-transformers/msmarco-mpnet-base-v4/resolve/main/modules.json.
Please make sure you specified the correct `repo_id` and `repo_type`.
If you are trying to access a private or gated repo, make sure you are authenticated and your token has the required permissions.
For more details, see https://huggingface.co/docs/huggingface_hub/authentication
Invalid username or password.
",ecrtm_hicot,15,palmetto_wikipedia,dieng_unique_words_top15,,
sbert_msmpnet,hicot_agnews,100,,,,,42,7.444,error,"401 Client Error. (Request ID: Root=1-6aa6f6ca-1f9db00b6a9da2e10b3838e6;c0db346b-f6d9-4877-a7dd-831aa4d69bdd)

Repository Not Found for url: https://huggingface.co/sentence-transformers/msmarco-mpnet-base-v4/resolve/main/modules.json.
Please make sure you specified the correct `repo_id` and `repo_type`.
If you are trying to access a private or gated repo, make sure you are authenticated and your token has the required permissions.
For more details, see https://huggingface.co/docs/huggingface_hub/authentication
Invalid username or password.
httpx.HTTPStatusError: Client error '401 Unauthorized' for url 'https://huggingface.co/sentence-transformers/msmarco-mpnet-base-v4/resolve/main/modules.json'
For more information check: https://developer.mozilla.org/en-US/docs/Web/HTTP/Status/401

The above exception was the direct cause of the following exception:

Traceback (most recent call last):
  File ""/raid/brunoguilherme/DeepGenerativeTopicCluster/src/vaebm_benchmark/experiment/runner.py"", line 364, in run_single
    model.fit(documents)
  File ""/raid/brunoguilherme/DeepGenerativeTopicCluster/src/vaebm_benchmark/models/sbert_kmeans_adapter.py"", line 79, in fit
    self._encoder = SentenceTransformer(self.embedder_name)
                    ^^^^^^^^^^^^^^^^^^^^^^^^^^^^^^^^^^^^^^^
  File ""/raid/brunoguilherme/venvs/dgtc/lib/python3.12/site-packages/sentence_transformers/util/decorators.py"", line 46, in wrapper
    return func(*args, **kwargs)
           ^^^^^^^^^^^^^^^^^^^^^
huggingface_hub.errors.RepositoryNotFoundError: 401 Client Error. (Request ID: Root=1-6aa6f6ca-1f9db00b6a9da2e10b3838e6;c0db346b-f6d9-4877-a7dd-831aa4d69bdd)

Repository Not Found for url: https://huggingface.co/sentence-transformers/msmarco-mpnet-base-v4/resolve/main/modules.json.
Please make sure you specified the correct `repo_id` and `repo_type`.
If you are trying to access a private or gated repo, make sure you are authenticated and your token has the required permissions.
For more details, see https://huggingface.co/docs/huggingface_hub/authentication
Invalid username or password.
",ecrtm_hicot,15,palmetto_wikipedia,dieng_unique_words_top15,,
sbert_msmpnet,hicot_search_snippets,50,,,,,42,6.208,error,"401 Client Error. (Request ID: Root=1-6aa6f6d2-7eb11a49762bccce327ecb43;6f7181c0-7eab-461b-b7ca-f6c604823e29)

Repository Not Found for url: https://huggingface.co/sentence-transformers/msmarco-mpnet-base-v4/resolve/main/modules.json.
Please make sure you specified the correct `repo_id` and `repo_type`.
If you are trying to access a private or gated repo, make sure you are authenticated and your token has the required permissions.
For more details, see https://huggingface.co/docs/huggingface_hub/authentication
Invalid username or password.
httpx.HTTPStatusError: Client error '401 Unauthorized' for url 'https://huggingface.co/sentence-transformers/msmarco-mpnet-base-v4/resolve/main/modules.json'
For more information check: https://developer.mozilla.org/en-US/docs/Web/HTTP/Status/401

The above exception was the direct cause of the following exception:

Traceback (most recent call last):
  File ""/raid/brunoguilherme/DeepGenerativeTopicCluster/src/vaebm_benchmark/experiment/runner.py"", line 364, in run_single
    model.fit(documents)
  File ""/raid/brunoguilherme/DeepGenerativeTopicCluster/src/vaebm_benchmark/models/sbert_kmeans_adapter.py"", line 79, in fit
    self._encoder = SentenceTransformer(self.embedder_name)
                    ^^^^^^^^^^^^^^^^^^^^^^^^^^^^^^^^^^^^^^^
  File ""/raid/brunoguilherme/venvs/dgtc/lib/python3.12/site-packages/sentence_transformers/util/decorators.py"", line 46, in wrapper
    return func(*args, **kwargs)
           ^^^^^^^^^^^^^^^^^^^^^
huggingface_hub.errors.RepositoryNotFoundError: 401 Client Error. (Request ID: Root=1-6aa6f6d2-7eb11a49762bccce327ecb43;6f7181c0-7eab-461b-b7ca-f6c604823e29)

Repository Not Found for url: https://huggingface.co/sentence-transformers/msmarco-mpnet-base-v4/resolve/main/modules.json.
Please make sure you specified the correct `repo_id` and `repo_type`.
If you are trying to access a private or gated repo, make sure you are authenticated and your token has the required permissions.
For more details, see https://huggingface.co/docs/huggingface_hub/authentication
Invalid username or password.
",ecrtm_hicot,15,palmetto_wikipedia,dieng_unique_words_top15,,
sbert_msmpnet,hicot_search_snippets,50,,,,,42,9.442,error,"401 Client Error. (Request ID: Root=1-6aa6f6f1-44bdad476b03601e4d99f85c;58be0929-af20-40fd-b851-9d8ecd4c272b)

Repository Not Found for url: https://huggingface.co/sentence-transformers/msmarco-mpnet-base-v4/resolve/main/modules.json.
Please make sure you specified the correct `repo_id` and `repo_type`.
If you are trying to access a private or gated repo, make sure you are authenticated and your token has the required permissions.
For more details, see https://huggingface.co/docs/huggingface_hub/authentication
Invalid username or password.
httpx.HTTPStatusError: Client error '401 Unauthorized' for url 'https://huggingface.co/sentence-transformers/msmarco-mpnet-base-v4/resolve/main/modules.json'
For more information check: https://developer.mozilla.org/en-US/docs/Web/HTTP/Status/401

The above exception was the direct cause of the following exception:

Traceback (most recent call last):
  File ""/raid/brunoguilherme/DeepGenerativeTopicCluster/src/vaebm_benchmark/experiment/runner.py"", line 364, in run_single
    model.fit(documents)
  File ""/raid/brunoguilherme/DeepGenerativeTopicCluster/src/vaebm_benchmark/models/sbert_kmeans_adapter.py"", line 79, in fit
    self._encoder = SentenceTransformer(self.embedder_name)
                    ^^^^^^^^^^^^^^^^^^^^^^^^^^^^^^^^^^^^^^^
  File ""/raid/brunoguilherme/venvs/dgtc/lib/python3.12/site-packages/sentence_transformers/util/decorators.py"", line 46, in wrapper
    return func(*args, **kwargs)
           ^^^^^^^^^^^^^^^^^^^^^
huggingface_hub.errors.RepositoryNotFoundError: 401 Client Error. (Request ID: Root=1-6aa6f6f1-44bdad476b03601e4d99f85c;58be0929-af20-40fd-b851-9d8ecd4c272b)

Repository Not Found for url: https://huggingface.co/sentence-transformers/msmarco-mpnet-base-v4/resolve/main/modules.json.
Please make sure you specified the correct `repo_id` and `repo_type`.
If you are trying to access a private or gated repo, make sure you are authenticated and your token has the required permissions.
For more details, see https://huggingface.co/docs/huggingface_hub/authentication
Invalid username or password.
",ecrtm_hicot,15,palmetto_wikipedia,dieng_unique_words_top15,,
sbert_msmpnet,hicot_search_snippets,50,,,,,42,7.441,error,"401 Client Error. (Request ID: Root=1-6aa6f70e-2fae993f477e4a440bad1971;e0b6f2e5-80ec-402e-bcdc-7cc28b5f5398)

Repository Not Found for url: https://huggingface.co/sentence-transformers/msmarco-mpnet-base-v4/resolve/main/modules.json.
Please make sure you specified the correct `repo_id` and `repo_type`.
If you are trying to access a private or gated repo, make sure you are authenticated and your token has the required permissions.
For more details, see https://huggingface.co/docs/huggingface_hub/authentication
Invalid username or password.
httpx.HTTPStatusError: Client error '401 Unauthorized' for url 'https://huggingface.co/sentence-transformers/msmarco-mpnet-base-v4/resolve/main/modules.json'
For more information check: https://developer.mozilla.org/en-US/docs/Web/HTTP/Status/401

The above exception was the direct cause of the following exception:

Traceback (most recent call last):
  File ""/raid/brunoguilherme/DeepGenerativeTopicCluster/src/vaebm_benchmark/experiment/runner.py"", line 364, in run_single
    model.fit(documents)
  File ""/raid/brunoguilherme/DeepGenerativeTopicCluster/src/vaebm_benchmark/models/sbert_kmeans_adapter.py"", line 79, in fit
    self._encoder = SentenceTransformer(self.embedder_name)
                    ^^^^^^^^^^^^^^^^^^^^^^^^^^^^^^^^^^^^^^^
  File ""/raid/brunoguilherme/venvs/dgtc/lib/python3.12/site-packages/sentence_transformers/util/decorators.py"", line 46, in wrapper
    return func(*args, **kwargs)
           ^^^^^^^^^^^^^^^^^^^^^
huggingface_hub.errors.RepositoryNotFoundError: 401 Client Error. (Request ID: Root=1-6aa6f70e-2fae993f477e4a440bad1971;e0b6f2e5-80ec-402e-bcdc-7cc28b5f5398)

Repository Not Found for url: https://huggingface.co/sentence-transformers/msmarco-mpnet-base-v4/resolve/main/modules.json.
Please make sure you specified the correct `repo_id` and `repo_type`.
If you are trying to access a private or gated repo, make sure you are authenticated and your token has the required permissions.
For more details, see https://huggingface.co/docs/huggingface_hub/authentication
Invalid username or password.
",ecrtm_hicot,15,palmetto_wikipedia,dieng_unique_words_top15,,
sbert_msmpnet,hicot_search_snippets,100,,,,,42,7.381,error,"401 Client Error. (Request ID: Root=1-6aa6f717-59ac50a649e5ca183628cecd;e23f932e-6cc0-4f50-979f-5b785612b4e1)

Repository Not Found for url: https://huggingface.co/sentence-transformers/msmarco-mpnet-base-v4/resolve/main/modules.json.
Please make sure you specified the correct `repo_id` and `repo_type`.
If you are trying to access a private or gated repo, make sure you are authenticated and your token has the required permissions.
For more details, see https://huggingface.co/docs/huggingface_hub/authentication
Invalid username or password.
httpx.HTTPStatusError: Client error '401 Unauthorized' for url 'https://huggingface.co/sentence-transformers/msmarco-mpnet-base-v4/resolve/main/modules.json'
For more information check: https://developer.mozilla.org/en-US/docs/Web/HTTP/Status/401

The above exception was the direct cause of the following exception:

Traceback (most recent call last):
  File ""/raid/brunoguilherme/DeepGenerativeTopicCluster/src/vaebm_benchmark/experiment/runner.py"", line 364, in run_single
    model.fit(documents)
  File ""/raid/brunoguilherme/DeepGenerativeTopicCluster/src/vaebm_benchmark/models/sbert_kmeans_adapter.py"", line 79, in fit
    self._encoder = SentenceTransformer(self.embedder_name)
                    ^^^^^^^^^^^^^^^^^^^^^^^^^^^^^^^^^^^^^^^
  File ""/raid/brunoguilherme/venvs/dgtc/lib/python3.12/site-packages/sentence_transformers/util/decorators.py"", line 46, in wrapper
    return func(*args, **kwargs)
           ^^^^^^^^^^^^^^^^^^^^^
huggingface_hub.errors.RepositoryNotFoundError: 401 Client Error. (Request ID: Root=1-6aa6f717-59ac50a649e5ca183628cecd;e23f932e-6cc0-4f50-979f-5b785612b4e1)

Repository Not Found for url: https://huggingface.co/sentence-transformers/msmarco-mpnet-base-v4/resolve/main/modules.json.
Please make sure you specified the correct `repo_id` and `repo_type`.
If you are trying to access a private or gated repo, make sure you are authenticated and your token has the required permissions.
For more details, see https://huggingface.co/docs/huggingface_hub/authentication
Invalid username or password.
",ecrtm_hicot,15,palmetto_wikipedia,dieng_unique_words_top15,,
sbert_msmpnet,hicot_search_snippets,100,,,,,42,9.287,error,"401 Client Error. (Request ID: Root=1-6aa6f736-293b971e7e46a429156d27ad;9a4793d1-dfd8-4b99-99bc-5ba76cb3b71a)

Repository Not Found for url: https://huggingface.co/sentence-transformers/msmarco-mpnet-base-v4/resolve/main/modules.json.
Please make sure you specified the correct `repo_id` and `repo_type`.
If you are trying to access a private or gated repo, make sure you are authenticated and your token has the required permissions.
For more details, see https://huggingface.co/docs/huggingface_hub/authentication
Invalid username or password.
httpx.HTTPStatusError: Client error '401 Unauthorized' for url 'https://huggingface.co/sentence-transformers/msmarco-mpnet-base-v4/resolve/main/modules.json'
For more information check: https://developer.mozilla.org/en-US/docs/Web/HTTP/Status/401

The above exception was the direct cause of the following exception:

Traceback (most recent call last):
  File ""/raid/brunoguilherme/DeepGenerativeTopicCluster/src/vaebm_benchmark/experiment/runner.py"", line 364, in run_single
    model.fit(documents)
  File ""/raid/brunoguilherme/DeepGenerativeTopicCluster/src/vaebm_benchmark/models/sbert_kmeans_adapter.py"", line 79, in fit
    self._encoder = SentenceTransformer(self.embedder_name)
                    ^^^^^^^^^^^^^^^^^^^^^^^^^^^^^^^^^^^^^^^
  File ""/raid/brunoguilherme/venvs/dgtc/lib/python3.12/site-packages/sentence_transformers/util/decorators.py"", line 46, in wrapper
    return func(*args, **kwargs)
           ^^^^^^^^^^^^^^^^^^^^^
huggingface_hub.errors.RepositoryNotFoundError: 401 Client Error. (Request ID: Root=1-6aa6f736-293b971e7e46a429156d27ad;9a4793d1-dfd8-4b99-99bc-5ba76cb3b71a)

Repository Not Found for url: https://huggingface.co/sentence-transformers/msmarco-mpnet-base-v4/resolve/main/modules.json.
Please make sure you specified the correct `repo_id` and `repo_type`.
If you are trying to access a private or gated repo, make sure you are authenticated and your token has the required permissions.
For more details, see https://huggingface.co/docs/huggingface_hub/authentication
Invalid username or password.
",ecrtm_hicot,15,palmetto_wikipedia,dieng_unique_words_top15,,
sbert_msmpnet,hicot_search_snippets,100,,,,,42,7.886,error,"401 Client Error. (Request ID: Root=1-6aa6f754-6122ddc13bb7f17c3920d39f;e849b624-8e10-4880-a529-e63e3aff003f)

Repository Not Found for url: https://huggingface.co/sentence-transformers/msmarco-mpnet-base-v4/resolve/main/modules.json.
Please make sure you specified the correct `repo_id` and `repo_type`.
If you are trying to access a private or gated repo, make sure you are authenticated and your token has the required permissions.
For more details, see https://huggingface.co/docs/huggingface_hub/authentication
Invalid username or password.
httpx.HTTPStatusError: Client error '401 Unauthorized' for url 'https://huggingface.co/sentence-transformers/msmarco-mpnet-base-v4/resolve/main/modules.json'
For more information check: https://developer.mozilla.org/en-US/docs/Web/HTTP/Status/401

The above exception was the direct cause of the following exception:

Traceback (most recent call last):
  File ""/raid/brunoguilherme/DeepGenerativeTopicCluster/src/vaebm_benchmark/experiment/runner.py"", line 364, in run_single
    model.fit(documents)
  File ""/raid/brunoguilherme/DeepGenerativeTopicCluster/src/vaebm_benchmark/models/sbert_kmeans_adapter.py"", line 79, in fit
    self._encoder = SentenceTransformer(self.embedder_name)
                    ^^^^^^^^^^^^^^^^^^^^^^^^^^^^^^^^^^^^^^^
  File ""/raid/brunoguilherme/venvs/dgtc/lib/python3.12/site-packages/sentence_transformers/util/decorators.py"", line 46, in wrapper
    return func(*args, **kwargs)
           ^^^^^^^^^^^^^^^^^^^^^
huggingface_hub.errors.RepositoryNotFoundError: 401 Client Error. (Request ID: Root=1-6aa6f754-6122ddc13bb7f17c3920d39f;e849b624-8e10-4880-a529-e63e3aff003f)

Repository Not Found for url: https://huggingface.co/sentence-transformers/msmarco-mpnet-base-v4/resolve/main/modules.json.
Please make sure you specified the correct `repo_id` and `repo_type`.
If you are trying to access a private or gated repo, make sure you are authenticated and your token has the required permissions.
For more details, see https://huggingface.co/docs/huggingface_hub/authentication
Invalid username or password.
",ecrtm_hicot,15,palmetto_wikipedia,dieng_unique_words_top15,,
sbert_msmpnet,hicot_google_news,50,,,,,42,6.192,error,"401 Client Error. (Request ID: Root=1-6aa6f75b-028ec42124b1633b4c2a61c5;e7e7ad71-e766-48f4-a15d-0768c8a628a8)

Repository Not Found for url: https://huggingface.co/sentence-transformers/msmarco-mpnet-base-v4/resolve/main/modules.json.
Please make sure you specified the correct `repo_id` and `repo_type`.
If you are trying to access a private or gated repo, make sure you are authenticated and your token has the required permissions.
For more details, see https://huggingface.co/docs/huggingface_hub/authentication
Invalid username or password.
httpx.HTTPStatusError: Client error '401 Unauthorized' for url 'https://huggingface.co/sentence-transformers/msmarco-mpnet-base-v4/resolve/main/modules.json'
For more information check: https://developer.mozilla.org/en-US/docs/Web/HTTP/Status/401

The above exception was the direct cause of the following exception:

Traceback (most recent call last):
  File ""/raid/brunoguilherme/DeepGenerativeTopicCluster/src/vaebm_benchmark/experiment/runner.py"", line 364, in run_single
    model.fit(documents)
  File ""/raid/brunoguilherme/DeepGenerativeTopicCluster/src/vaebm_benchmark/models/sbert_kmeans_adapter.py"", line 79, in fit
    self._encoder = SentenceTransformer(self.embedder_name)
                    ^^^^^^^^^^^^^^^^^^^^^^^^^^^^^^^^^^^^^^^
  File ""/raid/brunoguilherme/venvs/dgtc/lib/python3.12/site-packages/sentence_transformers/util/decorators.py"", line 46, in wrapper
    return func(*args, **kwargs)
           ^^^^^^^^^^^^^^^^^^^^^
huggingface_hub.errors.RepositoryNotFoundError: 401 Client Error. (Request ID: Root=1-6aa6f75b-028ec42124b1633b4c2a61c5;e7e7ad71-e766-48f4-a15d-0768c8a628a8)

Repository Not Found for url: https://huggingface.co/sentence-transformers/msmarco-mpnet-base-v4/resolve/main/modules.json.
Please make sure you specified the correct `repo_id` and `repo_type`.
If you are trying to access a private or gated repo, make sure you are authenticated and your token has the required permissions.
For more details, see https://huggingface.co/docs/huggingface_hub/authentication
Invalid username or password.
",ecrtm_hicot,15,palmetto_wikipedia,dieng_unique_words_top15,,
sbert_msmpnet,hicot_google_news,50,,,,,42,6.699,error,"401 Client Error. (Request ID: Root=1-6aa6f778-602e606f098e2aea5d6ba885;1adaccab-683f-4cd8-9897-f114fd444e4f)

Repository Not Found for url: https://huggingface.co/sentence-transformers/msmarco-mpnet-base-v4/resolve/main/modules.json.
Please make sure you specified the correct `repo_id` and `repo_type`.
If you are trying to access a private or gated repo, make sure you are authenticated and your token has the required permissions.
For more details, see https://huggingface.co/docs/huggingface_hub/authentication
Invalid username or password.
httpx.HTTPStatusError: Client error '401 Unauthorized' for url 'https://huggingface.co/sentence-transformers/msmarco-mpnet-base-v4/resolve/main/modules.json'
For more information check: https://developer.mozilla.org/en-US/docs/Web/HTTP/Status/401

The above exception was the direct cause of the following exception:

Traceback (most recent call last):
  File ""/raid/brunoguilherme/DeepGenerativeTopicCluster/src/vaebm_benchmark/experiment/runner.py"", line 364, in run_single
    model.fit(documents)
  File ""/raid/brunoguilherme/DeepGenerativeTopicCluster/src/vaebm_benchmark/models/sbert_kmeans_adapter.py"", line 79, in fit
    self._encoder = SentenceTransformer(self.embedder_name)
                    ^^^^^^^^^^^^^^^^^^^^^^^^^^^^^^^^^^^^^^^
  File ""/raid/brunoguilherme/venvs/dgtc/lib/python3.12/site-packages/sentence_transformers/util/decorators.py"", line 46, in wrapper
    return func(*args, **kwargs)
           ^^^^^^^^^^^^^^^^^^^^^
huggingface_hub.errors.RepositoryNotFoundError: 401 Client Error. (Request ID: Root=1-6aa6f778-602e606f098e2aea5d6ba885;1adaccab-683f-4cd8-9897-f114fd444e4f)

Repository Not Found for url: https://huggingface.co/sentence-transformers/msmarco-mpnet-base-v4/resolve/main/modules.json.
Please make sure you specified the correct `repo_id` and `repo_type`.
If you are trying to access a private or gated repo, make sure you are authenticated and your token has the required permissions.
For more details, see https://huggingface.co/docs/huggingface_hub/authentication
Invalid username or password.
",ecrtm_hicot,15,palmetto_wikipedia,dieng_unique_words_top15,,
sbert_msmpnet,hicot_google_news,50,,,,,42,9.291,error,"401 Client Error. (Request ID: Root=1-6aa6f797-7215066e40fd72c25aff4efb;9f06e873-82f1-410e-8ee2-86198546e174)

Repository Not Found for url: https://huggingface.co/sentence-transformers/msmarco-mpnet-base-v4/resolve/main/modules.json.
Please make sure you specified the correct `repo_id` and `repo_type`.
If you are trying to access a private or gated repo, make sure you are authenticated and your token has the required permissions.
For more details, see https://huggingface.co/docs/huggingface_hub/authentication
Invalid username or password.
httpx.HTTPStatusError: Client error '401 Unauthorized' for url 'https://huggingface.co/sentence-transformers/msmarco-mpnet-base-v4/resolve/main/modules.json'
For more information check: https://developer.mozilla.org/en-US/docs/Web/HTTP/Status/401

The above exception was the direct cause of the following exception:

Traceback (most recent call last):
  File ""/raid/brunoguilherme/DeepGenerativeTopicCluster/src/vaebm_benchmark/experiment/runner.py"", line 364, in run_single
    model.fit(documents)
  File ""/raid/brunoguilherme/DeepGenerativeTopicCluster/src/vaebm_benchmark/models/sbert_kmeans_adapter.py"", line 79, in fit
    self._encoder = SentenceTransformer(self.embedder_name)
                    ^^^^^^^^^^^^^^^^^^^^^^^^^^^^^^^^^^^^^^^
  File ""/raid/brunoguilherme/venvs/dgtc/lib/python3.12/site-packages/sentence_transformers/util/decorators.py"", line 46, in wrapper
    return func(*args, **kwargs)
           ^^^^^^^^^^^^^^^^^^^^^
huggingface_hub.errors.RepositoryNotFoundError: 401 Client Error. (Request ID: Root=1-6aa6f797-7215066e40fd72c25aff4efb;9f06e873-82f1-410e-8ee2-86198546e174)

Repository Not Found for url: https://huggingface.co/sentence-transformers/msmarco-mpnet-base-v4/resolve/main/modules.json.
Please make sure you specified the correct `repo_id` and `repo_type`.
If you are trying to access a private or gated repo, make sure you are authenticated and your token has the required permissions.
For more details, see https://huggingface.co/docs/huggingface_hub/authentication
Invalid username or password.
",ecrtm_hicot,15,palmetto_wikipedia,dieng_unique_words_top15,,
sbert_msmpnet,hicot_google_news,100,,,,,42,6.169,error,"401 Client Error. (Request ID: Root=1-6aa6f79f-1c0845c274cf9cf8647d152f;1e3fb2ca-adb8-4bb0-8a60-65189ad52c50)

Repository Not Found for url: https://huggingface.co/sentence-transformers/msmarco-mpnet-base-v4/resolve/main/modules.json.
Please make sure you specified the correct `repo_id` and `repo_type`.
If you are trying to access a private or gated repo, make sure you are authenticated and your token has the required permissions.
For more details, see https://huggingface.co/docs/huggingface_hub/authentication
Invalid username or password.
httpx.HTTPStatusError: Client error '401 Unauthorized' for url 'https://huggingface.co/sentence-transformers/msmarco-mpnet-base-v4/resolve/main/modules.json'
For more information check: https://developer.mozilla.org/en-US/docs/Web/HTTP/Status/401

The above exception was the direct cause of the following exception:

Traceback (most recent call last):
  File ""/raid/brunoguilherme/DeepGenerativeTopicCluster/src/vaebm_benchmark/experiment/runner.py"", line 364, in run_single
    model.fit(documents)
  File ""/raid/brunoguilherme/DeepGenerativeTopicCluster/src/vaebm_benchmark/models/sbert_kmeans_adapter.py"", line 79, in fit
    self._encoder = SentenceTransformer(self.embedder_name)
                    ^^^^^^^^^^^^^^^^^^^^^^^^^^^^^^^^^^^^^^^
  File ""/raid/brunoguilherme/venvs/dgtc/lib/python3.12/site-packages/sentence_transformers/util/decorators.py"", line 46, in wrapper
    return func(*args, **kwargs)
           ^^^^^^^^^^^^^^^^^^^^^
huggingface_hub.errors.RepositoryNotFoundError: 401 Client Error. (Request ID: Root=1-6aa6f79f-1c0845c274cf9cf8647d152f;1e3fb2ca-adb8-4bb0-8a60-65189ad52c50)

Repository Not Found for url: https://huggingface.co/sentence-transformers/msmarco-mpnet-base-v4/resolve/main/modules.json.
Please make sure you specified the correct `repo_id` and `repo_type`.
If you are trying to access a private or gated repo, make sure you are authenticated and your token has the required permissions.
For more details, see https://huggingface.co/docs/huggingface_hub/authentication
Invalid username or password.
",ecrtm_hicot,15,palmetto_wikipedia,dieng_unique_words_top15,,
sbert_msmpnet,hicot_google_news,100,,,,,42,7.874,error,"401 Client Error. (Request ID: Root=1-6aa6f7bc-12799d926760a92c72913efc;c23f4ec4-9551-4e29-a835-d789d263f2e6)

Repository Not Found for url: https://huggingface.co/sentence-transformers/msmarco-mpnet-base-v4/resolve/main/modules.json.
Please make sure you specified the correct `repo_id` and `repo_type`.
If you are trying to access a private or gated repo, make sure you are authenticated and your token has the required permissions.
For more details, see https://huggingface.co/docs/huggingface_hub/authentication
Invalid username or password.
httpx.HTTPStatusError: Client error '401 Unauthorized' for url 'https://huggingface.co/sentence-transformers/msmarco-mpnet-base-v4/resolve/main/modules.json'
For more information check: https://developer.mozilla.org/en-US/docs/Web/HTTP/Status/401

The above exception was the direct cause of the following exception:

Traceback (most recent call last):
  File ""/raid/brunoguilherme/DeepGenerativeTopicCluster/src/vaebm_benchmark/experiment/runner.py"", line 364, in run_single
    model.fit(documents)
  File ""/raid/brunoguilherme/DeepGenerativeTopicCluster/src/vaebm_benchmark/models/sbert_kmeans_adapter.py"", line 79, in fit
    self._encoder = SentenceTransformer(self.embedder_name)
                    ^^^^^^^^^^^^^^^^^^^^^^^^^^^^^^^^^^^^^^^
  File ""/raid/brunoguilherme/venvs/dgtc/lib/python3.12/site-packages/sentence_transformers/util/decorators.py"", line 46, in wrapper
    return func(*args, **kwargs)
           ^^^^^^^^^^^^^^^^^^^^^
huggingface_hub.errors.RepositoryNotFoundError: 401 Client Error. (Request ID: Root=1-6aa6f7bc-12799d926760a92c72913efc;c23f4ec4-9551-4e29-a835-d789d263f2e6)

Repository Not Found for url: https://huggingface.co/sentence-transformers/msmarco-mpnet-base-v4/resolve/main/modules.json.
Please make sure you specified the correct `repo_id` and `repo_type`.
If you are trying to access a private or gated repo, make sure you are authenticated and your token has the required permissions.
For more details, see https://huggingface.co/docs/huggingface_hub/authentication
Invalid username or password.
",ecrtm_hicot,15,palmetto_wikipedia,dieng_unique_words_top15,,
sbert_msmpnet,hicot_google_news,100,,,,,42,8.299,error,"401 Client Error. (Request ID: Root=1-6aa6f7db-4d7cf1f4345207bd2eb3c057;70232c55-1fb3-4553-80af-a568746c4da6)

Repository Not Found for url: https://huggingface.co/sentence-transformers/msmarco-mpnet-base-v4/resolve/main/modules.json.
Please make sure you specified the correct `repo_id` and `repo_type`.
If you are trying to access a private or gated repo, make sure you are authenticated and your token has the required permissions.
For more details, see https://huggingface.co/docs/huggingface_hub/authentication
Invalid username or password.
httpx.HTTPStatusError: Client error '401 Unauthorized' for url 'https://huggingface.co/sentence-transformers/msmarco-mpnet-base-v4/resolve/main/modules.json'
For more information check: https://developer.mozilla.org/en-US/docs/Web/HTTP/Status/401

The above exception was the direct cause of the following exception:

Traceback (most recent call last):
  File ""/raid/brunoguilherme/DeepGenerativeTopicCluster/src/vaebm_benchmark/experiment/runner.py"", line 364, in run_single
    model.fit(documents)
  File ""/raid/brunoguilherme/DeepGenerativeTopicCluster/src/vaebm_benchmark/models/sbert_kmeans_adapter.py"", line 79, in fit
    self._encoder = SentenceTransformer(self.embedder_name)
                    ^^^^^^^^^^^^^^^^^^^^^^^^^^^^^^^^^^^^^^^
  File ""/raid/brunoguilherme/venvs/dgtc/lib/python3.12/site-packages/sentence_transformers/util/decorators.py"", line 46, in wrapper
    return func(*args, **kwargs)
           ^^^^^^^^^^^^^^^^^^^^^
huggingface_hub.errors.RepositoryNotFoundError: 401 Client Error. (Request ID: Root=1-6aa6f7db-4d7cf1f4345207bd2eb3c057;70232c55-1fb3-4553-80af-a568746c4da6)

Repository Not Found for url: https://huggingface.co/sentence-transformers/msmarco-mpnet-base-v4/resolve/main/modules.json.
Please make sure you specified the correct `repo_id` and `repo_type`.
If you are trying to access a private or gated repo, make sure you are authenticated and your token has the required permissions.
For more details, see https://huggingface.co/docs/huggingface_hub/authentication
Invalid username or password.
",ecrtm_hicot,15,palmetto_wikipedia,dieng_unique_words_top15,,
