model,dataset,k,cv,purity,nmi,td,seed,runtime_seconds,status,error,evaluation_protocol,top_n,cv_source,td_definition,assignment_source,topic_source
sbert_minilm,20ng,50,,0.5661148254271463,0.48014775775432594,0.12933333333333333,42,105.627,ok,,ecrtm_hicot,15,palmetto_wikipedia,dieng_unique_words_top15,kmeans_on_embeddings,cluster-derived
sbert_minilm,20ng,100,,0.5880292900350207,0.4617986544848813,0.14933333333333335,42,123.66,ok,,ecrtm_hicot,15,palmetto_wikipedia,dieng_unique_words_top15,kmeans_on_embeddings,cluster-derived
sbert_minilm,imdb,50,0.4527564,0.6536,0.03576117653646202,0.036,42,164.318,ok,,ecrtm_hicot,15,palmetto_wikipedia,dieng_unique_words_top15,kmeans_on_embeddings,cluster-derived
sbert_minilm,imdb,100,0.4583889,0.67312,0.035913600680511595,0.030666666666666665,42,211.579,ok,,ecrtm_hicot,15,palmetto_wikipedia,dieng_unique_words_top15,kmeans_on_embeddings,cluster-derived
sbert_minilm,agnews_short,50,0.4673844,0.855375,0.35925728030308274,0.8453333333333334,42,84.051,ok,,ecrtm_hicot,15,palmetto_wikipedia,dieng_unique_words_top15,kmeans_on_embeddings,cluster-derived
sbert_minilm,agnews_short,100,0.4697019,0.85825,0.32937332581538914,0.7746666666666666,42,135.283,ok,,ecrtm_hicot,15,palmetto_wikipedia,dieng_unique_words_top15,kmeans_on_embeddings,cluster-derived
sbert_minilm,search_snippets,50,0.4538606,0.8397893030794166,0.4835034117670396,0.8413333333333334,42,94.166,ok,,ecrtm_hicot,15,palmetto_wikipedia,dieng_unique_words_top15,kmeans_on_embeddings,cluster-derived
sbert_minilm,search_snippets,100,0.4419637,0.863776337115073,0.46557463650650777,0.7893333333333333,42,154.258,ok,,ecrtm_hicot,15,palmetto_wikipedia,dieng_unique_words_top15,kmeans_on_embeddings,cluster-derived
sbert_minilm,stack_overflow,50,0.44669559999999997,0.743,0.6276654888976732,0.376,42,72.104,ok,,ecrtm_hicot,15,palmetto_wikipedia,dieng_unique_words_top15,kmeans_on_embeddings,cluster-derived
sbert_minilm,stack_overflow,100,0.4390864,0.7584,0.5836801640182575,0.404,42,129.912,ok,,ecrtm_hicot,15,palmetto_wikipedia,dieng_unique_words_top15,kmeans_on_embeddings,cluster-derived
sbert_minilm,biomedical,50,0.5516422,0.5507,0.4246414523939157,0.452,42,69.144,ok,,ecrtm_hicot,15,palmetto_wikipedia,dieng_unique_words_top15,kmeans_on_embeddings,cluster-derived
sbert_minilm,biomedical,100,0.5439849,0.54515,0.3976923383278887,0.4533333333333333,42,108.806,ok,,ecrtm_hicot,15,palmetto_wikipedia,dieng_unique_words_top15,kmeans_on_embeddings,cluster-derived
sbert_minilm,google_news_ts,50,0.4583532,0.6529840669727248,0.8565482789935146,0.9093333333333333,42,90.125,ok,,ecrtm_hicot,15,palmetto_wikipedia,dieng_unique_words_top15,kmeans_on_embeddings,cluster-derived
sbert_minilm,google_news_ts,100,0.45065449999999996,0.8392294535961833,0.9126910874604021,0.8133333333333334,42,167.679,ok,,ecrtm_hicot,15,palmetto_wikipedia,dieng_unique_words_top15,kmeans_on_embeddings,cluster-derived
sbert_minilm,google_news_t,50,0.42321640000000005,0.5761613251710479,0.7741459196327767,0.9013333333333333,42,95.444,ok,,ecrtm_hicot,15,palmetto_wikipedia,dieng_unique_words_top15,kmeans_on_embeddings,cluster-derived
sbert_minilm,google_news_t,100,0.4171216,0.7736766294562477,0.8495688832527547,0.808,42,186.578,ok,,ecrtm_hicot,15,palmetto_wikipedia,dieng_unique_words_top15,kmeans_on_embeddings,cluster-derived
sbert_minilm,google_news_s,50,0.46896160000000003,0.6167626935541952,0.821384213406533,0.9026666666666666,42,95.062,ok,,ecrtm_hicot,15,palmetto_wikipedia,dieng_unique_words_top15,kmeans_on_embeddings,cluster-derived
sbert_minilm,google_news_s,100,0.445903,0.7921317969031328,0.8700862242409452,0.8013333333333333,42,167.243,ok,,ecrtm_hicot,15,palmetto_wikipedia,dieng_unique_words_top15,kmeans_on_embeddings,cluster-derived
sbert_minilm,tweet,50,0.40223640000000005,0.81957928802589,0.8552634881688073,0.8746666666666667,42,97.6,ok,,ecrtm_hicot,15,palmetto_wikipedia,dieng_unique_words_top15,kmeans_on_embeddings,cluster-derived
sbert_minilm,tweet,100,,0.9219255663430421,0.8687839858005512,0.7773333333333333,42,168.291,ok,,ecrtm_hicot,15,palmetto_wikipedia,dieng_unique_words_top15,kmeans_on_embeddings,cluster-derived
sbert_minilm,hicot_20ng,50,0.43018500000000004,0.6093070147511408,0.5197334742157516,0.43333333333333335,42,201.409,ok,,ecrtm_hicot,15,palmetto_wikipedia,dieng_unique_words_top15,kmeans_on_embeddings,cluster-derived
sbert_minilm,hicot_20ng,100,0.4265246,0.6449113870317309,0.5074884147491167,0.4033333333333333,42,327.193,ok,,ecrtm_hicot,15,palmetto_wikipedia,dieng_unique_words_top15,kmeans_on_embeddings,cluster-derived
sbert_minilm,hicot_imdb,50,0.3234492,0.70294,0.05474813523173438,0.156,42,449.907,ok,,ecrtm_hicot,15,palmetto_wikipedia,dieng_unique_words_top15,kmeans_on_embeddings,cluster-derived
sbert_minilm,hicot_imdb,100,,0.71444,0.05257240803039988,0.15066666666666667,42,711.013,ok,,ecrtm_hicot,15,palmetto_wikipedia,dieng_unique_words_top15,kmeans_on_embeddings,cluster-derived
sbert_minilm,hicot_agnews,50,0.4491946,0.83672,0.34740170211424193,0.796,42,123.471,ok,,ecrtm_hicot,15,palmetto_wikipedia,dieng_unique_words_top15,kmeans_on_embeddings,cluster-derived
sbert_minilm,hicot_agnews,100,0.43796300000000005,0.83928,0.3136423912323638,0.7213333333333334,42,186.687,ok,,ecrtm_hicot,15,palmetto_wikipedia,dieng_unique_words_top15,kmeans_on_embeddings,cluster-derived
sbert_minilm,hicot_search_snippets,50,0.458476,0.8536684561574752,0.49271712914095095,0.8786666666666667,42,99.829,ok,,ecrtm_hicot,15,palmetto_wikipedia,dieng_unique_words_top15,kmeans_on_embeddings,cluster-derived
sbert_minilm,hicot_search_snippets,100,0.43896219999999997,0.8591182690743452,0.46329314156541834,0.766,42,161.305,ok,,ecrtm_hicot,15,palmetto_wikipedia,dieng_unique_words_top15,kmeans_on_embeddings,cluster-derived
sbert_minilm,hicot_google_news,50,0.4263154,0.5881658952718033,0.787266968051007,0.9133333333333333,42,101.086,ok,,ecrtm_hicot,15,palmetto_wikipedia,dieng_unique_words_top15,kmeans_on_embeddings,cluster-derived
sbert_minilm,hicot_google_news,100,0.41029780000000005,0.7830111625374353,0.8588890706699353,0.8046666666666666,42,185.247,ok,,ecrtm_hicot,15,palmetto_wikipedia,dieng_unique_words_top15,kmeans_on_embeddings,cluster-derived
sbert_mpnet,20ng,50,,0.612225405921681,0.5178093759263565,0.128,42,257.559,ok,,ecrtm_hicot,15,palmetto_wikipedia,dieng_unique_words_top15,kmeans_on_embeddings,cluster-derived
sbert_mpnet,20ng,100,,0.6264989918285048,0.4931688244554725,0.14266666666666666,42,283.302,ok,,ecrtm_hicot,15,palmetto_wikipedia,dieng_unique_words_top15,kmeans_on_embeddings,cluster-derived
sbert_mpnet,imdb,50,0.4535498,0.7077,0.06024187576829165,0.036,42,723.814,ok,,ecrtm_hicot,15,palmetto_wikipedia,dieng_unique_words_top15,kmeans_on_embeddings,cluster-derived
sbert_mpnet,imdb,100,0.4567199,0.72184,0.057354134082218816,0.024,42,782.336,ok,,ecrtm_hicot,15,palmetto_wikipedia,dieng_unique_words_top15,kmeans_on_embeddings,cluster-derived
sbert_mpnet,agnews_short,50,0.464285,0.8545,0.36689548871560224,0.8426666666666667,42,93.186,ok,,ecrtm_hicot,15,palmetto_wikipedia,dieng_unique_words_top15,kmeans_on_embeddings,cluster-derived
sbert_mpnet,agnews_short,100,0.45250860000000004,0.86425,0.3387507040842704,0.7793333333333333,42,155.923,ok,,ecrtm_hicot,15,palmetto_wikipedia,dieng_unique_words_top15,kmeans_on_embeddings,cluster-derived
sbert_mpnet,search_snippets,50,0.4513086,0.8364667747163695,0.47995247289663323,0.8546666666666667,42,116.433,ok,,ecrtm_hicot,15,palmetto_wikipedia,dieng_unique_words_top15,kmeans_on_embeddings,cluster-derived
sbert_mpnet,search_snippets,100,0.44208240000000004,0.8484602917341977,0.4509988142398365,0.7746666666666666,42,188.158,ok,,ecrtm_hicot,15,palmetto_wikipedia,dieng_unique_words_top15,kmeans_on_embeddings,cluster-derived
sbert_mpnet,stack_overflow,50,0.4427882,0.74345,0.6355105627116305,0.35333333333333333,42,90.179,ok,,ecrtm_hicot,15,palmetto_wikipedia,dieng_unique_words_top15,kmeans_on_embeddings,cluster-derived
sbert_mpnet,stack_overflow,100,0.4441559,0.7475,0.5808008274259902,0.3913333333333333,42,156.523,ok,,ecrtm_hicot,15,palmetto_wikipedia,dieng_unique_words_top15,kmeans_on_embeddings,cluster-derived
sbert_mpnet,biomedical,50,0.5528854,0.5242,0.40605462470070325,0.452,42,95.874,ok,,ecrtm_hicot,15,palmetto_wikipedia,dieng_unique_words_top15,kmeans_on_embeddings,cluster-derived
sbert_mpnet,biomedical,100,0.5538281,0.5299,0.3939151047692384,0.466,42,137.432,ok,,ecrtm_hicot,15,palmetto_wikipedia,dieng_unique_words_top15,kmeans_on_embeddings,cluster-derived
sbert_mpnet,google_news_ts,50,0.4646606,0.6302997569538212,0.8598485282901895,0.9133333333333333,42,108.625,ok,,ecrtm_hicot,15,palmetto_wikipedia,dieng_unique_words_top15,kmeans_on_embeddings,cluster-derived
sbert_mpnet,google_news_ts,100,0.4488568,0.8488612836438924,0.9211497059538143,0.8253333333333334,42,183.499,ok,,ecrtm_hicot,15,palmetto_wikipedia,dieng_unique_words_top15,kmeans_on_embeddings,cluster-derived
sbert_mpnet,google_news_t,50,0.4262164,0.5956967951026287,0.8007491907505725,0.9133333333333333,42,101.214,ok,,ecrtm_hicot,15,palmetto_wikipedia,dieng_unique_words_top15,kmeans_on_embeddings,cluster-derived
sbert_mpnet,google_news_t,100,0.4158885,0.784029528267915,0.8621384007287239,0.8226666666666667,42,203.028,ok,,ecrtm_hicot,15,palmetto_wikipedia,dieng_unique_words_top15,kmeans_on_embeddings,cluster-derived
sbert_mpnet,google_news_s,50,0.4687346,0.6218041051494418,0.8293158852059279,0.912,42,103.909,ok,,ecrtm_hicot,15,palmetto_wikipedia,dieng_unique_words_top15,kmeans_on_embeddings,cluster-derived
sbert_mpnet,google_news_s,100,0.4454376,0.8077061577241628,0.8808617700719111,0.8166666666666667,42,196.52,ok,,ecrtm_hicot,15,palmetto_wikipedia,dieng_unique_words_top15,kmeans_on_embeddings,cluster-derived
sbert_mpnet,tweet,50,0.3982806,0.8394012944983819,0.8868231309819253,0.8973333333333333,42,102.827,ok,,ecrtm_hicot,15,palmetto_wikipedia,dieng_unique_words_top15,kmeans_on_embeddings,cluster-derived
sbert_mpnet,tweet,100,,0.9251618122977346,0.8674860792651369,0.786,42,180.051,ok,,ecrtm_hicot,15,palmetto_wikipedia,dieng_unique_words_top15,kmeans_on_embeddings,cluster-derived
sbert_mpnet,hicot_20ng,50,0.4287972,0.6184336198662846,0.5359893646375778,0.4493333333333333,42,279.876,ok,,ecrtm_hicot,15,palmetto_wikipedia,dieng_unique_words_top15,kmeans_on_embeddings,cluster-derived
sbert_mpnet,hicot_20ng,100,0.42436349999999995,0.6446460787435,0.5107660858263818,0.414,42,419.976,ok,,ecrtm_hicot,15,palmetto_wikipedia,dieng_unique_words_top15,kmeans_on_embeddings,cluster-derived
sbert_mpnet,hicot_imdb,50,0.32318579999999997,0.70336,0.059934721118906284,0.136,42,656.473,ok,,ecrtm_hicot,15,palmetto_wikipedia,dieng_unique_words_top15,kmeans_on_embeddings,cluster-derived
sbert_mpnet,hicot_imdb,100,,0.7204,0.05676499156612342,0.142,42,948.482,ok,,ecrtm_hicot,15,palmetto_wikipedia,dieng_unique_words_top15,kmeans_on_embeddings,cluster-derived
sbert_mpnet,hicot_agnews,50,0.4616946,0.846,0.35832343740787004,0.7933333333333333,42,124.703,ok,,ecrtm_hicot,15,palmetto_wikipedia,dieng_unique_words_top15,kmeans_on_embeddings,cluster-derived
sbert_mpnet,hicot_agnews,100,0.4348433,0.85496,0.33146063730902225,0.6926666666666667,42,196.84,ok,,ecrtm_hicot,15,palmetto_wikipedia,dieng_unique_words_top15,kmeans_on_embeddings,cluster-derived
sbert_mpnet,hicot_search_snippets,50,0.45338700000000004,0.8488693671709777,0.49621176333248296,0.8466666666666667,42,107.27,ok,,ecrtm_hicot,15,palmetto_wikipedia,dieng_unique_words_top15,kmeans_on_embeddings,cluster-derived
sbert_mpnet,hicot_search_snippets,100,0.44425370000000003,0.867414999186595,0.46558021524382226,0.756,42,179.804,ok,,ecrtm_hicot,15,palmetto_wikipedia,dieng_unique_words_top15,kmeans_on_embeddings,cluster-derived
sbert_mpnet,hicot_google_news,50,0.4221374,0.6192939468191306,0.812293688347776,0.9066666666666666,42,100.119,ok,,ecrtm_hicot,15,palmetto_wikipedia,dieng_unique_words_top15,kmeans_on_embeddings,cluster-derived
sbert_mpnet,hicot_google_news,100,0.41584350000000003,0.7772030129775842,0.8605511788086577,0.7933333333333333,42,205.008,ok,,ecrtm_hicot,15,palmetto_wikipedia,dieng_unique_words_top15,kmeans_on_embeddings,cluster-derived
sbert_t5,20ng,50,0.47197224489795925,0.612490714209912,0.5203678805117603,0.11333333333333333,42,309.31,ok,,ecrtm_hicot,15,palmetto_wikipedia,dieng_unique_words_top15,kmeans_on_embeddings,cluster-derived
sbert_t5,20ng,100,0.4797332323232323,0.6359970285471718,0.493989725302097,0.13666666666666666,42,327.598,ok,,ecrtm_hicot,15,palmetto_wikipedia,dieng_unique_words_top15,kmeans_on_embeddings,cluster-derived
sbert_t5,imdb,50,0.4544294,0.87384,0.1649736921748905,0.04,42,961.477,ok,,ecrtm_hicot,15,palmetto_wikipedia,dieng_unique_words_top15,kmeans_on_embeddings,cluster-derived
sbert_t5,imdb,100,0.4549588,0.88834,0.15063701498930662,0.02666666666666667,42,1019.471,ok,,ecrtm_hicot,15,palmetto_wikipedia,dieng_unique_words_top15,kmeans_on_embeddings,cluster-derived
sbert_t5,agnews_short,50,0.4651148,0.83225,0.348979033438047,0.8213333333333334,42,105.251,ok,,ecrtm_hicot,15,palmetto_wikipedia,dieng_unique_words_top15,kmeans_on_embeddings,cluster-derived
sbert_t5,agnews_short,100,0.45805219999999996,0.855625,0.32716154170117057,0.738,42,169.498,ok,,ecrtm_hicot,15,palmetto_wikipedia,dieng_unique_words_top15,kmeans_on_embeddings,cluster-derived
sbert_t5,search_snippets,50,0.4449606,0.7773905996758509,0.4353452280789434,0.8333333333333334,42,131.111,ok,,ecrtm_hicot,15,palmetto_wikipedia,dieng_unique_words_top15,kmeans_on_embeddings,cluster-derived
sbert_t5,search_snippets,100,0.439848,0.8213938411669368,0.4296552246293762,0.7413333333333333,42,206.31,ok,,ecrtm_hicot,15,palmetto_wikipedia,dieng_unique_words_top15,kmeans_on_embeddings,cluster-derived
sbert_t5,stack_overflow,50,0.4486178,0.8589,0.7296156413764997,0.37733333333333335,42,95.059,ok,,ecrtm_hicot,15,palmetto_wikipedia,dieng_unique_words_top15,kmeans_on_embeddings,cluster-derived
sbert_t5,stack_overflow,100,0.4373792,0.87235,0.6740705808437663,0.342,42,161.929,ok,,ecrtm_hicot,15,palmetto_wikipedia,dieng_unique_words_top15,kmeans_on_embeddings,cluster-derived
sbert_t5,biomedical,50,0.5332562,0.5204,0.39800123707933127,0.38533333333333336,42,113.548,ok,,ecrtm_hicot,15,palmetto_wikipedia,dieng_unique_words_top15,kmeans_on_embeddings,cluster-derived
sbert_t5,biomedical,100,0.5312870000000001,0.534,0.3812886728506903,0.39,42,148.002,ok,,ecrtm_hicot,15,palmetto_wikipedia,dieng_unique_words_top15,kmeans_on_embeddings,cluster-derived
sbert_t5,google_news_ts,50,0.4577722,0.6667566837699163,0.8661039226854251,0.9106666666666666,42,132.263,ok,,ecrtm_hicot,15,palmetto_wikipedia,dieng_unique_words_top15,kmeans_on_embeddings,cluster-derived
sbert_t5,google_news_ts,100,0.44582140000000003,0.8325681879557116,0.9091939897889998,0.8153333333333334,42,210.066,ok,,ecrtm_hicot,15,palmetto_wikipedia,dieng_unique_words_top15,kmeans_on_embeddings,cluster-derived
sbert_t5,google_news_t,50,0.42944879999999996,0.5970471732084984,0.7791462325530543,0.9213333333333333,42,106.801,ok,,ecrtm_hicot,15,palmetto_wikipedia,dieng_unique_words_top15,kmeans_on_embeddings,cluster-derived
sbert_t5,google_news_t,100,0.41220860000000004,0.7888908894490457,0.8556117488978733,0.8106666666666666,42,203.176,ok,,ecrtm_hicot,15,palmetto_wikipedia,dieng_unique_words_top15,kmeans_on_embeddings,cluster-derived
sbert_t5,google_news_s,50,0.45836140000000003,0.6240547353258913,0.822974340129395,0.8893333333333333,42,128.903,ok,,ecrtm_hicot,15,palmetto_wikipedia,dieng_unique_words_top15,kmeans_on_embeddings,cluster-derived
sbert_t5,google_news_s,100,0.4484923,0.7931220741807706,0.8717125705374131,0.8026666666666666,42,203.76,ok,,ecrtm_hicot,15,palmetto_wikipedia,dieng_unique_words_top15,kmeans_on_embeddings,cluster-derived
sbert_t5,tweet,50,0.40503,0.8098705501618123,0.848711791610822,0.8626666666666667,42,97.943,ok,,ecrtm_hicot,15,palmetto_wikipedia,dieng_unique_words_top15,kmeans_on_embeddings,cluster-derived
sbert_t5,tweet,100,0.39933480000000005,0.9142394822006472,0.862304242782915,0.7793333333333333,42,181.936,ok,,ecrtm_hicot,15,palmetto_wikipedia,dieng_unique_words_top15,kmeans_on_embeddings,cluster-derived
sbert_t5,hicot_20ng,50,0.4319914,0.6439562771940995,0.5456783989339506,0.43066666666666664,42,360.285,ok,,ecrtm_hicot,15,palmetto_wikipedia,dieng_unique_words_top15,kmeans_on_embeddings,cluster-derived
sbert_t5,hicot_20ng,100,0.4285227,0.6645972620184655,0.5200453500097727,0.4106666666666667,42,464.32,ok,,ecrtm_hicot,15,palmetto_wikipedia,dieng_unique_words_top15,kmeans_on_embeddings,cluster-derived
sbert_t5,hicot_imdb,50,0.32542160000000003,0.806,0.11552533255568202,0.13866666666666666,42,822.247,ok,,ecrtm_hicot,15,palmetto_wikipedia,dieng_unique_words_top15,kmeans_on_embeddings,cluster-derived
sbert_t5,hicot_imdb,100,,0.81036,0.10226029374812519,0.13,42,1118.456,ok,,ecrtm_hicot,15,palmetto_wikipedia,dieng_unique_words_top15,kmeans_on_embeddings,cluster-derived
sbert_t5,hicot_agnews,50,0.4497748,0.82736,0.3391662089035103,0.7866666666666666,42,144.849,ok,,ecrtm_hicot,15,palmetto_wikipedia,dieng_unique_words_top15,kmeans_on_embeddings,cluster-derived
sbert_t5,hicot_agnews,100,0.4324104,0.84896,0.32107666636755305,0.6966666666666667,42,221.397,ok,,ecrtm_hicot,15,palmetto_wikipedia,dieng_unique_words_top15,kmeans_on_embeddings,cluster-derived
sbert_t5,hicot_search_snippets,50,0.4550978,0.7863185293639173,0.4418829941096074,0.832,42,122.644,ok,,ecrtm_hicot,15,palmetto_wikipedia,dieng_unique_words_top15,kmeans_on_embeddings,cluster-derived
sbert_t5,hicot_search_snippets,100,0.4434794,0.8149503823003091,0.4279477579241339,0.7486666666666667,42,195.993,ok,,ecrtm_hicot,15,palmetto_wikipedia,dieng_unique_words_top15,kmeans_on_embeddings,cluster-derived
sbert_t5,hicot_google_news,50,0.4266608,0.5983301570015428,0.7874876135349367,0.92,42,107.036,ok,,ecrtm_hicot,15,palmetto_wikipedia,dieng_unique_words_top15,kmeans_on_embeddings,cluster-derived
sbert_t5,hicot_google_news,100,0.41602890000000003,0.778927307378165,0.8514445912271575,0.8053333333333333,42,200.453,ok,,ecrtm_hicot,15,palmetto_wikipedia,dieng_unique_words_top15,kmeans_on_embeddings,cluster-derived
sbert_e5,20ng,50,0.472834081632653,0.6240581555767802,0.5276566560568724,0.11733333333333333,42,739.883,ok,,ecrtm_hicot,15,palmetto_wikipedia,dieng_unique_words_top15,kmeans_on_embeddings,cluster-derived
sbert_e5,20ng,100,0.4819283838383838,0.6410909476812056,0.5049898550241096,0.144,42,766.916,ok,,ecrtm_hicot,15,palmetto_wikipedia,dieng_unique_words_top15,kmeans_on_embeddings,cluster-derived
sbert_e5,imdb,50,0.4640642,0.91708,0.20702653493938414,0.037333333333333336,42,2274.254,ok,,ecrtm_hicot,15,palmetto_wikipedia,dieng_unique_words_top15,kmeans_on_embeddings,cluster-derived
sbert_e5,imdb,100,0.46630119999999997,0.9243,0.18441182422643473,0.022,42,2356.271,ok,,ecrtm_hicot,15,palmetto_wikipedia,dieng_unique_words_top15,kmeans_on_embeddings,cluster-derived
sbert_e5,agnews_short,50,0.4563724,0.875125,0.38508241570146756,0.8293333333333334,42,136.864,ok,,ecrtm_hicot,15,palmetto_wikipedia,dieng_unique_words_top15,kmeans_on_embeddings,cluster-derived
sbert_e5,agnews_short,100,0.4554878,0.873625,0.350735688834121,0.7486666666666667,42,188.694,ok,,ecrtm_hicot,15,palmetto_wikipedia,dieng_unique_words_top15,kmeans_on_embeddings,cluster-derived
sbert_e5,search_snippets,50,0.44349200000000005,0.7964343598055106,0.456400072029863,0.7706666666666667,42,166.097,ok,,ecrtm_hicot,15,palmetto_wikipedia,dieng_unique_words_top15,kmeans_on_embeddings,cluster-derived
sbert_e5,search_snippets,100,0.43721829999999995,0.8153160453808752,0.4327461662983145,0.7133333333333334,42,242.885,ok,,ecrtm_hicot,15,palmetto_wikipedia,dieng_unique_words_top15,kmeans_on_embeddings,cluster-derived
sbert_e5,stack_overflow,50,0.43216659999999996,0.85435,0.7259012256689733,0.36933333333333335,42,131.565,ok,,ecrtm_hicot,15,palmetto_wikipedia,dieng_unique_words_top15,kmeans_on_embeddings,cluster-derived
sbert_e5,stack_overflow,100,0.43498,0.86945,0.6720981064409686,0.37066666666666664,42,201.758,ok,,ecrtm_hicot,15,palmetto_wikipedia,dieng_unique_words_top15,kmeans_on_embeddings,cluster-derived
sbert_e5,biomedical,50,0.548501,0.5882,0.4666723580387752,0.452,42,159.13,ok,,ecrtm_hicot,15,palmetto_wikipedia,dieng_unique_words_top15,kmeans_on_embeddings,cluster-derived
sbert_e5,biomedical,100,0.545579,0.6047,0.44279143499615564,0.43533333333333335,42,209.633,ok,,ecrtm_hicot,15,palmetto_wikipedia,dieng_unique_words_top15,kmeans_on_embeddings,cluster-derived
sbert_e5,google_news_ts,50,0.45941679999999996,0.6607255378521919,0.8682433180046562,0.912,42,161.355,ok,,ecrtm_hicot,15,palmetto_wikipedia,dieng_unique_words_top15,kmeans_on_embeddings,cluster-derived
sbert_e5,google_news_ts,100,0.4470686,0.842830137726168,0.9186447006036291,0.82,42,247.361,ok,,ecrtm_hicot,15,palmetto_wikipedia,dieng_unique_words_top15,kmeans_on_embeddings,cluster-derived
sbert_e5,google_news_t,50,0.4291216,0.6074900972272236,0.803698108071327,0.9053333333333333,42,121.146,ok,,ecrtm_hicot,15,palmetto_wikipedia,dieng_unique_words_top15,kmeans_on_embeddings,cluster-derived
sbert_e5,google_news_t,100,0.4166332,0.7982535109830753,0.868524510524366,0.8166666666666667,42,215.769,ok,,ecrtm_hicot,15,palmetto_wikipedia,dieng_unique_words_top15,kmeans_on_embeddings,cluster-derived
sbert_e5,google_news_s,50,0.463016,0.6380986676269356,0.8302865918247526,0.8906666666666667,42,152.406,ok,,ecrtm_hicot,15,palmetto_wikipedia,dieng_unique_words_top15,kmeans_on_embeddings,cluster-derived
sbert_e5,google_news_s,100,0.4475325,0.8104969391429601,0.878986747346971,0.7753333333333333,42,239.224,ok,,ecrtm_hicot,15,palmetto_wikipedia,dieng_unique_words_top15,kmeans_on_embeddings,cluster-derived
sbert_e5,tweet,50,0.3989494,0.8280744336569579,0.861239018411977,0.8786666666666667,42,105.214,ok,,ecrtm_hicot,15,palmetto_wikipedia,dieng_unique_words_top15,kmeans_on_embeddings,cluster-derived
sbert_e5,tweet,100,,0.9057443365695793,0.8505149996736776,0.7646666666666667,42,179.862,ok,,ecrtm_hicot,15,palmetto_wikipedia,dieng_unique_words_top15,kmeans_on_embeddings,cluster-derived
sbert_e5,hicot_20ng,50,0.4244518,0.6445930170858538,0.5636727294803084,0.472,42,497.834,ok,,ecrtm_hicot,15,palmetto_wikipedia,dieng_unique_words_top15,kmeans_on_embeddings,cluster-derived
sbert_e5,hicot_20ng,100,0.42140079999999996,0.6773320598535498,0.535816994504313,0.40066666666666667,42,626.196,ok,,ecrtm_hicot,15,palmetto_wikipedia,dieng_unique_words_top15,kmeans_on_embeddings,cluster-derived
sbert_e5,hicot_imdb,50,0.3308488,0.76464,0.08939520192359621,0.14266666666666666,42,1158.037,ok,,ecrtm_hicot,15,palmetto_wikipedia,dieng_unique_words_top15,kmeans_on_embeddings,cluster-derived
sbert_e5,hicot_imdb,100,,0.75444,0.078560582690714,0.13733333333333334,42,1474.456,ok,,ecrtm_hicot,15,palmetto_wikipedia,dieng_unique_words_top15,kmeans_on_embeddings,cluster-derived
sbert_e5,hicot_agnews,50,0.4598138,0.85848,0.3689135274188797,0.7973333333333333,42,166.7,ok,,ecrtm_hicot,15,palmetto_wikipedia,dieng_unique_words_top15,kmeans_on_embeddings,cluster-derived
sbert_e5,hicot_agnews,100,0.4398747,0.87232,0.34076611929770817,0.6966666666666667,42,254.078,ok,,ecrtm_hicot,15,palmetto_wikipedia,dieng_unique_words_top15,kmeans_on_embeddings,cluster-derived
sbert_e5,hicot_search_snippets,50,0.44110720000000003,0.8047014803969416,0.4609480814830268,0.7893333333333333,42,151.959,ok,,ecrtm_hicot,15,palmetto_wikipedia,dieng_unique_words_top15,kmeans_on_embeddings,cluster-derived
sbert_e5,hicot_search_snippets,100,0.44075400000000003,0.8424434683585489,0.44677418186228063,0.6886666666666666,42,238.918,ok,,ecrtm_hicot,15,palmetto_wikipedia,dieng_unique_words_top15,kmeans_on_embeddings,cluster-derived
sbert_e5,hicot_google_news,50,0.42586640000000003,0.6241038206733823,0.818220570166321,0.92,42,116.833,ok,,ecrtm_hicot,15,palmetto_wikipedia,dieng_unique_words_top15,kmeans_on_embeddings,cluster-derived
sbert_e5,hicot_google_news,100,0.4160814,0.8035211906706597,0.8713492743413085,0.8086666666666666,42,222.44,ok,,ecrtm_hicot,15,palmetto_wikipedia,dieng_unique_words_top15,kmeans_on_embeddings,cluster-derived
sbert_bge,20ng,50,0.46623367346938777,0.6507481693728112,0.5474376948029955,0.12266666666666666,42,741.335,ok,,ecrtm_hicot,15,palmetto_wikipedia,dieng_unique_words_top15,kmeans_on_embeddings,cluster-derived
sbert_bge,20ng,100,0.4786629292929293,0.6581237397856309,0.5145832843335255,0.174,42,767.483,ok,,ecrtm_hicot,15,palmetto_wikipedia,dieng_unique_words_top15,kmeans_on_embeddings,cluster-derived
sbert_bge,imdb,50,0.45347360000000003,0.93252,0.2272153688351092,0.034666666666666665,42,2278.18,ok,,ecrtm_hicot,15,palmetto_wikipedia,dieng_unique_words_top15,kmeans_on_embeddings,cluster-derived
sbert_bge,imdb,100,0.45673220000000003,0.93394,0.19856275064063095,0.024666666666666667,42,2365.394,ok,,ecrtm_hicot,15,palmetto_wikipedia,dieng_unique_words_top15,kmeans_on_embeddings,cluster-derived
sbert_bge,agnews_short,50,0.4732368,0.86825,0.37764811498649575,0.8533333333333334,42,127.234,ok,,ecrtm_hicot,15,palmetto_wikipedia,dieng_unique_words_top15,kmeans_on_embeddings,cluster-derived
sbert_bge,agnews_short,100,0.46102,0.880125,0.34836040072825447,0.774,42,193.71,ok,,ecrtm_hicot,15,palmetto_wikipedia,dieng_unique_words_top15,kmeans_on_embeddings,cluster-derived
sbert_bge,search_snippets,50,0.4471604,0.7774716369529984,0.4354941812034364,0.8106666666666666,42,171.668,ok,,ecrtm_hicot,15,palmetto_wikipedia,dieng_unique_words_top15,kmeans_on_embeddings,cluster-derived
sbert_bge,search_snippets,100,0.4394272,0.8146677471636953,0.4246994601050625,0.7273333333333334,42,239.75,ok,,ecrtm_hicot,15,palmetto_wikipedia,dieng_unique_words_top15,kmeans_on_embeddings,cluster-derived
sbert_bge,stack_overflow,50,0.43436199999999997,0.865,0.7310459374032009,0.37066666666666664,42,136.01,ok,,ecrtm_hicot,15,palmetto_wikipedia,dieng_unique_words_top15,kmeans_on_embeddings,cluster-derived
sbert_bge,stack_overflow,100,0.4373955,0.86795,0.6680316905902233,0.39066666666666666,42,207.661,ok,,ecrtm_hicot,15,palmetto_wikipedia,dieng_unique_words_top15,kmeans_on_embeddings,cluster-derived
sbert_bge,biomedical,50,0.5410904,0.5709,0.4461353397470772,0.45866666666666667,42,161.954,ok,,ecrtm_hicot,15,palmetto_wikipedia,dieng_unique_words_top15,kmeans_on_embeddings,cluster-derived
sbert_bge,biomedical,100,0.5502778,0.5803,0.425416438309137,0.4553333333333333,42,207.294,ok,,ecrtm_hicot,15,palmetto_wikipedia,dieng_unique_words_top15,kmeans_on_embeddings,cluster-derived
sbert_bge,google_news_ts,50,0.453092,0.6626158970204339,0.8685821460490637,0.9066666666666666,42,159.925,ok,,ecrtm_hicot,15,palmetto_wikipedia,dieng_unique_words_top15,kmeans_on_embeddings,cluster-derived
sbert_bge,google_news_ts,100,0.45250280000000004,0.8445404626879107,0.9193654450947628,0.8133333333333334,42,240.773,ok,,ecrtm_hicot,15,palmetto_wikipedia,dieng_unique_words_top15,kmeans_on_embeddings,cluster-derived
sbert_bge,google_news_t,50,0.4320376,0.6079402232625135,0.8057686500804897,0.9226666666666666,42,118.423,ok,,ecrtm_hicot,15,palmetto_wikipedia,dieng_unique_words_top15,kmeans_on_embeddings,cluster-derived
sbert_bge,google_news_t,100,0.42093200000000003,0.7753871083903493,0.8578076027245198,0.8066666666666666,42,220.153,ok,,ecrtm_hicot,15,palmetto_wikipedia,dieng_unique_words_top15,kmeans_on_embeddings,cluster-derived
sbert_bge,google_news_s,50,0.45845579999999997,0.6312567518905293,0.834164036013931,0.9066666666666666,42,149.366,ok,,ecrtm_hicot,15,palmetto_wikipedia,dieng_unique_words_top15,kmeans_on_embeddings,cluster-derived
sbert_bge,google_news_s,100,0.45421120000000004,0.8023046453006842,0.8877372060215757,0.808,42,229.637,ok,,ecrtm_hicot,15,palmetto_wikipedia,dieng_unique_words_top15,kmeans_on_embeddings,cluster-derived
sbert_bge,tweet,50,0.4005558,0.8260517799352751,0.8641140226294781,0.876,42,103.647,ok,,ecrtm_hicot,15,palmetto_wikipedia,dieng_unique_words_top15,kmeans_on_embeddings,cluster-derived
sbert_bge,tweet,100,0.4004056,0.9203074433656958,0.8672202636899143,0.778,42,188.166,ok,,ecrtm_hicot,15,palmetto_wikipedia,dieng_unique_words_top15,kmeans_on_embeddings,cluster-derived
sbert_bge,hicot_20ng,50,0.423335,0.6747851002865329,0.5694124058199176,0.476,42,501.817,ok,,ecrtm_hicot,15,palmetto_wikipedia,dieng_unique_words_top15,kmeans_on_embeddings,cluster-derived
sbert_bge,hicot_20ng,100,0.420925,0.6710707842513,0.5327431520264235,0.432,42,631.305,ok,,ecrtm_hicot,15,palmetto_wikipedia,dieng_unique_words_top15,kmeans_on_embeddings,cluster-derived
sbert_bge,hicot_imdb,50,0.32156480000000004,0.82894,0.1331003779917523,0.12666666666666668,42,1180.334,ok,,ecrtm_hicot,15,palmetto_wikipedia,dieng_unique_words_top15,kmeans_on_embeddings,cluster-derived
sbert_bge,hicot_imdb,100,,0.8377,0.11937050997523413,0.11933333333333333,42,1478.856,ok,,ecrtm_hicot,15,palmetto_wikipedia,dieng_unique_words_top15,kmeans_on_embeddings,cluster-derived
sbert_bge,hicot_agnews,50,0.4552444,0.8596,0.3696658724313676,0.8066666666666666,42,168.362,ok,,ecrtm_hicot,15,palmetto_wikipedia,dieng_unique_words_top15,kmeans_on_embeddings,cluster-derived
sbert_bge,hicot_agnews,100,0.44133229999999996,0.87352,0.3434273828593695,0.7153333333333334,42,246.07,ok,,ecrtm_hicot,15,palmetto_wikipedia,dieng_unique_words_top15,kmeans_on_embeddings,cluster-derived
sbert_bge,hicot_search_snippets,50,0.441597,0.8043761184317554,0.45106421580123995,0.812,42,150.183,ok,,ecrtm_hicot,15,palmetto_wikipedia,dieng_unique_words_top15,kmeans_on_embeddings,cluster-derived
sbert_bge,hicot_search_snippets,100,0.43730310000000006,0.8216203025866277,0.43159559168950723,0.712,42,228.808,ok,,ecrtm_hicot,15,palmetto_wikipedia,dieng_unique_words_top15,kmeans_on_embeddings,cluster-derived
sbert_bge,hicot_google_news,50,0.42596559999999994,0.6146655776386242,0.8134211588751443,0.9253333333333333,42,115.769,ok,,ecrtm_hicot,15,palmetto_wikipedia,dieng_unique_words_top15,kmeans_on_embeddings,cluster-derived
sbert_bge,hicot_google_news,100,0.41238430000000004,0.7919048915509574,0.8654570152574982,0.816,42,221.096,ok,,ecrtm_hicot,15,palmetto_wikipedia,dieng_unique_words_top15,kmeans_on_embeddings,cluster-derived
sbert_gte,20ng,50,0.4687012244897959,0.6460256818423008,0.5481175647366497,0.13066666666666665,42,142.626,ok,,ecrtm_hicot,15,palmetto_wikipedia,dieng_unique_words_top15,kmeans_on_embeddings,cluster-derived
sbert_gte,20ng,100,0.47646292929292927,0.6594502812267855,0.5138299167799131,0.16133333333333333,42,172.659,ok,,ecrtm_hicot,15,palmetto_wikipedia,dieng_unique_words_top15,kmeans_on_embeddings,cluster-derived
sbert_gte,imdb,50,0.4527294,0.9226,0.20405019648066322,0.03866666666666667,42,356.684,ok,,ecrtm_hicot,15,palmetto_wikipedia,dieng_unique_words_top15,kmeans_on_embeddings,cluster-derived
sbert_gte,imdb,100,0.4561867,0.9199,0.178205622505652,0.023333333333333334,42,410.838,ok,,ecrtm_hicot,15,palmetto_wikipedia,dieng_unique_words_top15,kmeans_on_embeddings,cluster-derived
sbert_gte,agnews_short,50,0.48315739999999996,0.880375,0.3857397974772718,0.8573333333333333,42,79.104,ok,,ecrtm_hicot,15,palmetto_wikipedia,dieng_unique_words_top15,kmeans_on_embeddings,cluster-derived
sbert_gte,agnews_short,100,0.4699897,0.87675,0.3493965081661323,0.7833333333333333,42,129.854,ok,,ecrtm_hicot,15,palmetto_wikipedia,dieng_unique_words_top15,kmeans_on_embeddings,cluster-derived
sbert_gte,search_snippets,50,0.46400820000000004,0.8633711507293355,0.5065230789628647,0.8573333333333333,42,100.408,ok,,ecrtm_hicot,15,palmetto_wikipedia,dieng_unique_words_top15,kmeans_on_embeddings,cluster-derived
sbert_gte,search_snippets,100,0.4485189,0.8663695299837926,0.4711531666608899,0.7666666666666667,42,165.264,ok,,ecrtm_hicot,15,palmetto_wikipedia,dieng_unique_words_top15,kmeans_on_embeddings,cluster-derived
sbert_gte,stack_overflow,50,0.4363054,0.86865,0.7390771151809999,0.37066666666666664,42,78.181,ok,,ecrtm_hicot,15,palmetto_wikipedia,dieng_unique_words_top15,kmeans_on_embeddings,cluster-derived
sbert_gte,stack_overflow,100,0.4303029,0.8747,0.6733036387558138,0.39466666666666667,42,141.371,ok,,ecrtm_hicot,15,palmetto_wikipedia,dieng_unique_words_top15,kmeans_on_embeddings,cluster-derived
sbert_gte,biomedical,50,0.5462861999999999,0.57245,0.44875354441057413,0.46,42,81.171,ok,,ecrtm_hicot,15,palmetto_wikipedia,dieng_unique_words_top15,kmeans_on_embeddings,cluster-derived
sbert_gte,biomedical,100,0.5494881,0.57885,0.4248315801110312,0.45466666666666666,42,116.322,ok,,ecrtm_hicot,15,palmetto_wikipedia,dieng_unique_words_top15,kmeans_on_embeddings,cluster-derived
sbert_gte,google_news_ts,50,0.4636442,0.6619857772976866,0.8752383060532656,0.916,42,95.684,ok,,ecrtm_hicot,15,palmetto_wikipedia,dieng_unique_words_top15,kmeans_on_embeddings,cluster-derived
sbert_gte,google_news_ts,100,0.44708539999999997,0.8545323611486182,0.9253605502677313,0.818,42,176.326,ok,,ecrtm_hicot,15,palmetto_wikipedia,dieng_unique_words_top15,kmeans_on_embeddings,cluster-derived
sbert_gte,google_news_t,50,0.4314246,0.6242347857400072,0.8201264369986375,0.928,42,97.399,ok,,ecrtm_hicot,15,palmetto_wikipedia,dieng_unique_words_top15,kmeans_on_embeddings,cluster-derived
sbert_gte,google_news_t,100,0.4170751,0.7948325531148721,0.8744994535976462,0.8146666666666667,42,193.042,ok,,ecrtm_hicot,15,palmetto_wikipedia,dieng_unique_words_top15,kmeans_on_embeddings,cluster-derived
sbert_gte,google_news_s,50,0.46146299999999996,0.6329672308246309,0.837590964027775,0.8946666666666667,42,92.337,ok,,ecrtm_hicot,15,palmetto_wikipedia,dieng_unique_words_top15,kmeans_on_embeddings,cluster-derived
sbert_gte,google_news_s,100,0.4475517,0.8148181490817429,0.8982845661775167,0.8126666666666666,42,176.528,ok,,ecrtm_hicot,15,palmetto_wikipedia,dieng_unique_words_top15,kmeans_on_embeddings,cluster-derived
sbert_gte,tweet,50,0.40471359999999995,0.8422330097087378,0.8784006332049052,0.8826666666666667,42,91.904,ok,,ecrtm_hicot,15,palmetto_wikipedia,dieng_unique_words_top15,kmeans_on_embeddings,cluster-derived
sbert_gte,tweet,100,,0.926779935275081,0.8792705602583871,0.7733333333333333,42,177.916,ok,,ecrtm_hicot,15,palmetto_wikipedia,dieng_unique_words_top15,kmeans_on_embeddings,cluster-derived
sbert_gte,hicot_20ng,50,0.4272404,0.673352435530086,0.5768861261483105,0.49466666666666664,42,215.777,ok,,ecrtm_hicot,15,palmetto_wikipedia,dieng_unique_words_top15,kmeans_on_embeddings,cluster-derived
sbert_gte,hicot_20ng,100,0.4236873,0.6882096996710177,0.547565034375509,0.442,42,344.185,ok,,ecrtm_hicot,15,palmetto_wikipedia,dieng_unique_words_top15,kmeans_on_embeddings,cluster-derived
sbert_gte,hicot_imdb,50,0.325685,0.80128,0.1107532297390922,0.148,42,520.195,ok,,ecrtm_hicot,15,palmetto_wikipedia,dieng_unique_words_top15,kmeans_on_embeddings,cluster-derived
sbert_gte,hicot_imdb,100,,0.80008,0.09841949405565718,0.15066666666666667,42,833.896,ok,,ecrtm_hicot,15,palmetto_wikipedia,dieng_unique_words_top15,kmeans_on_embeddings,cluster-derived
sbert_gte,hicot_agnews,50,0.4567108,0.8692,0.37339229547456765,0.808,42,110.321,ok,,ecrtm_hicot,15,palmetto_wikipedia,dieng_unique_words_top15,kmeans_on_embeddings,cluster-derived
sbert_gte,hicot_agnews,100,0.43449869999999996,0.8732,0.3413283055036635,0.7053333333333334,42,195.484,ok,,ecrtm_hicot,15,palmetto_wikipedia,dieng_unique_words_top15,kmeans_on_embeddings,cluster-derived
sbert_gte,hicot_search_snippets,50,0.4527938,0.8718073857166098,0.5110384805689625,0.8533333333333334,42,98.608,ok,,ecrtm_hicot,15,palmetto_wikipedia,dieng_unique_words_top15,kmeans_on_embeddings,cluster-derived
sbert_gte,hicot_search_snippets,100,0.4443113,0.8766064747031072,0.47692544603355513,0.762,42,171.992,ok,,ecrtm_hicot,15,palmetto_wikipedia,dieng_unique_words_top15,kmeans_on_embeddings,cluster-derived
sbert_gte,hicot_google_news,50,0.4305208,0.6277339141482893,0.8194847921699083,0.9226666666666666,42,92.737,ok,,ecrtm_hicot,15,palmetto_wikipedia,dieng_unique_words_top15,kmeans_on_embeddings,cluster-derived
sbert_gte,hicot_google_news,100,0.4069775,0.7912696251928487,0.8723998489934863,0.8186666666666667,42,197.577,ok,,ecrtm_hicot,15,palmetto_wikipedia,dieng_unique_words_top15,kmeans_on_embeddings,cluster-derived
sbert_msmpnet,20ng,50,,,,,42,8.712,error,"401 Client Error. (Request ID: Root=1-6aa6f02c-59cf66222111059a29e2cf84;1f1114b2-4e70-4300-8fde-862b338211da)

Repository Not Found for url: https://huggingface.co/sentence-transformers/msmarco-mpnet-base-v4/resolve/main/modules.json.
Please make sure you specified the correct `repo_id` and `repo_type`.
If you are trying to access a private or gated repo, make sure you are authenticated and your token has the required permissions.
For more details, see https://huggingface.co/docs/huggingface_hub/authentication
Invalid username or password.
httpx.HTTPStatusError: Client error '401 Unauthorized' for url 'https://huggingface.co/sentence-transformers/msmarco-mpnet-base-v4/resolve/main/modules.json'
For more information check: https://developer.mozilla.org/en-US/docs/Web/HTTP/Status/401

The above exception was the direct cause of the following exception:

Traceback (most recent call last):
  File ""/raid/brunoguilherme/DeepGenerativeTopicCluster/src/vaebm_benchmark/experiment/runner.py"", line 364, in run_single
    model.fit(documents)
  File ""/raid/brunoguilherme/DeepGenerativeTopicCluster/src/vaebm_benchmark/models/sbert_kmeans_adapter.py"", line 79, in fit
    self._encoder = SentenceTransformer(self.embedder_name)
                    ^^^^^^^^^^^^^^^^^^^^^^^^^^^^^^^^^^^^^^^
  File ""/raid/brunoguilherme/venvs/dgtc/lib/python3.12/site-packages/sentence_transformers/util/decorators.py"", line 46, in wrapper
    return func(*args, **kwargs)
           ^^^^^^^^^^^^^^^^^^^^^
huggingface_hub.errors.RepositoryNotFoundError: 401 Client Error. (Request ID: Root=1-6aa6f02c-59cf66222111059a29e2cf84;1f1114b2-4e70-4300-8fde-862b338211da)

Repository Not Found for url: https://huggingface.co/sentence-transformers/msmarco-mpnet-base-v4/resolve/main/modules.json.
Please make sure you specified the correct `repo_id` and `repo_type`.
If you are trying to access a private or gated repo, make sure you are authenticated and your token has the required permissions.
For more details, see https://huggingface.co/docs/huggingface_hub/authentication
Invalid username or password.
",ecrtm_hicot,15,palmetto_wikipedia,dieng_unique_words_top15,,
sbert_msmpnet,20ng,100,,,,,42,7.809,error,"401 Client Error. (Request ID: Root=1-6aa6f070-07dd26b903877efa0cb3c4a4;df4794f4-db0a-403a-a078-76df2dcc1a89)

Repository Not Found for url: https://huggingface.co/sentence-transformers/msmarco-mpnet-base-v4/resolve/main/modules.json.
Please make sure you specified the correct `repo_id` and `repo_type`.
If you are trying to access a private or gated repo, make sure you are authenticated and your token has the required permissions.
For more details, see https://huggingface.co/docs/huggingface_hub/authentication
Invalid username or password.
httpx.HTTPStatusError: Client error '401 Unauthorized' for url 'https://huggingface.co/sentence-transformers/msmarco-mpnet-base-v4/resolve/main/modules.json'
For more information check: https://developer.mozilla.org/en-US/docs/Web/HTTP/Status/401

The above exception was the direct cause of the following exception:

Traceback (most recent call last):
  File ""/raid/brunoguilherme/DeepGenerativeTopicCluster/src/vaebm_benchmark/experiment/runner.py"", line 364, in run_single
    model.fit(documents)
  File ""/raid/brunoguilherme/DeepGenerativeTopicCluster/src/vaebm_benchmark/models/sbert_kmeans_adapter.py"", line 79, in fit
    self._encoder = SentenceTransformer(self.embedder_name)
                    ^^^^^^^^^^^^^^^^^^^^^^^^^^^^^^^^^^^^^^^
  File ""/raid/brunoguilherme/venvs/dgtc/lib/python3.12/site-packages/sentence_transformers/util/decorators.py"", line 46, in wrapper
    return func(*args, **kwargs)
           ^^^^^^^^^^^^^^^^^^^^^
huggingface_hub.errors.RepositoryNotFoundError: 401 Client Error. (Request ID: Root=1-6aa6f070-07dd26b903877efa0cb3c4a4;df4794f4-db0a-403a-a078-76df2dcc1a89)

Repository Not Found for url: https://huggingface.co/sentence-transformers/msmarco-mpnet-base-v4/resolve/main/modules.json.
Please make sure you specified the correct `repo_id` and `repo_type`.
If you are trying to access a private or gated repo, make sure you are authenticated and your token has the required permissions.
For more details, see https://huggingface.co/docs/huggingface_hub/authentication
Invalid username or password.
",ecrtm_hicot,15,palmetto_wikipedia,dieng_unique_words_top15,,
sbert_msmpnet,imdb,50,,,,,42,7.872,error,"401 Client Error. (Request ID: Root=1-6aa6f0b4-69bfa67e1587b3f5126a77d6;1e23fd72-f723-4db8-a6f7-67fe2186f5d5)

Repository Not Found for url: https://huggingface.co/sentence-transformers/msmarco-mpnet-base-v4/resolve/main/modules.json.
Please make sure you specified the correct `repo_id` and `repo_type`.
If you are trying to access a private or gated repo, make sure you are authenticated and your token has the required permissions.
For more details, see https://huggingface.co/docs/huggingface_hub/authentication
Invalid username or password.
httpx.HTTPStatusError: Client error '401 Unauthorized' for url 'https://huggingface.co/sentence-transformers/msmarco-mpnet-base-v4/resolve/main/modules.json'
For more information check: https://developer.mozilla.org/en-US/docs/Web/HTTP/Status/401

The above exception was the direct cause of the following exception:

Traceback (most recent call last):
  File ""/raid/brunoguilherme/DeepGenerativeTopicCluster/src/vaebm_benchmark/experiment/runner.py"", line 364, in run_single
    model.fit(documents)
  File ""/raid/brunoguilherme/DeepGenerativeTopicCluster/src/vaebm_benchmark/models/sbert_kmeans_adapter.py"", line 79, in fit
    self._encoder = SentenceTransformer(self.embedder_name)
                    ^^^^^^^^^^^^^^^^^^^^^^^^^^^^^^^^^^^^^^^
  File ""/raid/brunoguilherme/venvs/dgtc/lib/python3.12/site-packages/sentence_transformers/util/decorators.py"", line 46, in wrapper
    return func(*args, **kwargs)
           ^^^^^^^^^^^^^^^^^^^^^
huggingface_hub.errors.RepositoryNotFoundError: 401 Client Error. (Request ID: Root=1-6aa6f0b4-69bfa67e1587b3f5126a77d6;1e23fd72-f723-4db8-a6f7-67fe2186f5d5)

Repository Not Found for url: https://huggingface.co/sentence-transformers/msmarco-mpnet-base-v4/resolve/main/modules.json.
Please make sure you specified the correct `repo_id` and `repo_type`.
If you are trying to access a private or gated repo, make sure you are authenticated and your token has the required permissions.
For more details, see https://huggingface.co/docs/huggingface_hub/authentication
Invalid username or password.
",ecrtm_hicot,15,palmetto_wikipedia,dieng_unique_words_top15,,
sbert_msmpnet,imdb,100,,,,,42,9.455,error,"401 Client Error. (Request ID: Root=1-6aa6f0fb-7801d210212203913a8fa1d3;9b274307-0dd9-4f7c-b521-3bdd7bd8c174)

Repository Not Found for url: https://huggingface.co/sentence-transformers/msmarco-mpnet-base-v4/resolve/main/modules.json.
Please make sure you specified the correct `repo_id` and `repo_type`.
If you are trying to access a private or gated repo, make sure you are authenticated and your token has the required permissions.
For more details, see https://huggingface.co/docs/huggingface_hub/authentication
Invalid username or password.
httpx.HTTPStatusError: Client error '401 Unauthorized' for url 'https://huggingface.co/sentence-transformers/msmarco-mpnet-base-v4/resolve/main/modules.json'
For more information check: https://developer.mozilla.org/en-US/docs/Web/HTTP/Status/401

The above exception was the direct cause of the following exception:

Traceback (most recent call last):
  File ""/raid/brunoguilherme/DeepGenerativeTopicCluster/src/vaebm_benchmark/experiment/runner.py"", line 364, in run_single
    model.fit(documents)
  File ""/raid/brunoguilherme/DeepGenerativeTopicCluster/src/vaebm_benchmark/models/sbert_kmeans_adapter.py"", line 79, in fit
    self._encoder = SentenceTransformer(self.embedder_name)
                    ^^^^^^^^^^^^^^^^^^^^^^^^^^^^^^^^^^^^^^^
  File ""/raid/brunoguilherme/venvs/dgtc/lib/python3.12/site-packages/sentence_transformers/util/decorators.py"", line 46, in wrapper
    return func(*args, **kwargs)
           ^^^^^^^^^^^^^^^^^^^^^
huggingface_hub.errors.RepositoryNotFoundError: 401 Client Error. (Request ID: Root=1-6aa6f0fb-7801d210212203913a8fa1d3;9b274307-0dd9-4f7c-b521-3bdd7bd8c174)

Repository Not Found for url: https://huggingface.co/sentence-transformers/msmarco-mpnet-base-v4/resolve/main/modules.json.
Please make sure you specified the correct `repo_id` and `repo_type`.
If you are trying to access a private or gated repo, make sure you are authenticated and your token has the required permissions.
For more details, see https://huggingface.co/docs/huggingface_hub/authentication
Invalid username or password.
",ecrtm_hicot,15,palmetto_wikipedia,dieng_unique_words_top15,,
sbert_msmpnet,agnews_short,50,,,,,42,8.022,error,"401 Client Error. (Request ID: Root=1-6aa6f13e-3dfa51593c6629090c08ed3b;65fce7e4-65ee-4c79-b1f6-56c979921be6)

Repository Not Found for url: https://huggingface.co/sentence-transformers/msmarco-mpnet-base-v4/resolve/main/modules.json.
Please make sure you specified the correct `repo_id` and `repo_type`.
If you are trying to access a private or gated repo, make sure you are authenticated and your token has the required permissions.
For more details, see https://huggingface.co/docs/huggingface_hub/authentication
Invalid username or password.
httpx.HTTPStatusError: Client error '401 Unauthorized' for url 'https://huggingface.co/sentence-transformers/msmarco-mpnet-base-v4/resolve/main/modules.json'
For more information check: https://developer.mozilla.org/en-US/docs/Web/HTTP/Status/401

The above exception was the direct cause of the following exception:

Traceback (most recent call last):
  File ""/raid/brunoguilherme/DeepGenerativeTopicCluster/src/vaebm_benchmark/experiment/runner.py"", line 364, in run_single
    model.fit(documents)
  File ""/raid/brunoguilherme/DeepGenerativeTopicCluster/src/vaebm_benchmark/models/sbert_kmeans_adapter.py"", line 79, in fit
    self._encoder = SentenceTransformer(self.embedder_name)
                    ^^^^^^^^^^^^^^^^^^^^^^^^^^^^^^^^^^^^^^^
  File ""/raid/brunoguilherme/venvs/dgtc/lib/python3.12/site-packages/sentence_transformers/util/decorators.py"", line 46, in wrapper
    return func(*args, **kwargs)
           ^^^^^^^^^^^^^^^^^^^^^
huggingface_hub.errors.RepositoryNotFoundError: 401 Client Error. (Request ID: Root=1-6aa6f13e-3dfa51593c6629090c08ed3b;65fce7e4-65ee-4c79-b1f6-56c979921be6)

Repository Not Found for url: https://huggingface.co/sentence-transformers/msmarco-mpnet-base-v4/resolve/main/modules.json.
Please make sure you specified the correct `repo_id` and `repo_type`.
If you are trying to access a private or gated repo, make sure you are authenticated and your token has the required permissions.
For more details, see https://huggingface.co/docs/huggingface_hub/authentication
Invalid username or password.
",ecrtm_hicot,15,palmetto_wikipedia,dieng_unique_words_top15,,
sbert_msmpnet,agnews_short,100,,,,,42,6.575,error,"401 Client Error. (Request ID: Root=1-6aa6f182-1ab6bcc96ed9bef5114aa843;4bc8752f-accc-433d-9161-78e9fa40a148)

Repository Not Found for url: https://huggingface.co/sentence-transformers/msmarco-mpnet-base-v4/resolve/main/modules.json.
Please make sure you specified the correct `repo_id` and `repo_type`.
If you are trying to access a private or gated repo, make sure you are authenticated and your token has the required permissions.
For more details, see https://huggingface.co/docs/huggingface_hub/authentication
Invalid username or password.
httpx.HTTPStatusError: Client error '401 Unauthorized' for url 'https://huggingface.co/sentence-transformers/msmarco-mpnet-base-v4/resolve/main/modules.json'
For more information check: https://developer.mozilla.org/en-US/docs/Web/HTTP/Status/401

The above exception was the direct cause of the following exception:

Traceback (most recent call last):
  File ""/raid/brunoguilherme/DeepGenerativeTopicCluster/src/vaebm_benchmark/experiment/runner.py"", line 364, in run_single
    model.fit(documents)
  File ""/raid/brunoguilherme/DeepGenerativeTopicCluster/src/vaebm_benchmark/models/sbert_kmeans_adapter.py"", line 79, in fit
    self._encoder = SentenceTransformer(self.embedder_name)
                    ^^^^^^^^^^^^^^^^^^^^^^^^^^^^^^^^^^^^^^^
  File ""/raid/brunoguilherme/venvs/dgtc/lib/python3.12/site-packages/sentence_transformers/util/decorators.py"", line 46, in wrapper
    return func(*args, **kwargs)
           ^^^^^^^^^^^^^^^^^^^^^
huggingface_hub.errors.RepositoryNotFoundError: 401 Client Error. (Request ID: Root=1-6aa6f182-1ab6bcc96ed9bef5114aa843;4bc8752f-accc-433d-9161-78e9fa40a148)

Repository Not Found for url: https://huggingface.co/sentence-transformers/msmarco-mpnet-base-v4/resolve/main/modules.json.
Please make sure you specified the correct `repo_id` and `repo_type`.
If you are trying to access a private or gated repo, make sure you are authenticated and your token has the required permissions.
For more details, see https://huggingface.co/docs/huggingface_hub/authentication
Invalid username or password.
",ecrtm_hicot,15,palmetto_wikipedia,dieng_unique_words_top15,,
sbert_msmpnet,search_snippets,50,,,,,42,8.376,error,"401 Client Error. (Request ID: Root=1-6aa6f1c7-34ceb0f11457797656155c9b;8930a847-8970-4de1-ba6a-85d5153db933)

Repository Not Found for url: https://huggingface.co/sentence-transformers/msmarco-mpnet-base-v4/resolve/main/modules.json.
Please make sure you specified the correct `repo_id` and `repo_type`.
If you are trying to access a private or gated repo, make sure you are authenticated and your token has the required permissions.
For more details, see https://huggingface.co/docs/huggingface_hub/authentication
Invalid username or password.
httpx.HTTPStatusError: Client error '401 Unauthorized' for url 'https://huggingface.co/sentence-transformers/msmarco-mpnet-base-v4/resolve/main/modules.json'
For more information check: https://developer.mozilla.org/en-US/docs/Web/HTTP/Status/401

The above exception was the direct cause of the following exception:

Traceback (most recent call last):
  File ""/raid/brunoguilherme/DeepGenerativeTopicCluster/src/vaebm_benchmark/experiment/runner.py"", line 364, in run_single
    model.fit(documents)
  File ""/raid/brunoguilherme/DeepGenerativeTopicCluster/src/vaebm_benchmark/models/sbert_kmeans_adapter.py"", line 79, in fit
    self._encoder = SentenceTransformer(self.embedder_name)
                    ^^^^^^^^^^^^^^^^^^^^^^^^^^^^^^^^^^^^^^^
  File ""/raid/brunoguilherme/venvs/dgtc/lib/python3.12/site-packages/sentence_transformers/util/decorators.py"", line 46, in wrapper
    return func(*args, **kwargs)
           ^^^^^^^^^^^^^^^^^^^^^
huggingface_hub.errors.RepositoryNotFoundError: 401 Client Error. (Request ID: Root=1-6aa6f1c7-34ceb0f11457797656155c9b;8930a847-8970-4de1-ba6a-85d5153db933)

Repository Not Found for url: https://huggingface.co/sentence-transformers/msmarco-mpnet-base-v4/resolve/main/modules.json.
Please make sure you specified the correct `repo_id` and `repo_type`.
If you are trying to access a private or gated repo, make sure you are authenticated and your token has the required permissions.
For more details, see https://huggingface.co/docs/huggingface_hub/authentication
Invalid username or password.
",ecrtm_hicot,15,palmetto_wikipedia,dieng_unique_words_top15,,
sbert_msmpnet,search_snippets,100,,,,,42,8.242,error,"401 Client Error. (Request ID: Root=1-6aa6f20c-3e40d12a59b045944885e5ca;8e7d4deb-7f8d-4cc1-81ac-28fe5279f506)

Repository Not Found for url: https://huggingface.co/sentence-transformers/msmarco-mpnet-base-v4/resolve/main/modules.json.
Please make sure you specified the correct `repo_id` and `repo_type`.
If you are trying to access a private or gated repo, make sure you are authenticated and your token has the required permissions.
For more details, see https://huggingface.co/docs/huggingface_hub/authentication
Invalid username or password.
httpx.HTTPStatusError: Client error '401 Unauthorized' for url 'https://huggingface.co/sentence-transformers/msmarco-mpnet-base-v4/resolve/main/modules.json'
For more information check: https://developer.mozilla.org/en-US/docs/Web/HTTP/Status/401

The above exception was the direct cause of the following exception:

Traceback (most recent call last):
  File ""/raid/brunoguilherme/DeepGenerativeTopicCluster/src/vaebm_benchmark/experiment/runner.py"", line 364, in run_single
    model.fit(documents)
  File ""/raid/brunoguilherme/DeepGenerativeTopicCluster/src/vaebm_benchmark/models/sbert_kmeans_adapter.py"", line 79, in fit
    self._encoder = SentenceTransformer(self.embedder_name)
                    ^^^^^^^^^^^^^^^^^^^^^^^^^^^^^^^^^^^^^^^
  File ""/raid/brunoguilherme/venvs/dgtc/lib/python3.12/site-packages/sentence_transformers/util/decorators.py"", line 46, in wrapper
    return func(*args, **kwargs)
           ^^^^^^^^^^^^^^^^^^^^^
huggingface_hub.errors.RepositoryNotFoundError: 401 Client Error. (Request ID: Root=1-6aa6f20c-3e40d12a59b045944885e5ca;8e7d4deb-7f8d-4cc1-81ac-28fe5279f506)

Repository Not Found for url: https://huggingface.co/sentence-transformers/msmarco-mpnet-base-v4/resolve/main/modules.json.
Please make sure you specified the correct `repo_id` and `repo_type`.
If you are trying to access a private or gated repo, make sure you are authenticated and your token has the required permissions.
For more details, see https://huggingface.co/docs/huggingface_hub/authentication
Invalid username or password.
",ecrtm_hicot,15,palmetto_wikipedia,dieng_unique_words_top15,,
sbert_msmpnet,stack_overflow,50,,,,,42,8.214,error,"401 Client Error. (Request ID: Root=1-6aa6f250-7a2dcab17add504544311d5c;84907ee1-e2a4-48f0-b977-736d2191adbc)

Repository Not Found for url: https://huggingface.co/sentence-transformers/msmarco-mpnet-base-v4/resolve/main/modules.json.
Please make sure you specified the correct `repo_id` and `repo_type`.
If you are trying to access a private or gated repo, make sure you are authenticated and your token has the required permissions.
For more details, see https://huggingface.co/docs/huggingface_hub/authentication
Invalid username or password.
httpx.HTTPStatusError: Client error '401 Unauthorized' for url 'https://huggingface.co/sentence-transformers/msmarco-mpnet-base-v4/resolve/main/modules.json'
For more information check: https://developer.mozilla.org/en-US/docs/Web/HTTP/Status/401

The above exception was the direct cause of the following exception:

Traceback (most recent call last):
  File ""/raid/brunoguilherme/DeepGenerativeTopicCluster/src/vaebm_benchmark/experiment/runner.py"", line 364, in run_single
    model.fit(documents)
  File ""/raid/brunoguilherme/DeepGenerativeTopicCluster/src/vaebm_benchmark/models/sbert_kmeans_adapter.py"", line 79, in fit
    self._encoder = SentenceTransformer(self.embedder_name)
                    ^^^^^^^^^^^^^^^^^^^^^^^^^^^^^^^^^^^^^^^
  File ""/raid/brunoguilherme/venvs/dgtc/lib/python3.12/site-packages/sentence_transformers/util/decorators.py"", line 46, in wrapper
    return func(*args, **kwargs)
           ^^^^^^^^^^^^^^^^^^^^^
huggingface_hub.errors.RepositoryNotFoundError: 401 Client Error. (Request ID: Root=1-6aa6f250-7a2dcab17add504544311d5c;84907ee1-e2a4-48f0-b977-736d2191adbc)

Repository Not Found for url: https://huggingface.co/sentence-transformers/msmarco-mpnet-base-v4/resolve/main/modules.json.
Please make sure you specified the correct `repo_id` and `repo_type`.
If you are trying to access a private or gated repo, make sure you are authenticated and your token has the required permissions.
For more details, see https://huggingface.co/docs/huggingface_hub/authentication
Invalid username or password.
",ecrtm_hicot,15,palmetto_wikipedia,dieng_unique_words_top15,,
sbert_msmpnet,stack_overflow,100,,,,,42,7.037,error,"401 Client Error. (Request ID: Root=1-6aa6f290-5cc39bc82425a4887d81c12a;edd1a28f-889a-4be7-8bc4-ac2afe34e965)

Repository Not Found for url: https://huggingface.co/sentence-transformers/msmarco-mpnet-base-v4/resolve/main/modules.json.
Please make sure you specified the correct `repo_id` and `repo_type`.
If you are trying to access a private or gated repo, make sure you are authenticated and your token has the required permissions.
For more details, see https://huggingface.co/docs/huggingface_hub/authentication
Invalid username or password.
httpx.HTTPStatusError: Client error '401 Unauthorized' for url 'https://huggingface.co/sentence-transformers/msmarco-mpnet-base-v4/resolve/main/modules.json'
For more information check: https://developer.mozilla.org/en-US/docs/Web/HTTP/Status/401

The above exception was the direct cause of the following exception:

Traceback (most recent call last):
  File ""/raid/brunoguilherme/DeepGenerativeTopicCluster/src/vaebm_benchmark/experiment/runner.py"", line 364, in run_single
    model.fit(documents)
  File ""/raid/brunoguilherme/DeepGenerativeTopicCluster/src/vaebm_benchmark/models/sbert_kmeans_adapter.py"", line 79, in fit
    self._encoder = SentenceTransformer(self.embedder_name)
                    ^^^^^^^^^^^^^^^^^^^^^^^^^^^^^^^^^^^^^^^
  File ""/raid/brunoguilherme/venvs/dgtc/lib/python3.12/site-packages/sentence_transformers/util/decorators.py"", line 46, in wrapper
    return func(*args, **kwargs)
           ^^^^^^^^^^^^^^^^^^^^^
huggingface_hub.errors.RepositoryNotFoundError: 401 Client Error. (Request ID: Root=1-6aa6f290-5cc39bc82425a4887d81c12a;edd1a28f-889a-4be7-8bc4-ac2afe34e965)

Repository Not Found for url: https://huggingface.co/sentence-transformers/msmarco-mpnet-base-v4/resolve/main/modules.json.
Please make sure you specified the correct `repo_id` and `repo_type`.
If you are trying to access a private or gated repo, make sure you are authenticated and your token has the required permissions.
For more details, see https://huggingface.co/docs/huggingface_hub/authentication
Invalid username or password.
",ecrtm_hicot,15,palmetto_wikipedia,dieng_unique_words_top15,,
sbert_msmpnet,biomedical,50,,,,,42,9.307,error,"401 Client Error. (Request ID: Root=1-6aa6f2d5-4c59fe997beb7a351efc8973;c3df9341-b8e4-40e1-b9bb-dc080ef65ee5)

Repository Not Found for url: https://huggingface.co/sentence-transformers/msmarco-mpnet-base-v4/resolve/main/modules.json.
Please make sure you specified the correct `repo_id` and `repo_type`.
If you are trying to access a private or gated repo, make sure you are authenticated and your token has the required permissions.
For more details, see https://huggingface.co/docs/huggingface_hub/authentication
Invalid username or password.
httpx.HTTPStatusError: Client error '401 Unauthorized' for url 'https://huggingface.co/sentence-transformers/msmarco-mpnet-base-v4/resolve/main/modules.json'
For more information check: https://developer.mozilla.org/en-US/docs/Web/HTTP/Status/401

The above exception was the direct cause of the following exception:

Traceback (most recent call last):
  File ""/raid/brunoguilherme/DeepGenerativeTopicCluster/src/vaebm_benchmark/experiment/runner.py"", line 364, in run_single
    model.fit(documents)
  File ""/raid/brunoguilherme/DeepGenerativeTopicCluster/src/vaebm_benchmark/models/sbert_kmeans_adapter.py"", line 79, in fit
    self._encoder = SentenceTransformer(self.embedder_name)
                    ^^^^^^^^^^^^^^^^^^^^^^^^^^^^^^^^^^^^^^^
  File ""/raid/brunoguilherme/venvs/dgtc/lib/python3.12/site-packages/sentence_transformers/util/decorators.py"", line 46, in wrapper
    return func(*args, **kwargs)
           ^^^^^^^^^^^^^^^^^^^^^
huggingface_hub.errors.RepositoryNotFoundError: 401 Client Error. (Request ID: Root=1-6aa6f2d5-4c59fe997beb7a351efc8973;c3df9341-b8e4-40e1-b9bb-dc080ef65ee5)

Repository Not Found for url: https://huggingface.co/sentence-transformers/msmarco-mpnet-base-v4/resolve/main/modules.json.
Please make sure you specified the correct `repo_id` and `repo_type`.
If you are trying to access a private or gated repo, make sure you are authenticated and your token has the required permissions.
For more details, see https://huggingface.co/docs/huggingface_hub/authentication
Invalid username or password.
",ecrtm_hicot,15,palmetto_wikipedia,dieng_unique_words_top15,,
sbert_msmpnet,biomedical,100,,,,,42,7.415,error,"401 Client Error. (Request ID: Root=1-6aa6f318-7b309d71177e31725c6ae676;d53b91ae-7b60-4942-919f-91061881633a)

Repository Not Found for url: https://huggingface.co/sentence-transformers/msmarco-mpnet-base-v4/resolve/main/modules.json.
Please make sure you specified the correct `repo_id` and `repo_type`.
If you are trying to access a private or gated repo, make sure you are authenticated and your token has the required permissions.
For more details, see https://huggingface.co/docs/huggingface_hub/authentication
Invalid username or password.
httpx.HTTPStatusError: Client error '401 Unauthorized' for url 'https://huggingface.co/sentence-transformers/msmarco-mpnet-base-v4/resolve/main/modules.json'
For more information check: https://developer.mozilla.org/en-US/docs/Web/HTTP/Status/401

The above exception was the direct cause of the following exception:

Traceback (most recent call last):
  File ""/raid/brunoguilherme/DeepGenerativeTopicCluster/src/vaebm_benchmark/experiment/runner.py"", line 364, in run_single
    model.fit(documents)
  File ""/raid/brunoguilherme/DeepGenerativeTopicCluster/src/vaebm_benchmark/models/sbert_kmeans_adapter.py"", line 79, in fit
    self._encoder = SentenceTransformer(self.embedder_name)
                    ^^^^^^^^^^^^^^^^^^^^^^^^^^^^^^^^^^^^^^^
  File ""/raid/brunoguilherme/venvs/dgtc/lib/python3.12/site-packages/sentence_transformers/util/decorators.py"", line 46, in wrapper
    return func(*args, **kwargs)
           ^^^^^^^^^^^^^^^^^^^^^
huggingface_hub.errors.RepositoryNotFoundError: 401 Client Error. (Request ID: Root=1-6aa6f318-7b309d71177e31725c6ae676;d53b91ae-7b60-4942-919f-91061881633a)

Repository Not Found for url: https://huggingface.co/sentence-transformers/msmarco-mpnet-base-v4/resolve/main/modules.json.
Please make sure you specified the correct `repo_id` and `repo_type`.
If you are trying to access a private or gated repo, make sure you are authenticated and your token has the required permissions.
For more details, see https://huggingface.co/docs/huggingface_hub/authentication
Invalid username or password.
",ecrtm_hicot,15,palmetto_wikipedia,dieng_unique_words_top15,,
sbert_msmpnet,google_news_ts,50,,,,,42,7.382,error,"401 Client Error. (Request ID: Root=1-6aa6f35c-28465a7258f1a4827213129a;cfa9a609-a0b6-412d-b7cc-c0f09ab75a39)

Repository Not Found for url: https://huggingface.co/sentence-transformers/msmarco-mpnet-base-v4/resolve/main/modules.json.
Please make sure you specified the correct `repo_id` and `repo_type`.
If you are trying to access a private or gated repo, make sure you are authenticated and your token has the required permissions.
For more details, see https://huggingface.co/docs/huggingface_hub/authentication
Invalid username or password.
httpx.HTTPStatusError: Client error '401 Unauthorized' for url 'https://huggingface.co/sentence-transformers/msmarco-mpnet-base-v4/resolve/main/modules.json'
For more information check: https://developer.mozilla.org/en-US/docs/Web/HTTP/Status/401

The above exception was the direct cause of the following exception:

Traceback (most recent call last):
  File ""/raid/brunoguilherme/DeepGenerativeTopicCluster/src/vaebm_benchmark/experiment/runner.py"", line 364, in run_single
    model.fit(documents)
  File ""/raid/brunoguilherme/DeepGenerativeTopicCluster/src/vaebm_benchmark/models/sbert_kmeans_adapter.py"", line 79, in fit
    self._encoder = SentenceTransformer(self.embedder_name)
                    ^^^^^^^^^^^^^^^^^^^^^^^^^^^^^^^^^^^^^^^
  File ""/raid/brunoguilherme/venvs/dgtc/lib/python3.12/site-packages/sentence_transformers/util/decorators.py"", line 46, in wrapper
    return func(*args, **kwargs)
           ^^^^^^^^^^^^^^^^^^^^^
huggingface_hub.errors.RepositoryNotFoundError: 401 Client Error. (Request ID: Root=1-6aa6f35c-28465a7258f1a4827213129a;cfa9a609-a0b6-412d-b7cc-c0f09ab75a39)

Repository Not Found for url: https://huggingface.co/sentence-transformers/msmarco-mpnet-base-v4/resolve/main/modules.json.
Please make sure you specified the correct `repo_id` and `repo_type`.
If you are trying to access a private or gated repo, make sure you are authenticated and your token has the required permissions.
For more details, see https://huggingface.co/docs/huggingface_hub/authentication
Invalid username or password.
",ecrtm_hicot,15,palmetto_wikipedia,dieng_unique_words_top15,,
sbert_msmpnet,google_news_ts,100,,,,,42,10.494,error,"401 Client Error. (Request ID: Root=1-6aa6f3a3-0a4e71c81c96f32f4656376a;baf5782d-fdc1-4e89-997f-6f745de74dcc)

Repository Not Found for url: https://huggingface.co/sentence-transformers/msmarco-mpnet-base-v4/resolve/main/modules.json.
Please make sure you specified the correct `repo_id` and `repo_type`.
If you are trying to access a private or gated repo, make sure you are authenticated and your token has the required permissions.
For more details, see https://huggingface.co/docs/huggingface_hub/authentication
Invalid username or password.
httpx.HTTPStatusError: Client error '401 Unauthorized' for url 'https://huggingface.co/sentence-transformers/msmarco-mpnet-base-v4/resolve/main/modules.json'
For more information check: https://developer.mozilla.org/en-US/docs/Web/HTTP/Status/401

The above exception was the direct cause of the following exception:

Traceback (most recent call last):
  File ""/raid/brunoguilherme/DeepGenerativeTopicCluster/src/vaebm_benchmark/experiment/runner.py"", line 364, in run_single
    model.fit(documents)
  File ""/raid/brunoguilherme/DeepGenerativeTopicCluster/src/vaebm_benchmark/models/sbert_kmeans_adapter.py"", line 79, in fit
    self._encoder = SentenceTransformer(self.embedder_name)
                    ^^^^^^^^^^^^^^^^^^^^^^^^^^^^^^^^^^^^^^^
  File ""/raid/brunoguilherme/venvs/dgtc/lib/python3.12/site-packages/sentence_transformers/util/decorators.py"", line 46, in wrapper
    return func(*args, **kwargs)
           ^^^^^^^^^^^^^^^^^^^^^
huggingface_hub.errors.RepositoryNotFoundError: 401 Client Error. (Request ID: Root=1-6aa6f3a3-0a4e71c81c96f32f4656376a;baf5782d-fdc1-4e89-997f-6f745de74dcc)

Repository Not Found for url: https://huggingface.co/sentence-transformers/msmarco-mpnet-base-v4/resolve/main/modules.json.
Please make sure you specified the correct `repo_id` and `repo_type`.
If you are trying to access a private or gated repo, make sure you are authenticated and your token has the required permissions.
For more details, see https://huggingface.co/docs/huggingface_hub/authentication
Invalid username or password.
",ecrtm_hicot,15,palmetto_wikipedia,dieng_unique_words_top15,,
sbert_msmpnet,google_news_t,50,,,,,42,6.579,error,"401 Client Error. (Request ID: Root=1-6aa6f3e4-63ae2d615a8afaf3725650ff;00e65f0a-2564-43cd-81ff-24fce79bfaa6)

Repository Not Found for url: https://huggingface.co/sentence-transformers/msmarco-mpnet-base-v4/resolve/main/modules.json.
Please make sure you specified the correct `repo_id` and `repo_type`.
If you are trying to access a private or gated repo, make sure you are authenticated and your token has the required permissions.
For more details, see https://huggingface.co/docs/huggingface_hub/authentication
Invalid username or password.
httpx.HTTPStatusError: Client error '401 Unauthorized' for url 'https://huggingface.co/sentence-transformers/msmarco-mpnet-base-v4/resolve/main/modules.json'
For more information check: https://developer.mozilla.org/en-US/docs/Web/HTTP/Status/401

The above exception was the direct cause of the following exception:

Traceback (most recent call last):
  File ""/raid/brunoguilherme/DeepGenerativeTopicCluster/src/vaebm_benchmark/experiment/runner.py"", line 364, in run_single
    model.fit(documents)
  File ""/raid/brunoguilherme/DeepGenerativeTopicCluster/src/vaebm_benchmark/models/sbert_kmeans_adapter.py"", line 79, in fit
    self._encoder = SentenceTransformer(self.embedder_name)
                    ^^^^^^^^^^^^^^^^^^^^^^^^^^^^^^^^^^^^^^^
  File ""/raid/brunoguilherme/venvs/dgtc/lib/python3.12/site-packages/sentence_transformers/util/decorators.py"", line 46, in wrapper
    return func(*args, **kwargs)
           ^^^^^^^^^^^^^^^^^^^^^
huggingface_hub.errors.RepositoryNotFoundError: 401 Client Error. (Request ID: Root=1-6aa6f3e4-63ae2d615a8afaf3725650ff;00e65f0a-2564-43cd-81ff-24fce79bfaa6)

Repository Not Found for url: https://huggingface.co/sentence-transformers/msmarco-mpnet-base-v4/resolve/main/modules.json.
Please make sure you specified the correct `repo_id` and `repo_type`.
If you are trying to access a private or gated repo, make sure you are authenticated and your token has the required permissions.
For more details, see https://huggingface.co/docs/huggingface_hub/authentication
Invalid username or password.
",ecrtm_hicot,15,palmetto_wikipedia,dieng_unique_words_top15,,
sbert_msmpnet,google_news_t,100,,,,,42,8.09,error,"401 Client Error. (Request ID: Root=1-6aa6f42a-51eb56fb05a304ad73e5de68;7f08d78d-ddcd-4aa6-bfe5-7e125ff11438)

Repository Not Found for url: https://huggingface.co/sentence-transformers/msmarco-mpnet-base-v4/resolve/main/modules.json.
Please make sure you specified the correct `repo_id` and `repo_type`.
If you are trying to access a private or gated repo, make sure you are authenticated and your token has the required permissions.
For more details, see https://huggingface.co/docs/huggingface_hub/authentication
Invalid username or password.
httpx.HTTPStatusError: Client error '401 Unauthorized' for url 'https://huggingface.co/sentence-transformers/msmarco-mpnet-base-v4/resolve/main/modules.json'
For more information check: https://developer.mozilla.org/en-US/docs/Web/HTTP/Status/401

The above exception was the direct cause of the following exception:

Traceback (most recent call last):
  File ""/raid/brunoguilherme/DeepGenerativeTopicCluster/src/vaebm_benchmark/experiment/runner.py"", line 364, in run_single
    model.fit(documents)
  File ""/raid/brunoguilherme/DeepGenerativeTopicCluster/src/vaebm_benchmark/models/sbert_kmeans_adapter.py"", line 79, in fit
    self._encoder = SentenceTransformer(self.embedder_name)
                    ^^^^^^^^^^^^^^^^^^^^^^^^^^^^^^^^^^^^^^^
  File ""/raid/brunoguilherme/venvs/dgtc/lib/python3.12/site-packages/sentence_transformers/util/decorators.py"", line 46, in wrapper
    return func(*args, **kwargs)
           ^^^^^^^^^^^^^^^^^^^^^
huggingface_hub.errors.RepositoryNotFoundError: 401 Client Error. (Request ID: Root=1-6aa6f42a-51eb56fb05a304ad73e5de68;7f08d78d-ddcd-4aa6-bfe5-7e125ff11438)

Repository Not Found for url: https://huggingface.co/sentence-transformers/msmarco-mpnet-base-v4/resolve/main/modules.json.
Please make sure you specified the correct `repo_id` and `repo_type`.
If you are trying to access a private or gated repo, make sure you are authenticated and your token has the required permissions.
For more details, see https://huggingface.co/docs/huggingface_hub/authentication
Invalid username or password.
",ecrtm_hicot,15,palmetto_wikipedia,dieng_unique_words_top15,,
sbert_msmpnet,google_news_s,50,,,,,42,6.704,error,"401 Client Error. (Request ID: Root=1-6aa6f46d-6b8a3a9374789244018bdce8;b7585ad1-5e17-47fd-81a2-64c5fb952c19)

Repository Not Found for url: https://huggingface.co/sentence-transformers/msmarco-mpnet-base-v4/resolve/main/modules.json.
Please make sure you specified the correct `repo_id` and `repo_type`.
If you are trying to access a private or gated repo, make sure you are authenticated and your token has the required permissions.
For more details, see https://huggingface.co/docs/huggingface_hub/authentication
Invalid username or password.
httpx.HTTPStatusError: Client error '401 Unauthorized' for url 'https://huggingface.co/sentence-transformers/msmarco-mpnet-base-v4/resolve/main/modules.json'
For more information check: https://developer.mozilla.org/en-US/docs/Web/HTTP/Status/401

The above exception was the direct cause of the following exception:

Traceback (most recent call last):
  File ""/raid/brunoguilherme/DeepGenerativeTopicCluster/src/vaebm_benchmark/experiment/runner.py"", line 364, in run_single
    model.fit(documents)
  File ""/raid/brunoguilherme/DeepGenerativeTopicCluster/src/vaebm_benchmark/models/sbert_kmeans_adapter.py"", line 79, in fit
    self._encoder = SentenceTransformer(self.embedder_name)
                    ^^^^^^^^^^^^^^^^^^^^^^^^^^^^^^^^^^^^^^^
  File ""/raid/brunoguilherme/venvs/dgtc/lib/python3.12/site-packages/sentence_transformers/util/decorators.py"", line 46, in wrapper
    return func(*args, **kwargs)
           ^^^^^^^^^^^^^^^^^^^^^
huggingface_hub.errors.RepositoryNotFoundError: 401 Client Error. (Request ID: Root=1-6aa6f46d-6b8a3a9374789244018bdce8;b7585ad1-5e17-47fd-81a2-64c5fb952c19)

Repository Not Found for url: https://huggingface.co/sentence-transformers/msmarco-mpnet-base-v4/resolve/main/modules.json.
Please make sure you specified the correct `repo_id` and `repo_type`.
If you are trying to access a private or gated repo, make sure you are authenticated and your token has the required permissions.
For more details, see https://huggingface.co/docs/huggingface_hub/authentication
Invalid username or password.
",ecrtm_hicot,15,palmetto_wikipedia,dieng_unique_words_top15,,
sbert_msmpnet,google_news_s,100,,,,,42,7.05,error,"401 Client Error. (Request ID: Root=1-6aa6f4af-53e348bb26d8e61c62dade1c;ab637088-37d4-4fa7-9ea6-79289533461b)

Repository Not Found for url: https://huggingface.co/sentence-transformers/msmarco-mpnet-base-v4/resolve/main/modules.json.
Please make sure you specified the correct `repo_id` and `repo_type`.
If you are trying to access a private or gated repo, make sure you are authenticated and your token has the required permissions.
For more details, see https://huggingface.co/docs/huggingface_hub/authentication
Invalid username or password.
httpx.HTTPStatusError: Client error '401 Unauthorized' for url 'https://huggingface.co/sentence-transformers/msmarco-mpnet-base-v4/resolve/main/modules.json'
For more information check: https://developer.mozilla.org/en-US/docs/Web/HTTP/Status/401

The above exception was the direct cause of the following exception:

Traceback (most recent call last):
  File ""/raid/brunoguilherme/DeepGenerativeTopicCluster/src/vaebm_benchmark/experiment/runner.py"", line 364, in run_single
    model.fit(documents)
  File ""/raid/brunoguilherme/DeepGenerativeTopicCluster/src/vaebm_benchmark/models/sbert_kmeans_adapter.py"", line 79, in fit
    self._encoder = SentenceTransformer(self.embedder_name)
                    ^^^^^^^^^^^^^^^^^^^^^^^^^^^^^^^^^^^^^^^
  File ""/raid/brunoguilherme/venvs/dgtc/lib/python3.12/site-packages/sentence_transformers/util/decorators.py"", line 46, in wrapper
    return func(*args, **kwargs)
           ^^^^^^^^^^^^^^^^^^^^^
huggingface_hub.errors.RepositoryNotFoundError: 401 Client Error. (Request ID: Root=1-6aa6f4af-53e348bb26d8e61c62dade1c;ab637088-37d4-4fa7-9ea6-79289533461b)

Repository Not Found for url: https://huggingface.co/sentence-transformers/msmarco-mpnet-base-v4/resolve/main/modules.json.
Please make sure you specified the correct `repo_id` and `repo_type`.
If you are trying to access a private or gated repo, make sure you are authenticated and your token has the required permissions.
For more details, see https://huggingface.co/docs/huggingface_hub/authentication
Invalid username or password.
",ecrtm_hicot,15,palmetto_wikipedia,dieng_unique_words_top15,,
sbert_msmpnet,tweet,50,,,,,42,6.812,error,"401 Client Error. (Request ID: Root=1-6aa6f4f2-0fe4f87006b88d4960b78ddb;e4d7847c-d395-496c-92c8-3a7333376c98)

Repository Not Found for url: https://huggingface.co/sentence-transformers/msmarco-mpnet-base-v4/resolve/main/modules.json.
Please make sure you specified the correct `repo_id` and `repo_type`.
If you are trying to access a private or gated repo, make sure you are authenticated and your token has the required permissions.
For more details, see https://huggingface.co/docs/huggingface_hub/authentication
Invalid username or password.
httpx.HTTPStatusError: Client error '401 Unauthorized' for url 'https://huggingface.co/sentence-transformers/msmarco-mpnet-base-v4/resolve/main/modules.json'
For more information check: https://developer.mozilla.org/en-US/docs/Web/HTTP/Status/401

The above exception was the direct cause of the following exception:

Traceback (most recent call last):
  File ""/raid/brunoguilherme/DeepGenerativeTopicCluster/src/vaebm_benchmark/experiment/runner.py"", line 364, in run_single
    model.fit(documents)
  File ""/raid/brunoguilherme/DeepGenerativeTopicCluster/src/vaebm_benchmark/models/sbert_kmeans_adapter.py"", line 79, in fit
    self._encoder = SentenceTransformer(self.embedder_name)
                    ^^^^^^^^^^^^^^^^^^^^^^^^^^^^^^^^^^^^^^^
  File ""/raid/brunoguilherme/venvs/dgtc/lib/python3.12/site-packages/sentence_transformers/util/decorators.py"", line 46, in wrapper
    return func(*args, **kwargs)
           ^^^^^^^^^^^^^^^^^^^^^
huggingface_hub.errors.RepositoryNotFoundError: 401 Client Error. (Request ID: Root=1-6aa6f4f2-0fe4f87006b88d4960b78ddb;e4d7847c-d395-496c-92c8-3a7333376c98)

Repository Not Found for url: https://huggingface.co/sentence-transformers/msmarco-mpnet-base-v4/resolve/main/modules.json.
Please make sure you specified the correct `repo_id` and `repo_type`.
If you are trying to access a private or gated repo, make sure you are authenticated and your token has the required permissions.
For more details, see https://huggingface.co/docs/huggingface_hub/authentication
Invalid username or password.
",ecrtm_hicot,15,palmetto_wikipedia,dieng_unique_words_top15,,
sbert_msmpnet,tweet,100,,,,,42,7.991,error,"401 Client Error. (Request ID: Root=1-6aa6f538-562a1f0f1e8618b30e1952bb;e221ed57-d692-4a80-a766-9e322b72d0a8)

Repository Not Found for url: https://huggingface.co/sentence-transformers/msmarco-mpnet-base-v4/resolve/main/modules.json.
Please make sure you specified the correct `repo_id` and `repo_type`.
If you are trying to access a private or gated repo, make sure you are authenticated and your token has the required permissions.
For more details, see https://huggingface.co/docs/huggingface_hub/authentication
Invalid username or password.
httpx.HTTPStatusError: Client error '401 Unauthorized' for url 'https://huggingface.co/sentence-transformers/msmarco-mpnet-base-v4/resolve/main/modules.json'
For more information check: https://developer.mozilla.org/en-US/docs/Web/HTTP/Status/401

The above exception was the direct cause of the following exception:

Traceback (most recent call last):
  File ""/raid/brunoguilherme/DeepGenerativeTopicCluster/src/vaebm_benchmark/experiment/runner.py"", line 364, in run_single
    model.fit(documents)
  File ""/raid/brunoguilherme/DeepGenerativeTopicCluster/src/vaebm_benchmark/models/sbert_kmeans_adapter.py"", line 79, in fit
    self._encoder = SentenceTransformer(self.embedder_name)
                    ^^^^^^^^^^^^^^^^^^^^^^^^^^^^^^^^^^^^^^^
  File ""/raid/brunoguilherme/venvs/dgtc/lib/python3.12/site-packages/sentence_transformers/util/decorators.py"", line 46, in wrapper
    return func(*args, **kwargs)
           ^^^^^^^^^^^^^^^^^^^^^
huggingface_hub.errors.RepositoryNotFoundError: 401 Client Error. (Request ID: Root=1-6aa6f538-562a1f0f1e8618b30e1952bb;e221ed57-d692-4a80-a766-9e322b72d0a8)

Repository Not Found for url: https://huggingface.co/sentence-transformers/msmarco-mpnet-base-v4/resolve/main/modules.json.
Please make sure you specified the correct `repo_id` and `repo_type`.
If you are trying to access a private or gated repo, make sure you are authenticated and your token has the required permissions.
For more details, see https://huggingface.co/docs/huggingface_hub/authentication
Invalid username or password.
",ecrtm_hicot,15,palmetto_wikipedia,dieng_unique_words_top15,,
sbert_msmpnet,hicot_20ng,50,,,,,42,7.051,error,"401 Client Error. (Request ID: Root=1-6aa6f57b-6609e5f64f8ea32d2f850720;f5093802-ef4d-4c80-b501-c632b5d3cf36)

Repository Not Found for url: https://huggingface.co/sentence-transformers/msmarco-mpnet-base-v4/resolve/main/modules.json.
Please make sure you specified the correct `repo_id` and `repo_type`.
If you are trying to access a private or gated repo, make sure you are authenticated and your token has the required permissions.
For more details, see https://huggingface.co/docs/huggingface_hub/authentication
Invalid username or password.
httpx.HTTPStatusError: Client error '401 Unauthorized' for url 'https://huggingface.co/sentence-transformers/msmarco-mpnet-base-v4/resolve/main/modules.json'
For more information check: https://developer.mozilla.org/en-US/docs/Web/HTTP/Status/401

The above exception was the direct cause of the following exception:

Traceback (most recent call last):
  File ""/raid/brunoguilherme/DeepGenerativeTopicCluster/src/vaebm_benchmark/experiment/runner.py"", line 364, in run_single
    model.fit(documents)
  File ""/raid/brunoguilherme/DeepGenerativeTopicCluster/src/vaebm_benchmark/models/sbert_kmeans_adapter.py"", line 79, in fit
    self._encoder = SentenceTransformer(self.embedder_name)
                    ^^^^^^^^^^^^^^^^^^^^^^^^^^^^^^^^^^^^^^^
  File ""/raid/brunoguilherme/venvs/dgtc/lib/python3.12/site-packages/sentence_transformers/util/decorators.py"", line 46, in wrapper
    return func(*args, **kwargs)
           ^^^^^^^^^^^^^^^^^^^^^
huggingface_hub.errors.RepositoryNotFoundError: 401 Client Error. (Request ID: Root=1-6aa6f57b-6609e5f64f8ea32d2f850720;f5093802-ef4d-4c80-b501-c632b5d3cf36)

Repository Not Found for url: https://huggingface.co/sentence-transformers/msmarco-mpnet-base-v4/resolve/main/modules.json.
Please make sure you specified the correct `repo_id` and `repo_type`.
If you are trying to access a private or gated repo, make sure you are authenticated and your token has the required permissions.
For more details, see https://huggingface.co/docs/huggingface_hub/authentication
Invalid username or password.
",ecrtm_hicot,15,palmetto_wikipedia,dieng_unique_words_top15,,
sbert_msmpnet,hicot_20ng,100,,,,,42,7.484,error,"401 Client Error. (Request ID: Root=1-6aa6f5be-096b0bac30b93ea80e129c4b;5b2917a7-4f82-41ea-8697-f5f9d6bda78d)

Repository Not Found for url: https://huggingface.co/sentence-transformers/msmarco-mpnet-base-v4/resolve/main/modules.json.
Please make sure you specified the correct `repo_id` and `repo_type`.
If you are trying to access a private or gated repo, make sure you are authenticated and your token has the required permissions.
For more details, see https://huggingface.co/docs/huggingface_hub/authentication
Invalid username or password.
httpx.HTTPStatusError: Client error '401 Unauthorized' for url 'https://huggingface.co/sentence-transformers/msmarco-mpnet-base-v4/resolve/main/modules.json'
For more information check: https://developer.mozilla.org/en-US/docs/Web/HTTP/Status/401

The above exception was the direct cause of the following exception:

Traceback (most recent call last):
  File ""/raid/brunoguilherme/DeepGenerativeTopicCluster/src/vaebm_benchmark/experiment/runner.py"", line 364, in run_single
    model.fit(documents)
  File ""/raid/brunoguilherme/DeepGenerativeTopicCluster/src/vaebm_benchmark/models/sbert_kmeans_adapter.py"", line 79, in fit
    self._encoder = SentenceTransformer(self.embedder_name)
                    ^^^^^^^^^^^^^^^^^^^^^^^^^^^^^^^^^^^^^^^
  File ""/raid/brunoguilherme/venvs/dgtc/lib/python3.12/site-packages/sentence_transformers/util/decorators.py"", line 46, in wrapper
    return func(*args, **kwargs)
           ^^^^^^^^^^^^^^^^^^^^^
huggingface_hub.errors.RepositoryNotFoundError: 401 Client Error. (Request ID: Root=1-6aa6f5be-096b0bac30b93ea80e129c4b;5b2917a7-4f82-41ea-8697-f5f9d6bda78d)

Repository Not Found for url: https://huggingface.co/sentence-transformers/msmarco-mpnet-base-v4/resolve/main/modules.json.
Please make sure you specified the correct `repo_id` and `repo_type`.
If you are trying to access a private or gated repo, make sure you are authenticated and your token has the required permissions.
For more details, see https://huggingface.co/docs/huggingface_hub/authentication
Invalid username or password.
",ecrtm_hicot,15,palmetto_wikipedia,dieng_unique_words_top15,,
sbert_msmpnet,hicot_imdb,50,,,,,42,9.05,error,"401 Client Error. (Request ID: Root=1-6aa6f601-2a5d9f6f6af639ea17e97f17;9e0d9217-7dcf-4663-b934-151bd52c8fe7)

Repository Not Found for url: https://huggingface.co/sentence-transformers/msmarco-mpnet-base-v4/resolve/main/modules.json.
Please make sure you specified the correct `repo_id` and `repo_type`.
If you are trying to access a private or gated repo, make sure you are authenticated and your token has the required permissions.
For more details, see https://huggingface.co/docs/huggingface_hub/authentication
Invalid username or password.
httpx.HTTPStatusError: Client error '401 Unauthorized' for url 'https://huggingface.co/sentence-transformers/msmarco-mpnet-base-v4/resolve/main/modules.json'
For more information check: https://developer.mozilla.org/en-US/docs/Web/HTTP/Status/401

The above exception was the direct cause of the following exception:

Traceback (most recent call last):
  File ""/raid/brunoguilherme/DeepGenerativeTopicCluster/src/vaebm_benchmark/experiment/runner.py"", line 364, in run_single
    model.fit(documents)
  File ""/raid/brunoguilherme/DeepGenerativeTopicCluster/src/vaebm_benchmark/models/sbert_kmeans_adapter.py"", line 79, in fit
    self._encoder = SentenceTransformer(self.embedder_name)
                    ^^^^^^^^^^^^^^^^^^^^^^^^^^^^^^^^^^^^^^^
  File ""/raid/brunoguilherme/venvs/dgtc/lib/python3.12/site-packages/sentence_transformers/util/decorators.py"", line 46, in wrapper
    return func(*args, **kwargs)
           ^^^^^^^^^^^^^^^^^^^^^
huggingface_hub.errors.RepositoryNotFoundError: 401 Client Error. (Request ID: Root=1-6aa6f601-2a5d9f6f6af639ea17e97f17;9e0d9217-7dcf-4663-b934-151bd52c8fe7)

Repository Not Found for url: https://huggingface.co/sentence-transformers/msmarco-mpnet-base-v4/resolve/main/modules.json.
Please make sure you specified the correct `repo_id` and `repo_type`.
If you are trying to access a private or gated repo, make sure you are authenticated and your token has the required permissions.
For more details, see https://huggingface.co/docs/huggingface_hub/authentication
Invalid username or password.
",ecrtm_hicot,15,palmetto_wikipedia,dieng_unique_words_top15,,
sbert_msmpnet,hicot_imdb,100,,,,,42,9.06,error,"401 Client Error. (Request ID: Root=1-6aa6f645-54059aa428d845910fa9a97e;753c8d24-bf8d-4a63-bd68-fd9380eb585f)

Repository Not Found for url: https://huggingface.co/sentence-transformers/msmarco-mpnet-base-v4/resolve/main/modules.json.
Please make sure you specified the correct `repo_id` and `repo_type`.
If you are trying to access a private or gated repo, make sure you are authenticated and your token has the required permissions.
For more details, see https://huggingface.co/docs/huggingface_hub/authentication
Invalid username or password.
httpx.HTTPStatusError: Client error '401 Unauthorized' for url 'https://huggingface.co/sentence-transformers/msmarco-mpnet-base-v4/resolve/main/modules.json'
For more information check: https://developer.mozilla.org/en-US/docs/Web/HTTP/Status/401

The above exception was the direct cause of the following exception:

Traceback (most recent call last):
  File ""/raid/brunoguilherme/DeepGenerativeTopicCluster/src/vaebm_benchmark/experiment/runner.py"", line 364, in run_single
    model.fit(documents)
  File ""/raid/brunoguilherme/DeepGenerativeTopicCluster/src/vaebm_benchmark/models/sbert_kmeans_adapter.py"", line 79, in fit
    self._encoder = SentenceTransformer(self.embedder_name)
                    ^^^^^^^^^^^^^^^^^^^^^^^^^^^^^^^^^^^^^^^
  File ""/raid/brunoguilherme/venvs/dgtc/lib/python3.12/site-packages/sentence_transformers/util/decorators.py"", line 46, in wrapper
    return func(*args, **kwargs)
           ^^^^^^^^^^^^^^^^^^^^^
huggingface_hub.errors.RepositoryNotFoundError: 401 Client Error. (Request ID: Root=1-6aa6f645-54059aa428d845910fa9a97e;753c8d24-bf8d-4a63-bd68-fd9380eb585f)

Repository Not Found for url: https://huggingface.co/sentence-transformers/msmarco-mpnet-base-v4/resolve/main/modules.json.
Please make sure you specified the correct `repo_id` and `repo_type`.
If you are trying to access a private or gated repo, make sure you are authenticated and your token has the required permissions.
For more details, see https://huggingface.co/docs/huggingface_hub/authentication
Invalid username or password.
",ecrtm_hicot,15,palmetto_wikipedia,dieng_unique_words_top15,,
sbert_msmpnet,hicot_agnews,50,,,,,42,7.129,error,"401 Client Error. (Request ID: Root=1-6aa6f689-29fb4adf461db33b31230128;a70abfbd-3399-46f7-9139-d4953a6a08ea)

Repository Not Found for url: https://huggingface.co/sentence-transformers/msmarco-mpnet-base-v4/resolve/main/modules.json.
Please make sure you specified the correct `repo_id` and `repo_type`.
If you are trying to access a private or gated repo, make sure you are authenticated and your token has the required permissions.
For more details, see https://huggingface.co/docs/huggingface_hub/authentication
Invalid username or password.
httpx.HTTPStatusError: Client error '401 Unauthorized' for url 'https://huggingface.co/sentence-transformers/msmarco-mpnet-base-v4/resolve/main/modules.json'
For more information check: https://developer.mozilla.org/en-US/docs/Web/HTTP/Status/401

The above exception was the direct cause of the following exception:

Traceback (most recent call last):
  File ""/raid/brunoguilherme/DeepGenerativeTopicCluster/src/vaebm_benchmark/experiment/runner.py"", line 364, in run_single
    model.fit(documents)
  File ""/raid/brunoguilherme/DeepGenerativeTopicCluster/src/vaebm_benchmark/models/sbert_kmeans_adapter.py"", line 79, in fit
    self._encoder = SentenceTransformer(self.embedder_name)
                    ^^^^^^^^^^^^^^^^^^^^^^^^^^^^^^^^^^^^^^^
  File ""/raid/brunoguilherme/venvs/dgtc/lib/python3.12/site-packages/sentence_transformers/util/decorators.py"", line 46, in wrapper
    return func(*args, **kwargs)
           ^^^^^^^^^^^^^^^^^^^^^
huggingface_hub.errors.RepositoryNotFoundError: 401 Client Error. (Request ID: Root=1-6aa6f689-29fb4adf461db33b31230128;a70abfbd-3399-46f7-9139-d4953a6a08ea)

Repository Not Found for url: https://huggingface.co/sentence-transformers/msmarco-mpnet-base-v4/resolve/main/modules.json.
Please make sure you specified the correct `repo_id` and `repo_type`.
If you are trying to access a private or gated repo, make sure you are authenticated and your token has the required permissions.
For more details, see https://huggingface.co/docs/huggingface_hub/authentication
Invalid username or password.
",ecrtm_hicot,15,palmetto_wikipedia,dieng_unique_words_top15,,
sbert_msmpnet,hicot_agnews,100,,,,,42,7.444,error,"401 Client Error. (Request ID: Root=1-6aa6f6ca-1f9db00b6a9da2e10b3838e6;c0db346b-f6d9-4877-a7dd-831aa4d69bdd)

Repository Not Found for url: https://huggingface.co/sentence-transformers/msmarco-mpnet-base-v4/resolve/main/modules.json.
Please make sure you specified the correct `repo_id` and `repo_type`.
If you are trying to access a private or gated repo, make sure you are authenticated and your token has the required permissions.
For more details, see https://huggingface.co/docs/huggingface_hub/authentication
Invalid username or password.
httpx.HTTPStatusError: Client error '401 Unauthorized' for url 'https://huggingface.co/sentence-transformers/msmarco-mpnet-base-v4/resolve/main/modules.json'
For more information check: https://developer.mozilla.org/en-US/docs/Web/HTTP/Status/401

The above exception was the direct cause of the following exception:

Traceback (most recent call last):
  File ""/raid/brunoguilherme/DeepGenerativeTopicCluster/src/vaebm_benchmark/experiment/runner.py"", line 364, in run_single
    model.fit(documents)
  File ""/raid/brunoguilherme/DeepGenerativeTopicCluster/src/vaebm_benchmark/models/sbert_kmeans_adapter.py"", line 79, in fit
    self._encoder = SentenceTransformer(self.embedder_name)
                    ^^^^^^^^^^^^^^^^^^^^^^^^^^^^^^^^^^^^^^^
  File ""/raid/brunoguilherme/venvs/dgtc/lib/python3.12/site-packages/sentence_transformers/util/decorators.py"", line 46, in wrapper
    return func(*args, **kwargs)
           ^^^^^^^^^^^^^^^^^^^^^
huggingface_hub.errors.RepositoryNotFoundError: 401 Client Error. (Request ID: Root=1-6aa6f6ca-1f9db00b6a9da2e10b3838e6;c0db346b-f6d9-4877-a7dd-831aa4d69bdd)

Repository Not Found for url: https://huggingface.co/sentence-transformers/msmarco-mpnet-base-v4/resolve/main/modules.json.
Please make sure you specified the correct `repo_id` and `repo_type`.
If you are trying to access a private or gated repo, make sure you are authenticated and your token has the required permissions.
For more details, see https://huggingface.co/docs/huggingface_hub/authentication
Invalid username or password.
",ecrtm_hicot,15,palmetto_wikipedia,dieng_unique_words_top15,,
sbert_msmpnet,hicot_search_snippets,50,,,,,42,7.441,error,"401 Client Error. (Request ID: Root=1-6aa6f70e-2fae993f477e4a440bad1971;e0b6f2e5-80ec-402e-bcdc-7cc28b5f5398)

Repository Not Found for url: https://huggingface.co/sentence-transformers/msmarco-mpnet-base-v4/resolve/main/modules.json.
Please make sure you specified the correct `repo_id` and `repo_type`.
If you are trying to access a private or gated repo, make sure you are authenticated and your token has the required permissions.
For more details, see https://huggingface.co/docs/huggingface_hub/authentication
Invalid username or password.
httpx.HTTPStatusError: Client error '401 Unauthorized' for url 'https://huggingface.co/sentence-transformers/msmarco-mpnet-base-v4/resolve/main/modules.json'
For more information check: https://developer.mozilla.org/en-US/docs/Web/HTTP/Status/401

The above exception was the direct cause of the following exception:

Traceback (most recent call last):
  File ""/raid/brunoguilherme/DeepGenerativeTopicCluster/src/vaebm_benchmark/experiment/runner.py"", line 364, in run_single
    model.fit(documents)
  File ""/raid/brunoguilherme/DeepGenerativeTopicCluster/src/vaebm_benchmark/models/sbert_kmeans_adapter.py"", line 79, in fit
    self._encoder = SentenceTransformer(self.embedder_name)
                    ^^^^^^^^^^^^^^^^^^^^^^^^^^^^^^^^^^^^^^^
  File ""/raid/brunoguilherme/venvs/dgtc/lib/python3.12/site-packages/sentence_transformers/util/decorators.py"", line 46, in wrapper
    return func(*args, **kwargs)
           ^^^^^^^^^^^^^^^^^^^^^
huggingface_hub.errors.RepositoryNotFoundError: 401 Client Error. (Request ID: Root=1-6aa6f70e-2fae993f477e4a440bad1971;e0b6f2e5-80ec-402e-bcdc-7cc28b5f5398)

Repository Not Found for url: https://huggingface.co/sentence-transformers/msmarco-mpnet-base-v4/resolve/main/modules.json.
Please make sure you specified the correct `repo_id` and `repo_type`.
If you are trying to access a private or gated repo, make sure you are authenticated and your token has the required permissions.
For more details, see https://huggingface.co/docs/huggingface_hub/authentication
Invalid username or password.
",ecrtm_hicot,15,palmetto_wikipedia,dieng_unique_words_top15,,
sbert_msmpnet,hicot_search_snippets,100,,,,,42,7.886,error,"401 Client Error. (Request ID: Root=1-6aa6f754-6122ddc13bb7f17c3920d39f;e849b624-8e10-4880-a529-e63e3aff003f)

Repository Not Found for url: https://huggingface.co/sentence-transformers/msmarco-mpnet-base-v4/resolve/main/modules.json.
Please make sure you specified the correct `repo_id` and `repo_type`.
If you are trying to access a private or gated repo, make sure you are authenticated and your token has the required permissions.
For more details, see https://huggingface.co/docs/huggingface_hub/authentication
Invalid username or password.
httpx.HTTPStatusError: Client error '401 Unauthorized' for url 'https://huggingface.co/sentence-transformers/msmarco-mpnet-base-v4/resolve/main/modules.json'
For more information check: https://developer.mozilla.org/en-US/docs/Web/HTTP/Status/401

The above exception was the direct cause of the following exception:

Traceback (most recent call last):
  File ""/raid/brunoguilherme/DeepGenerativeTopicCluster/src/vaebm_benchmark/experiment/runner.py"", line 364, in run_single
    model.fit(documents)
  File ""/raid/brunoguilherme/DeepGenerativeTopicCluster/src/vaebm_benchmark/models/sbert_kmeans_adapter.py"", line 79, in fit
    self._encoder = SentenceTransformer(self.embedder_name)
                    ^^^^^^^^^^^^^^^^^^^^^^^^^^^^^^^^^^^^^^^
  File ""/raid/brunoguilherme/venvs/dgtc/lib/python3.12/site-packages/sentence_transformers/util/decorators.py"", line 46, in wrapper
    return func(*args, **kwargs)
           ^^^^^^^^^^^^^^^^^^^^^
huggingface_hub.errors.RepositoryNotFoundError: 401 Client Error. (Request ID: Root=1-6aa6f754-6122ddc13bb7f17c3920d39f;e849b624-8e10-4880-a529-e63e3aff003f)

Repository Not Found for url: https://huggingface.co/sentence-transformers/msmarco-mpnet-base-v4/resolve/main/modules.json.
Please make sure you specified the correct `repo_id` and `repo_type`.
If you are trying to access a private or gated repo, make sure you are authenticated and your token has the required permissions.
For more details, see https://huggingface.co/docs/huggingface_hub/authentication
Invalid username or password.
",ecrtm_hicot,15,palmetto_wikipedia,dieng_unique_words_top15,,
sbert_msmpnet,hicot_google_news,50,,,,,42,9.291,error,"401 Client Error. (Request ID: Root=1-6aa6f797-7215066e40fd72c25aff4efb;9f06e873-82f1-410e-8ee2-86198546e174)

Repository Not Found for url: https://huggingface.co/sentence-transformers/msmarco-mpnet-base-v4/resolve/main/modules.json.
Please make sure you specified the correct `repo_id` and `repo_type`.
If you are trying to access a private or gated repo, make sure you are authenticated and your token has the required permissions.
For more details, see https://huggingface.co/docs/huggingface_hub/authentication
Invalid username or password.
httpx.HTTPStatusError: Client error '401 Unauthorized' for url 'https://huggingface.co/sentence-transformers/msmarco-mpnet-base-v4/resolve/main/modules.json'
For more information check: https://developer.mozilla.org/en-US/docs/Web/HTTP/Status/401

The above exception was the direct cause of the following exception:

Traceback (most recent call last):
  File ""/raid/brunoguilherme/DeepGenerativeTopicCluster/src/vaebm_benchmark/experiment/runner.py"", line 364, in run_single
    model.fit(documents)
  File ""/raid/brunoguilherme/DeepGenerativeTopicCluster/src/vaebm_benchmark/models/sbert_kmeans_adapter.py"", line 79, in fit
    self._encoder = SentenceTransformer(self.embedder_name)
                    ^^^^^^^^^^^^^^^^^^^^^^^^^^^^^^^^^^^^^^^
  File ""/raid/brunoguilherme/venvs/dgtc/lib/python3.12/site-packages/sentence_transformers/util/decorators.py"", line 46, in wrapper
    return func(*args, **kwargs)
           ^^^^^^^^^^^^^^^^^^^^^
huggingface_hub.errors.RepositoryNotFoundError: 401 Client Error. (Request ID: Root=1-6aa6f797-7215066e40fd72c25aff4efb;9f06e873-82f1-410e-8ee2-86198546e174)

Repository Not Found for url: https://huggingface.co/sentence-transformers/msmarco-mpnet-base-v4/resolve/main/modules.json.
Please make sure you specified the correct `repo_id` and `repo_type`.
If you are trying to access a private or gated repo, make sure you are authenticated and your token has the required permissions.
For more details, see https://huggingface.co/docs/huggingface_hub/authentication
Invalid username or password.
",ecrtm_hicot,15,palmetto_wikipedia,dieng_unique_words_top15,,
sbert_msmpnet,hicot_google_news,100,,,,,42,8.299,error,"401 Client Error. (Request ID: Root=1-6aa6f7db-4d7cf1f4345207bd2eb3c057;70232c55-1fb3-4553-80af-a568746c4da6)

Repository Not Found for url: https://huggingface.co/sentence-transformers/msmarco-mpnet-base-v4/resolve/main/modules.json.
Please make sure you specified the correct `repo_id` and `repo_type`.
If you are trying to access a private or gated repo, make sure you are authenticated and your token has the required permissions.
For more details, see https://huggingface.co/docs/huggingface_hub/authentication
Invalid username or password.
httpx.HTTPStatusError: Client error '401 Unauthorized' for url 'https://huggingface.co/sentence-transformers/msmarco-mpnet-base-v4/resolve/main/modules.json'
For more information check: https://developer.mozilla.org/en-US/docs/Web/HTTP/Status/401

The above exception was the direct cause of the following exception:

Traceback (most recent call last):
  File ""/raid/brunoguilherme/DeepGenerativeTopicCluster/src/vaebm_benchmark/experiment/runner.py"", line 364, in run_single
    model.fit(documents)
  File ""/raid/brunoguilherme/DeepGenerativeTopicCluster/src/vaebm_benchmark/models/sbert_kmeans_adapter.py"", line 79, in fit
    self._encoder = SentenceTransformer(self.embedder_name)
                    ^^^^^^^^^^^^^^^^^^^^^^^^^^^^^^^^^^^^^^^
  File ""/raid/brunoguilherme/venvs/dgtc/lib/python3.12/site-packages/sentence_transformers/util/decorators.py"", line 46, in wrapper
    return func(*args, **kwargs)
           ^^^^^^^^^^^^^^^^^^^^^
huggingface_hub.errors.RepositoryNotFoundError: 401 Client Error. (Request ID: Root=1-6aa6f7db-4d7cf1f4345207bd2eb3c057;70232c55-1fb3-4553-80af-a568746c4da6)

Repository Not Found for url: https://huggingface.co/sentence-transformers/msmarco-mpnet-base-v4/resolve/main/modules.json.
Please make sure you specified the correct `repo_id` and `repo_type`.
If you are trying to access a private or gated repo, make sure you are authenticated and your token has the required permissions.
For more details, see https://huggingface.co/docs/huggingface_hub/authentication
Invalid username or password.
",ecrtm_hicot,15,palmetto_wikipedia,dieng_unique_words_top15,,
sbert_msdistilbert,20ng,50,,0.5002122466305847,0.41320561796037397,0.11333333333333333,42,172.33,ok,,ecrtm_hicot,15,palmetto_wikipedia,dieng_unique_words_top15,kmeans_on_embeddings,cluster-derived
sbert_msdistilbert,20ng,100,,0.5444126074498568,0.4096377880686673,0.142,42,208.275,ok,,ecrtm_hicot,15,palmetto_wikipedia,dieng_unique_words_top15,kmeans_on_embeddings,cluster-derived
sbert_msdistilbert,imdb,50,0.4539794,0.66968,0.03949655459221696,0.037333333333333336,42,444.148,ok,,ecrtm_hicot,15,palmetto_wikipedia,dieng_unique_words_top15,kmeans_on_embeddings,cluster-derived
sbert_msdistilbert,imdb,100,0.454988,0.67484,0.037149006059704254,0.027333333333333334,42,522.554,ok,,ecrtm_hicot,15,palmetto_wikipedia,dieng_unique_words_top15,kmeans_on_embeddings,cluster-derived
sbert_msdistilbert,agnews_short,50,0.46376379999999995,0.79675,0.3183766388243768,0.8106666666666666,42,95.329,ok,,ecrtm_hicot,15,palmetto_wikipedia,dieng_unique_words_top15,kmeans_on_embeddings,cluster-derived
sbert_msdistilbert,agnews_short,100,0.4572779,0.824375,0.3029750446628888,0.7753333333333333,42,150.461,ok,,ecrtm_hicot,15,palmetto_wikipedia,dieng_unique_words_top15,kmeans_on_embeddings,cluster-derived
sbert_msdistilbert,search_snippets,50,0.4372862,0.63387358184765,0.3094004443153032,0.7653333333333333,42,121.23,ok,,ecrtm_hicot,15,palmetto_wikipedia,dieng_unique_words_top15,kmeans_on_embeddings,cluster-derived
sbert_msdistilbert,search_snippets,100,0.4316056,0.6816045380875203,0.31991430431130075,0.6826666666666666,42,191.778,ok,,ecrtm_hicot,15,palmetto_wikipedia,dieng_unique_words_top15,kmeans_on_embeddings,cluster-derived
sbert_msdistilbert,stack_overflow,50,0.4308384,0.74655,0.624483896497192,0.376,42,80.015,ok,,ecrtm_hicot,15,palmetto_wikipedia,dieng_unique_words_top15,kmeans_on_embeddings,cluster-derived
sbert_msdistilbert,stack_overflow,100,0.4346492,0.76385,0.581833284447876,0.38133333333333336,42,139.922,ok,,ecrtm_hicot,15,palmetto_wikipedia,dieng_unique_words_top15,kmeans_on_embeddings,cluster-derived
sbert_msdistilbert,biomedical,50,0.5276522,0.4716,0.3543061899601561,0.38666666666666666,42,88.798,ok,,ecrtm_hicot,15,palmetto_wikipedia,dieng_unique_words_top15,kmeans_on_embeddings,cluster-derived
sbert_msdistilbert,biomedical,100,0.524998,0.4965,0.3494776426461144,0.388,42,139.388,ok,,ecrtm_hicot,15,palmetto_wikipedia,dieng_unique_words_top15,kmeans_on_embeddings,cluster-derived
sbert_msdistilbert,google_news_ts,50,0.4529334,0.6242686110360969,0.8159853493012431,0.896,42,101.428,ok,,ecrtm_hicot,15,palmetto_wikipedia,dieng_unique_words_top15,kmeans_on_embeddings,cluster-derived
sbert_msdistilbert,google_news_ts,100,0.4447717,0.811054100279053,0.8789971904666837,0.7886666666666666,42,184.511,ok,,ecrtm_hicot,15,palmetto_wikipedia,dieng_unique_words_top15,kmeans_on_embeddings,cluster-derived
sbert_msdistilbert,google_news_t,50,0.4245292,0.5685091825711199,0.7401995073023724,0.8906666666666667,42,100.533,ok,,ecrtm_hicot,15,palmetto_wikipedia,dieng_unique_words_top15,kmeans_on_embeddings,cluster-derived
sbert_msdistilbert,google_news_t,100,0.41639200000000004,0.7343356139719122,0.8168583476371687,0.788,42,201.109,ok,,ecrtm_hicot,15,palmetto_wikipedia,dieng_unique_words_top15,kmeans_on_embeddings,cluster-derived
sbert_msdistilbert,google_news_s,50,0.4525482,0.5845336694274397,0.7610906998317827,0.8906666666666667,42,101.483,ok,,ecrtm_hicot,15,palmetto_wikipedia,dieng_unique_words_top15,kmeans_on_embeddings,cluster-derived
sbert_msdistilbert,google_news_s,100,0.4430807,0.7542311847317249,0.8253999571805098,0.7633333333333333,42,182.854,ok,,ecrtm_hicot,15,palmetto_wikipedia,dieng_unique_words_top15,kmeans_on_embeddings,cluster-derived
sbert_msdistilbert,tweet,50,0.4062692,0.7787216828478964,0.7978082816840779,0.8386666666666667,42,95.825,ok,,ecrtm_hicot,15,palmetto_wikipedia,dieng_unique_words_top15,kmeans_on_embeddings,cluster-derived
sbert_msdistilbert,tweet,100,,0.8952265372168284,0.837299170190516,0.7666666666666667,42,174.306,ok,,ecrtm_hicot,15,palmetto_wikipedia,dieng_unique_words_top15,kmeans_on_embeddings,cluster-derived
sbert_msdistilbert,hicot_20ng,50,0.3974414,0.5038735010081715,0.41241646923813546,0.384,42,257.943,ok,,ecrtm_hicot,15,palmetto_wikipedia,dieng_unique_words_top15,kmeans_on_embeddings,cluster-derived
sbert_msdistilbert,hicot_20ng,100,0.4080367,0.51835933354558,0.40289976860117616,0.38333333333333336,42,421.173,ok,,ecrtm_hicot,15,palmetto_wikipedia,dieng_unique_words_top15,kmeans_on_embeddings,cluster-derived
sbert_msdistilbert,hicot_imdb,50,0.32546260000000005,0.66778,0.03902648502854877,0.13333333333333333,42,542.314,ok,,ecrtm_hicot,15,palmetto_wikipedia,dieng_unique_words_top15,kmeans_on_embeddings,cluster-derived
sbert_msdistilbert,hicot_imdb,100,,0.6767,0.03768852896956954,0.118,42,828.733,ok,,ecrtm_hicot,15,palmetto_wikipedia,dieng_unique_words_top15,kmeans_on_embeddings,cluster-derived
sbert_msdistilbert,hicot_agnews,50,0.4501688,0.79544,0.31900992057406824,0.756,42,132.6,ok,,ecrtm_hicot,15,palmetto_wikipedia,dieng_unique_words_top15,kmeans_on_embeddings,cluster-derived
sbert_msdistilbert,hicot_agnews,100,0.4367709,0.80448,0.2909627761300783,0.692,42,210.211,ok,,ecrtm_hicot,15,palmetto_wikipedia,dieng_unique_words_top15,kmeans_on_embeddings,cluster-derived
sbert_msdistilbert,hicot_search_snippets,50,0.4252826,0.6698389458272328,0.3295380526859195,0.748,42,117.629,ok,,ecrtm_hicot,15,palmetto_wikipedia,dieng_unique_words_top15,kmeans_on_embeddings,cluster-derived
sbert_msdistilbert,hicot_search_snippets,100,0.42999580000000004,0.720758093378884,0.34651549116857144,0.6746666666666666,42,192.731,ok,,ecrtm_hicot,15,palmetto_wikipedia,dieng_unique_words_top15,kmeans_on_embeddings,cluster-derived
sbert_msdistilbert,hicot_google_news,50,0.4153374,0.5825392503856974,0.7576740438917916,0.904,42,102.745,ok,,ecrtm_hicot,15,palmetto_wikipedia,dieng_unique_words_top15,kmeans_on_embeddings,cluster-derived
sbert_msdistilbert,hicot_google_news,100,0.4089754,0.7543334240856702,0.8319622940857153,0.796,42,198.445,ok,,ecrtm_hicot,15,palmetto_wikipedia,dieng_unique_words_top15,kmeans_on_embeddings,cluster-derived
sbert_distilroberta,20ng,50,0.47077918367346944,0.6044253422476918,0.5137778224428606,0.12266666666666666,42,155.152,ok,,ecrtm_hicot,15,palmetto_wikipedia,dieng_unique_words_top15,kmeans_on_embeddings,cluster-derived
sbert_distilroberta,20ng,100,0.47596636363636363,0.6217234426403481,0.4849428361274177,0.14933333333333335,42,192.454,ok,,ecrtm_hicot,15,palmetto_wikipedia,dieng_unique_words_top15,kmeans_on_embeddings,cluster-derived
sbert_distilroberta,imdb,50,0.452885,0.68826,0.051260374017372226,0.037333333333333336,42,417.313,ok,,ecrtm_hicot,15,palmetto_wikipedia,dieng_unique_words_top15,kmeans_on_embeddings,cluster-derived
sbert_distilroberta,imdb,100,0.4565364,0.71362,0.05386603278751333,0.028,42,483.322,ok,,ecrtm_hicot,15,palmetto_wikipedia,dieng_unique_words_top15,kmeans_on_embeddings,cluster-derived
sbert_distilroberta,agnews_short,50,0.4540954,0.86075,0.3648923297417199,0.848,42,91.027,ok,,ecrtm_hicot,15,palmetto_wikipedia,dieng_unique_words_top15,kmeans_on_embeddings,cluster-derived
sbert_distilroberta,agnews_short,100,0.4613565,0.862625,0.33174069835430925,0.7746666666666666,42,141.881,ok,,ecrtm_hicot,15,palmetto_wikipedia,dieng_unique_words_top15,kmeans_on_embeddings,cluster-derived
sbert_distilroberta,search_snippets,50,0.44453539999999997,0.8120745542949757,0.45903737696094077,0.812,42,103.305,ok,,ecrtm_hicot,15,palmetto_wikipedia,dieng_unique_words_top15,kmeans_on_embeddings,cluster-derived
sbert_distilroberta,search_snippets,100,0.4415961,0.8340356564019449,0.4371899853355747,0.7426666666666667,42,177.539,ok,,ecrtm_hicot,15,palmetto_wikipedia,dieng_unique_words_top15,kmeans_on_embeddings,cluster-derived
sbert_distilroberta,stack_overflow,50,0.4430384,0.74345,0.6340239133474198,0.3893333333333333,42,81.411,ok,,ecrtm_hicot,15,palmetto_wikipedia,dieng_unique_words_top15,kmeans_on_embeddings,cluster-derived
sbert_distilroberta,stack_overflow,100,0.4309301,0.7581,0.5866405943989919,0.3993333333333333,42,142.522,ok,,ecrtm_hicot,15,palmetto_wikipedia,dieng_unique_words_top15,kmeans_on_embeddings,cluster-derived
sbert_distilroberta,biomedical,50,0.5484144,0.53865,0.41367549468083453,0.4613333333333333,42,79.289,ok,,ecrtm_hicot,15,palmetto_wikipedia,dieng_unique_words_top15,kmeans_on_embeddings,cluster-derived
sbert_distilroberta,biomedical,100,0.5469393,0.5403,0.3935079613348182,0.456,42,124.488,ok,,ecrtm_hicot,15,palmetto_wikipedia,dieng_unique_words_top15,kmeans_on_embeddings,cluster-derived
sbert_distilroberta,google_news_ts,50,0.4579824,0.6333603384643082,0.8471098505211841,0.8986666666666666,42,104.772,ok,,ecrtm_hicot,15,palmetto_wikipedia,dieng_unique_words_top15,kmeans_on_embeddings,cluster-derived
sbert_distilroberta,google_news_ts,100,0.45054079999999996,0.8273471959672338,0.907252439217398,0.8046666666666666,42,180.038,ok,,ecrtm_hicot,15,palmetto_wikipedia,dieng_unique_words_top15,kmeans_on_embeddings,cluster-derived
sbert_distilroberta,google_news_t,50,0.42634819999999995,0.5781418797263234,0.7772117781761803,0.9053333333333333,42,98.547,ok,,ecrtm_hicot,15,palmetto_wikipedia,dieng_unique_words_top15,kmeans_on_embeddings,cluster-derived
sbert_distilroberta,google_news_t,100,0.409913,0.7531508822470292,0.8352450676816503,0.8086666666666666,42,195.526,ok,,ecrtm_hicot,15,palmetto_wikipedia,dieng_unique_words_top15,kmeans_on_embeddings,cluster-derived
sbert_distilroberta,google_news_s,50,0.457532,0.6166726683471372,0.8155482950254793,0.9026666666666666,42,104.125,ok,,ecrtm_hicot,15,palmetto_wikipedia,dieng_unique_words_top15,kmeans_on_embeddings,cluster-derived
sbert_distilroberta,google_news_s,100,0.44842950000000004,0.7944724522866402,0.8701315567795851,0.796,42,182.998,ok,,ecrtm_hicot,15,palmetto_wikipedia,dieng_unique_words_top15,kmeans_on_embeddings,cluster-derived
sbert_distilroberta,tweet,50,0.401575,0.8175566343042071,0.8612282086570672,0.8706666666666667,42,95.657,ok,,ecrtm_hicot,15,palmetto_wikipedia,dieng_unique_words_top15,kmeans_on_embeddings,cluster-derived
sbert_distilroberta,tweet,100,,0.9146440129449838,0.8587880349687331,0.76,42,185.358,ok,,ecrtm_hicot,15,palmetto_wikipedia,dieng_unique_words_top15,kmeans_on_embeddings,cluster-derived
sbert_distilroberta,hicot_20ng,50,0.42320660000000004,0.6030988008065372,0.5157241917671592,0.4053333333333333,42,247.384,ok,,ecrtm_hicot,15,palmetto_wikipedia,dieng_unique_words_top15,kmeans_on_embeddings,cluster-derived
sbert_distilroberta,hicot_20ng,100,0.4235984,0.62225405921681,0.4910153245952318,0.37533333333333335,42,387.975,ok,,ecrtm_hicot,15,palmetto_wikipedia,dieng_unique_words_top15,kmeans_on_embeddings,cluster-derived
sbert_distilroberta,hicot_imdb,50,0.320779,0.70602,0.05992395713392661,0.13333333333333333,42,548.189,ok,,ecrtm_hicot,15,palmetto_wikipedia,dieng_unique_words_top15,kmeans_on_embeddings,cluster-derived
sbert_distilroberta,hicot_imdb,100,,0.71908,0.055693495810261964,0.12266666666666666,42,842.121,ok,,ecrtm_hicot,15,palmetto_wikipedia,dieng_unique_words_top15,kmeans_on_embeddings,cluster-derived
sbert_distilroberta,hicot_agnews,50,0.4497256,0.83896,0.3504794282038026,0.8,42,121.991,ok,,ecrtm_hicot,15,palmetto_wikipedia,dieng_unique_words_top15,kmeans_on_embeddings,cluster-derived
sbert_distilroberta,hicot_agnews,100,0.4423099,0.84848,0.3226307407120895,0.706,42,187.716,ok,,ecrtm_hicot,15,palmetto_wikipedia,dieng_unique_words_top15,kmeans_on_embeddings,cluster-derived
sbert_distilroberta,hicot_search_snippets,50,0.4524474,0.8230844314299658,0.46950342003143436,0.84,42,99.079,ok,,ecrtm_hicot,15,palmetto_wikipedia,dieng_unique_words_top15,kmeans_on_embeddings,cluster-derived
sbert_distilroberta,hicot_search_snippets,100,0.44032069999999995,0.8422807873759558,0.445247882332956,0.7373333333333333,42,175.622,ok,,ecrtm_hicot,15,palmetto_wikipedia,dieng_unique_words_top15,kmeans_on_embeddings,cluster-derived
sbert_distilroberta,hicot_google_news,50,0.4227724,0.6114892458480806,0.7888803878242269,0.9133333333333333,42,99.78,ok,,ecrtm_hicot,15,palmetto_wikipedia,dieng_unique_words_top15,kmeans_on_embeddings,cluster-derived
sbert_distilroberta,hicot_google_news,100,0.4050009,0.7684907886378074,0.8503777848455432,0.8006666666666666,42,200.63,ok,,ecrtm_hicot,15,palmetto_wikipedia,dieng_unique_words_top15,kmeans_on_embeddings,cluster-derived
sbert_paraphrase,20ng,50,0.4685865306122449,0.5208001697973045,0.449472452348658,0.10933333333333334,42,178.008,ok,,ecrtm_hicot,15,palmetto_wikipedia,dieng_unique_words_top15,kmeans_on_embeddings,cluster-derived
sbert_paraphrase,20ng,100,0.47586343434343437,0.5566167887084793,0.43424571366224946,0.11466666666666667,42,185.721,ok,,ecrtm_hicot,15,palmetto_wikipedia,dieng_unique_words_top15,kmeans_on_embeddings,cluster-derived
sbert_paraphrase,imdb,50,0.451901,0.69228,0.05794954549752678,0.03866666666666667,42,358.675,ok,,ecrtm_hicot,15,palmetto_wikipedia,dieng_unique_words_top15,kmeans_on_embeddings,cluster-derived
sbert_paraphrase,imdb,100,0.45133639999999997,0.70734,0.055383732135321634,0.023333333333333334,42,418.224,ok,,ecrtm_hicot,15,palmetto_wikipedia,dieng_unique_words_top15,kmeans_on_embeddings,cluster-derived
sbert_paraphrase,agnews_short,50,0.46556159999999996,0.834625,0.347513269781818,0.8426666666666667,42,103.917,ok,,ecrtm_hicot,15,palmetto_wikipedia,dieng_unique_words_top15,kmeans_on_embeddings,cluster-derived
sbert_paraphrase,agnews_short,100,0.450684,0.853,0.32652626466325474,0.7606666666666667,42,157.244,ok,,ecrtm_hicot,15,palmetto_wikipedia,dieng_unique_words_top15,kmeans_on_embeddings,cluster-derived
sbert_paraphrase,search_snippets,50,0.4507714,0.8269854132901134,0.47338409796507896,0.86,42,118.57,ok,,ecrtm_hicot,15,palmetto_wikipedia,dieng_unique_words_top15,kmeans_on_embeddings,cluster-derived
sbert_paraphrase,search_snippets,100,0.44106029999999996,0.8481361426256078,0.4498146547194811,0.766,42,192.225,ok,,ecrtm_hicot,15,palmetto_wikipedia,dieng_unique_words_top15,kmeans_on_embeddings,cluster-derived
sbert_paraphrase,stack_overflow,50,0.4428674,0.78415,0.6560235728493141,0.388,42,91.949,ok,,ecrtm_hicot,15,palmetto_wikipedia,dieng_unique_words_top15,kmeans_on_embeddings,cluster-derived
sbert_paraphrase,stack_overflow,100,0.4268394,0.793,0.6073771556042279,0.382,42,156.164,ok,,ecrtm_hicot,15,palmetto_wikipedia,dieng_unique_words_top15,kmeans_on_embeddings,cluster-derived
sbert_paraphrase,biomedical,50,0.5572296,0.4993,0.3828503107537127,0.42933333333333334,42,97.063,ok,,ecrtm_hicot,15,palmetto_wikipedia,dieng_unique_words_top15,kmeans_on_embeddings,cluster-derived
sbert_paraphrase,biomedical,100,0.5446207,0.5166,0.371198580690896,0.43666666666666665,42,137.394,ok,,ecrtm_hicot,15,palmetto_wikipedia,dieng_unique_words_top15,kmeans_on_embeddings,cluster-derived
sbert_paraphrase,google_news_ts,50,0.4551024,0.6296696372310739,0.8411363646945093,0.9026666666666666,42,118.562,ok,,ecrtm_hicot,15,palmetto_wikipedia,dieng_unique_words_top15,kmeans_on_embeddings,cluster-derived
sbert_paraphrase,google_news_ts,100,0.4454444,0.8338284274012062,0.9031878808261221,0.8133333333333334,42,203.865,ok,,ecrtm_hicot,15,palmetto_wikipedia,dieng_unique_words_top15,kmeans_on_embeddings,cluster-derived
sbert_paraphrase,google_news_t,50,0.4217658,0.5549153763053655,0.7406741767950704,0.8946666666666667,42,107.089,ok,,ecrtm_hicot,15,palmetto_wikipedia,dieng_unique_words_top15,kmeans_on_embeddings,cluster-derived
sbert_paraphrase,google_news_t,100,0.4133276,0.7217320849837955,0.8063895921523573,0.792,42,196.287,ok,,ecrtm_hicot,15,palmetto_wikipedia,dieng_unique_words_top15,kmeans_on_embeddings,cluster-derived
sbert_paraphrase,google_news_s,50,0.4554422,0.5971371984155563,0.7902284585832949,0.876,42,115.675,ok,,ecrtm_hicot,15,palmetto_wikipedia,dieng_unique_words_top15,kmeans_on_embeddings,cluster-derived
sbert_paraphrase,google_news_s,100,0.4437814,0.7903312927619733,0.8572242167504976,0.7966666666666666,42,199.665,ok,,ecrtm_hicot,15,palmetto_wikipedia,dieng_unique_words_top15,kmeans_on_embeddings,cluster-derived
sbert_paraphrase,tweet,50,0.3973074,0.811084142394822,0.8477375778597266,0.8666666666666667,42,99.434,ok,,ecrtm_hicot,15,palmetto_wikipedia,dieng_unique_words_top15,kmeans_on_embeddings,cluster-derived
sbert_paraphrase,tweet,100,,0.8895631067961165,0.8442739070460898,0.758,42,183.226,ok,,ecrtm_hicot,15,palmetto_wikipedia,dieng_unique_words_top15,kmeans_on_embeddings,cluster-derived
sbert_paraphrase,hicot_20ng,50,0.4136956,0.5870211185397431,0.5072305968986391,0.42133333333333334,42,278.545,ok,,ecrtm_hicot,15,palmetto_wikipedia,dieng_unique_words_top15,kmeans_on_embeddings,cluster-derived
sbert_paraphrase,hicot_20ng,100,0.41900170000000003,0.6193887297039159,0.4945901474513931,0.39466666666666667,42,405.761,ok,,ecrtm_hicot,15,palmetto_wikipedia,dieng_unique_words_top15,kmeans_on_embeddings,cluster-derived
sbert_paraphrase,hicot_imdb,50,0.3310398,0.6832,0.04872798635940245,0.13733333333333334,42,618.537,ok,,ecrtm_hicot,15,palmetto_wikipedia,dieng_unique_words_top15,kmeans_on_embeddings,cluster-derived
sbert_paraphrase,hicot_imdb,100,,0.69306,0.045668173455534665,0.12066666666666667,42,914.909,ok,,ecrtm_hicot,15,palmetto_wikipedia,dieng_unique_words_top15,kmeans_on_embeddings,cluster-derived
sbert_paraphrase,hicot_agnews,50,0.4534972,0.83928,0.34623507227274236,0.7933333333333333,42,134.534,ok,,ecrtm_hicot,15,palmetto_wikipedia,dieng_unique_words_top15,kmeans_on_embeddings,cluster-derived
sbert_paraphrase,hicot_agnews,100,0.43509210000000004,0.84456,0.31990844797934964,0.6946666666666667,42,216.108,ok,,ecrtm_hicot,15,palmetto_wikipedia,dieng_unique_words_top15,kmeans_on_embeddings,cluster-derived
sbert_paraphrase,hicot_search_snippets,50,0.45285960000000003,0.8552952659834065,0.49542192800515017,0.8466666666666667,42,112.752,ok,,ecrtm_hicot,15,palmetto_wikipedia,dieng_unique_words_top15,kmeans_on_embeddings,cluster-derived
sbert_paraphrase,hicot_search_snippets,100,0.43973300000000004,0.851634943875061,0.4578235506793351,0.7446666666666667,42,186.367,ok,,ecrtm_hicot,15,palmetto_wikipedia,dieng_unique_words_top15,kmeans_on_embeddings,cluster-derived
sbert_paraphrase,hicot_google_news,50,0.42671840000000005,0.5526817315545876,0.7486579356722121,0.9,42,102.615,ok,,ecrtm_hicot,15,palmetto_wikipedia,dieng_unique_words_top15,kmeans_on_embeddings,cluster-derived
sbert_paraphrase,hicot_google_news,100,0.4042971,0.7314638351937562,0.8097035097760532,0.794,42,210.746,ok,,ecrtm_hicot,15,palmetto_wikipedia,dieng_unique_words_top15,kmeans_on_embeddings,cluster-derived
sbert_distilbert,20ng,50,,0.4206728218189536,0.32779985588714944,0.104,42,121.716,ok,,ecrtm_hicot,15,palmetto_wikipedia,dieng_unique_words_top15,kmeans_on_embeddings,cluster-derived
sbert_distilbert,20ng,100,,0.4372811206622095,0.31940740473074436,0.122,42,151.045,ok,,ecrtm_hicot,15,palmetto_wikipedia,dieng_unique_words_top15,kmeans_on_embeddings,cluster-derived
sbert_distilbert,imdb,50,0.4504872,0.71386,0.06393326854296762,0.030666666666666665,42,243.325,ok,,ecrtm_hicot,15,palmetto_wikipedia,dieng_unique_words_top15,kmeans_on_embeddings,cluster-derived
sbert_distilbert,imdb,100,0.45145919999999995,0.72414,0.05845125043530145,0.02,42,311.717,ok,,ecrtm_hicot,15,palmetto_wikipedia,dieng_unique_words_top15,kmeans_on_embeddings,cluster-derived
sbert_distilbert,agnews_short,50,0.47259,0.7285,0.26361852865365487,0.8053333333333333,42,85.437,ok,,ecrtm_hicot,15,palmetto_wikipedia,dieng_unique_words_top15,kmeans_on_embeddings,cluster-derived
sbert_distilbert,agnews_short,100,0.4675164,0.760625,0.2557038352405581,0.7513333333333333,42,133.107,ok,,ecrtm_hicot,15,palmetto_wikipedia,dieng_unique_words_top15,kmeans_on_embeddings,cluster-derived
sbert_distilbert,search_snippets,50,0.44009560000000003,0.6725283630470016,0.3405560854250843,0.796,42,115.307,ok,,ecrtm_hicot,15,palmetto_wikipedia,dieng_unique_words_top15,kmeans_on_embeddings,cluster-derived
sbert_distilbert,search_snippets,100,0.4426311,0.7054294975688817,0.33567009588511343,0.71,42,185.932,ok,,ecrtm_hicot,15,palmetto_wikipedia,dieng_unique_words_top15,kmeans_on_embeddings,cluster-derived
sbert_distilbert,stack_overflow,50,0.4404662,0.6257,0.4979524467900312,0.34,42,75.921,ok,,ecrtm_hicot,15,palmetto_wikipedia,dieng_unique_words_top15,kmeans_on_embeddings,cluster-derived
sbert_distilbert,stack_overflow,100,0.437467,0.65485,0.4771026820279869,0.35133333333333333,42,138.89,ok,,ecrtm_hicot,15,palmetto_wikipedia,dieng_unique_words_top15,kmeans_on_embeddings,cluster-derived
sbert_distilbert,biomedical,50,0.5370068,0.43575,0.31785662361097194,0.3466666666666667,42,87.122,ok,,ecrtm_hicot,15,palmetto_wikipedia,dieng_unique_words_top15,kmeans_on_embeddings,cluster-derived
sbert_distilbert,biomedical,100,0.5417528,0.45665,0.3153845691463842,0.37866666666666665,42,139.439,ok,,ecrtm_hicot,15,palmetto_wikipedia,dieng_unique_words_top15,kmeans_on_embeddings,cluster-derived
sbert_distilbert,google_news_ts,50,0.4550056,0.6043748312179315,0.78927169061815,0.888,42,99.357,ok,,ecrtm_hicot,15,palmetto_wikipedia,dieng_unique_words_top15,kmeans_on_embeddings,cluster-derived
sbert_distilbert,google_news_ts,100,0.44873240000000003,0.7873796021244036,0.8637069401319865,0.802,42,185.224,ok,,ecrtm_hicot,15,palmetto_wikipedia,dieng_unique_words_top15,kmeans_on_embeddings,cluster-derived
sbert_distilbert,google_news_t,50,0.43066879999999996,0.5208858480374505,0.6827650002013779,0.9053333333333333,42,100.271,ok,,ecrtm_hicot,15,palmetto_wikipedia,dieng_unique_words_top15,kmeans_on_embeddings,cluster-derived
sbert_distilbert,google_news_t,100,0.4179654,0.6914836154123154,0.7630104174406782,0.7866666666666666,42,200.272,ok,,ecrtm_hicot,15,palmetto_wikipedia,dieng_unique_words_top15,kmeans_on_embeddings,cluster-derived
sbert_distilbert,google_news_s,50,0.44833019999999996,0.5689593086064098,0.728873312536523,0.8893333333333333,42,105.002,ok,,ecrtm_hicot,15,palmetto_wikipedia,dieng_unique_words_top15,kmeans_on_embeddings,cluster-derived
sbert_distilbert,google_news_s,100,0.4481627,0.7139899171768095,0.7926588113729683,0.768,42,184.733,ok,,ecrtm_hicot,15,palmetto_wikipedia,dieng_unique_words_top15,kmeans_on_embeddings,cluster-derived
sbert_distilbert,tweet,50,0.4081524,0.7285598705501618,0.7624204737010516,0.844,42,94.29,ok,,ecrtm_hicot,15,palmetto_wikipedia,dieng_unique_words_top15,kmeans_on_embeddings,cluster-derived
sbert_distilbert,tweet,100,,0.8414239482200647,0.7961295061071278,0.7626666666666667,42,167.213,ok,,ecrtm_hicot,15,palmetto_wikipedia,dieng_unique_words_top15,kmeans_on_embeddings,cluster-derived
sbert_distilbert,hicot_20ng,50,0.40903779999999995,0.45351798790194203,0.3594272552130143,0.3333333333333333,42,265.383,ok,,ecrtm_hicot,15,palmetto_wikipedia,dieng_unique_words_top15,kmeans_on_embeddings,cluster-derived
sbert_distilbert,hicot_20ng,100,0.41319409999999995,0.482489652976759,0.3562238986341866,0.328,42,434.267,ok,,ecrtm_hicot,15,palmetto_wikipedia,dieng_unique_words_top15,kmeans_on_embeddings,cluster-derived
sbert_distilbert,hicot_imdb,50,0.318417,0.70278,0.06321162634222416,0.10133333333333333,42,526.567,ok,,ecrtm_hicot,15,palmetto_wikipedia,dieng_unique_words_top15,kmeans_on_embeddings,cluster-derived
sbert_distilbert,hicot_imdb,100,,0.71738,0.058504598896597274,0.092,42,807.573,ok,,ecrtm_hicot,15,palmetto_wikipedia,dieng_unique_words_top15,kmeans_on_embeddings,cluster-derived
sbert_distilbert,hicot_agnews,50,0.450601,0.72512,0.26238570520265936,0.732,42,144.221,ok,,ecrtm_hicot,15,palmetto_wikipedia,dieng_unique_words_top15,kmeans_on_embeddings,cluster-derived
sbert_distilbert,hicot_agnews,100,0.4486808,0.74384,0.24390680997712863,0.6806666666666666,42,214.264,ok,,ecrtm_hicot,15,palmetto_wikipedia,dieng_unique_words_top15,kmeans_on_embeddings,cluster-derived
sbert_distilbert,hicot_search_snippets,50,0.4349552,0.7131120871970067,0.36799554237038534,0.8013333333333333,42,106.693,ok,,ecrtm_hicot,15,palmetto_wikipedia,dieng_unique_words_top15,kmeans_on_embeddings,cluster-derived
sbert_distilbert,hicot_search_snippets,100,0.4404687,0.7517488205628762,0.36655655031082723,0.7093333333333334,42,180.195,ok,,ecrtm_hicot,15,palmetto_wikipedia,dieng_unique_words_top15,kmeans_on_embeddings,cluster-derived
sbert_distilbert,hicot_google_news,50,0.422232,0.5240039931028224,0.6984601250828884,0.8866666666666667,42,102.337,ok,,ecrtm_hicot,15,palmetto_wikipedia,dieng_unique_words_top15,kmeans_on_embeddings,cluster-derived
sbert_distilbert,hicot_google_news,100,0.4136923,0.6988837462564661,0.7807571885178641,0.7926666666666666,42,193.268,ok,,ecrtm_hicot,15,palmetto_wikipedia,dieng_unique_words_top15,kmeans_on_embeddings,cluster-derived
